path	@id	schema
/schema:subjectOf	http://schema.org/subjectOf	https://raw.githubusercontent.com/amds-ldeo/geochemBuildingBlocks/undefined/build/annotated/BaseSchema/geochemProduct/schema.yaml
/schema:subjectOf/dcterms:conformsTo	http://purl.org/dc/terms/conformsTo	https://raw.githubusercontent.com/amds-ldeo/geochemBuildingBlocks/undefined/build/annotated/BaseSchema/geochemProduct/schema.yaml
/schema:name	http://schema.org/name	https://cross-domain-interoperability-framework.github.io/metadataBuildingBlocks/build/annotated/bbr/metadata/profiles/cdifProfile/cdifCore/schema.yaml
/schema:description	http://schema.org/description	https://cross-domain-interoperability-framework.github.io/metadataBuildingBlocks/build/annotated/bbr/metadata/profiles/cdifProfile/cdifCore/schema.yaml
/schema:identifier	http://schema.org/identifier	https://cross-domain-interoperability-framework.github.io/metadataBuildingBlocks/build/annotated/bbr/metadata/profiles/cdifProfile/cdifCore/schema.yaml
/schema:identifier/_anyOf/0/schema:propertyID	http://schema.org/propertyID	https://cross-domain-interoperability-framework.github.io/metadataBuildingBlocks/build/annotated/bbr/metadata/schemaorgProperties/identifier/schema.yaml
/schema:identifier/_anyOf/0/schema:value	http://schema.org/value	https://cross-domain-interoperability-framework.github.io/metadataBuildingBlocks/build/annotated/bbr/metadata/schemaorgProperties/identifier/schema.yaml
/schema:identifier/_anyOf/0/schema:url	http://schema.org/url	https://cross-domain-interoperability-framework.github.io/metadataBuildingBlocks/build/annotated/bbr/metadata/schemaorgProperties/identifier/schema.yaml
/schema:additionalType	http://schema.org/additionalType	https://cross-domain-interoperability-framework.github.io/metadataBuildingBlocks/build/annotated/bbr/metadata/profiles/cdifProfile/cdifCore/schema.yaml
/schema:additionalType/_anyOf/1/_anyOf/1/schema:name	http://schema.org/name	https://cross-domain-interoperability-framework.github.io/metadataBuildingBlocks/build/annotated/bbr/metadata/schemaorgProperties/definedTerm/schema.yaml
/schema:additionalType/_anyOf/1/_anyOf/1/schema:identifier	http://schema.org/identifier	https://cross-domain-interoperability-framework.github.io/metadataBuildingBlocks/build/annotated/bbr/metadata/schemaorgProperties/definedTerm/schema.yaml
/schema:additionalType/_anyOf/1/_anyOf/1/schema:inDefinedTermSet	http://schema.org/inDefinedTermSet	https://cross-domain-interoperability-framework.github.io/metadataBuildingBlocks/build/annotated/bbr/metadata/schemaorgProperties/definedTerm/schema.yaml
/schema:additionalType/_anyOf/1/_anyOf/1/schema:termCode	http://schema.org/termCode	https://cross-domain-interoperability-framework.github.io/metadataBuildingBlocks/build/annotated/bbr/metadata/schemaorgProperties/definedTerm/schema.yaml
/schema:additionalType/_anyOf/1/_anyOf/2/skos:prefLabel		https://cross-domain-interoperability-framework.github.io/metadataBuildingBlocks/build/annotated/bbr/metadata/profiles/cdifProfile/cdifConceptScheme/schema.yaml
/schema:additionalType/_anyOf/1/_anyOf/2/skos:notation		https://cross-domain-interoperability-framework.github.io/metadataBuildingBlocks/build/annotated/bbr/metadata/profiles/cdifProfile/cdifConceptScheme/schema.yaml
/schema:additionalType/_anyOf/1/_anyOf/2/skos:definition		https://cross-domain-interoperability-framework.github.io/metadataBuildingBlocks/build/annotated/bbr/metadata/profiles/cdifProfile/cdifConceptScheme/schema.yaml
/schema:additionalType/_anyOf/1/_anyOf/2/skos:note		https://cross-domain-interoperability-framework.github.io/metadataBuildingBlocks/build/annotated/bbr/metadata/profiles/cdifProfile/cdifConceptScheme/schema.yaml
/schema:additionalType/_anyOf/1/_anyOf/2/skos:inScheme		https://cross-domain-interoperability-framework.github.io/metadataBuildingBlocks/build/annotated/bbr/metadata/profiles/cdifProfile/cdifConceptScheme/schema.yaml
/schema:additionalType/_anyOf/1/_anyOf/2/skos:broader		https://cross-domain-interoperability-framework.github.io/metadataBuildingBlocks/build/annotated/bbr/metadata/profiles/cdifProfile/cdifConceptScheme/schema.yaml
/schema:additionalType/_anyOf/1/_anyOf/2/skos:narrower		https://cross-domain-interoperability-framework.github.io/metadataBuildingBlocks/build/annotated/bbr/metadata/profiles/cdifProfile/cdifConceptScheme/schema.yaml
/schema:sameAs	http://schema.org/sameAs	https://cross-domain-interoperability-framework.github.io/metadataBuildingBlocks/build/annotated/bbr/metadata/profiles/cdifProfile/cdifCore/schema.yaml
/schema:version	http://schema.org/version	https://cross-domain-interoperability-framework.github.io/metadataBuildingBlocks/build/annotated/bbr/metadata/profiles/cdifProfile/cdifCore/schema.yaml
/schema:inLanguage	http://schema.org/inLanguage	https://cross-domain-interoperability-framework.github.io/metadataBuildingBlocks/build/annotated/bbr/metadata/profiles/cdifProfile/cdifCore/schema.yaml
/schema:dateModified	http://schema.org/dateModified	https://cross-domain-interoperability-framework.github.io/metadataBuildingBlocks/build/annotated/bbr/metadata/profiles/cdifProfile/cdifCore/schema.yaml
/schema:datePublished	http://schema.org/datePublished	https://cross-domain-interoperability-framework.github.io/metadataBuildingBlocks/build/annotated/bbr/metadata/profiles/cdifProfile/cdifCore/schema.yaml
/schema:conditionsOfAccess	http://schema.org/conditionsOfAccess	https://cross-domain-interoperability-framework.github.io/metadataBuildingBlocks/build/annotated/bbr/metadata/profiles/cdifProfile/cdifCore/schema.yaml
/schema:conditionsOfAccess/_anyOf/2/schema:name	http://schema.org/name	https://cross-domain-interoperability-framework.github.io/metadataBuildingBlocks/build/annotated/bbr/metadata/schemaorgProperties/labeledLink/schema.yaml
/schema:conditionsOfAccess/_anyOf/2/schema:description	http://schema.org/description	https://cross-domain-interoperability-framework.github.io/metadataBuildingBlocks/build/annotated/bbr/metadata/schemaorgProperties/labeledLink/schema.yaml
/schema:conditionsOfAccess/_anyOf/2/schema:url	http://schema.org/url	https://cross-domain-interoperability-framework.github.io/metadataBuildingBlocks/build/annotated/bbr/metadata/schemaorgProperties/labeledLink/schema.yaml
/schema:conditionsOfAccess/_anyOf/2/dcat:hadRole	http://www.w3.org/ns/dcat#hadRole	https://cross-domain-interoperability-framework.github.io/metadataBuildingBlocks/build/annotated/bbr/metadata/cdifDataType/cdifReference/schema.yaml
/schema:conditionsOfAccess/_anyOf/2/dcterms:relation	http://purl.org/dc/terms/relation	https://cross-domain-interoperability-framework.github.io/metadataBuildingBlocks/build/annotated/bbr/metadata/cdifDataType/cdifReference/schema.yaml
/schema:license	http://schema.org/license	https://raw.githubusercontent.com/amds-ldeo/geochemBuildingBlocks/undefined/build/annotated/BaseSchema/geochemProduct/schema.yaml
/schema:url	http://schema.org/url	https://cross-domain-interoperability-framework.github.io/metadataBuildingBlocks/build/annotated/bbr/metadata/profiles/cdifProfile/cdifCore/schema.yaml
/schema:distribution	http://schema.org/distribution	https://raw.githubusercontent.com/amds-ldeo/geochemBuildingBlocks/undefined/build/annotated/BaseSchema/geochemProduct/schema.yaml
/schema:distribution/_anyOf/0/schema:name	http://schema.org/name	https://cross-domain-interoperability-framework.github.io/metadataBuildingBlocks/build/annotated/bbr/metadata/schemaorgProperties/dataDownload/schema.yaml
/schema:distribution/_anyOf/0/schema:description	http://schema.org/description	https://cross-domain-interoperability-framework.github.io/metadataBuildingBlocks/build/annotated/bbr/metadata/schemaorgProperties/dataDownload/schema.yaml
/schema:distribution/_anyOf/0/schema:contentUrl	http://schema.org/contentUrl	https://cross-domain-interoperability-framework.github.io/metadataBuildingBlocks/build/annotated/bbr/metadata/schemaorgProperties/dataDownload/schema.yaml
/schema:distribution/_anyOf/0/schema:encodingFormat	http://schema.org/encodingFormat	https://cross-domain-interoperability-framework.github.io/metadataBuildingBlocks/build/annotated/bbr/metadata/schemaorgProperties/dataDownload/schema.yaml
/schema:distribution/_anyOf/0/schema:contentSize	http://schema.org/contentSize	https://cross-domain-interoperability-framework.github.io/metadataBuildingBlocks/build/annotated/bbr/metadata/schemaorgProperties/dataDownload/schema.yaml
/schema:distribution/_anyOf/0/spdx:checksum		https://cross-domain-interoperability-framework.github.io/metadataBuildingBlocks/build/annotated/bbr/metadata/schemaorgProperties/dataDownload/schema.yaml
/schema:distribution/_anyOf/0/spdx:checksum/spdx:algorithm		https://cross-domain-interoperability-framework.github.io/metadataBuildingBlocks/build/annotated/bbr/metadata/schemaorgProperties/dataDownload/schema.yaml
/schema:distribution/_anyOf/0/spdx:checksum/spdx:checksumValue		https://cross-domain-interoperability-framework.github.io/metadataBuildingBlocks/build/annotated/bbr/metadata/schemaorgProperties/dataDownload/schema.yaml
/schema:distribution/_anyOf/0/dcterms:conformsTo		https://cross-domain-interoperability-framework.github.io/metadataBuildingBlocks/build/annotated/bbr/metadata/schemaorgProperties/dataDownload/schema.yaml
/schema:distribution/_anyOf/0/schema:provider	http://schema.org/provider	https://cross-domain-interoperability-framework.github.io/metadataBuildingBlocks/build/annotated/bbr/metadata/schemaorgProperties/dataDownload/schema.yaml
/schema:distribution/_anyOf/0/schema:provider/_anyOf/1/schema:name	http://schema.org/name	https://cross-domain-interoperability-framework.github.io/metadataBuildingBlocks/build/annotated/bbr/metadata/schemaorgProperties/person/schema.yaml
/schema:distribution/_anyOf/0/schema:provider/_anyOf/1/schema:description	http://schema.org/description	https://cross-domain-interoperability-framework.github.io/metadataBuildingBlocks/build/annotated/bbr/metadata/schemaorgProperties/person/schema.yaml
/schema:distribution/_anyOf/0/schema:provider/_anyOf/1/schema:identifier	http://schema.org/identifier	https://cross-domain-interoperability-framework.github.io/metadataBuildingBlocks/build/annotated/bbr/metadata/schemaorgProperties/person/schema.yaml
/schema:distribution/_anyOf/0/schema:provider/_anyOf/1/schema:alternateName	http://schema.org/alternateName	https://cross-domain-interoperability-framework.github.io/metadataBuildingBlocks/build/annotated/bbr/metadata/schemaorgProperties/person/schema.yaml
/schema:distribution/_anyOf/0/schema:provider/_anyOf/1/schema:affiliation	http://schema.org/affiliation	https://cross-domain-interoperability-framework.github.io/metadataBuildingBlocks/build/annotated/bbr/metadata/schemaorgProperties/person/schema.yaml
/schema:distribution/_anyOf/0/schema:provider/_anyOf/1/schema:affiliation/schema:additionalType	http://schema.org/additionalType	https://cross-domain-interoperability-framework.github.io/metadataBuildingBlocks/build/annotated/bbr/metadata/schemaorgProperties/organization/schema.yaml
/schema:distribution/_anyOf/0/schema:provider/_anyOf/1/schema:affiliation/schema:name	http://schema.org/name	https://cross-domain-interoperability-framework.github.io/metadataBuildingBlocks/build/annotated/bbr/metadata/schemaorgProperties/organization/schema.yaml
/schema:distribution/_anyOf/0/schema:provider/_anyOf/1/schema:affiliation/schema:alternateName	http://schema.org/alternateName	https://cross-domain-interoperability-framework.github.io/metadataBuildingBlocks/build/annotated/bbr/metadata/schemaorgProperties/organization/schema.yaml
/schema:distribution/_anyOf/0/schema:provider/_anyOf/1/schema:affiliation/schema:description	http://schema.org/description	https://cross-domain-interoperability-framework.github.io/metadataBuildingBlocks/build/annotated/bbr/metadata/schemaorgProperties/organization/schema.yaml
/schema:distribution/_anyOf/0/schema:provider/_anyOf/1/schema:affiliation/schema:identifier	http://schema.org/identifier	https://cross-domain-interoperability-framework.github.io/metadataBuildingBlocks/build/annotated/bbr/metadata/schemaorgProperties/organization/schema.yaml
/schema:distribution/_anyOf/0/schema:provider/_anyOf/1/schema:affiliation/schema:sameAs	http://schema.org/sameAs	https://cross-domain-interoperability-framework.github.io/metadataBuildingBlocks/build/annotated/bbr/metadata/schemaorgProperties/organization/schema.yaml
/schema:distribution/_anyOf/0/schema:provider/_anyOf/1/schema:contactPoint	http://schema.org/contactPoint	https://cross-domain-interoperability-framework.github.io/metadataBuildingBlocks/build/annotated/bbr/metadata/schemaorgProperties/person/schema.yaml
/schema:distribution/_anyOf/0/schema:provider/_anyOf/1/schema:contactPoint/schema:email	http://schema.org/email	https://cross-domain-interoperability-framework.github.io/metadataBuildingBlocks/build/annotated/bbr/metadata/schemaorgProperties/person/schema.yaml
/schema:distribution/_anyOf/0/schema:provider/_anyOf/1/schema:sameAs	http://schema.org/sameAs	https://cross-domain-interoperability-framework.github.io/metadataBuildingBlocks/build/annotated/bbr/metadata/schemaorgProperties/person/schema.yaml
/schema:distribution/_anyOf/1/schema:serviceType	http://schema.org/serviceType	https://cross-domain-interoperability-framework.github.io/metadataBuildingBlocks/build/annotated/bbr/metadata/schemaorgProperties/webAPI/schema.yaml
/schema:distribution/_anyOf/1/schema:termsOfService	http://schema.org/termsOfService	https://cross-domain-interoperability-framework.github.io/metadataBuildingBlocks/build/annotated/bbr/metadata/schemaorgProperties/webAPI/schema.yaml
/schema:distribution/_anyOf/1/schema:documentation	http://schema.org/documentation	https://cross-domain-interoperability-framework.github.io/metadataBuildingBlocks/build/annotated/bbr/metadata/schemaorgProperties/webAPI/schema.yaml
/schema:distribution/_anyOf/1/schema:potentialAction	http://schema.org/potentialAction	https://cross-domain-interoperability-framework.github.io/metadataBuildingBlocks/build/annotated/bbr/metadata/schemaorgProperties/webAPI/schema.yaml
/schema:distribution/_anyOf/1/schema:potentialAction/schema:name	http://schema.org/name	https://cross-domain-interoperability-framework.github.io/metadataBuildingBlocks/build/annotated/bbr/metadata/schemaorgProperties/action/schema.yaml
/schema:distribution/_anyOf/1/schema:potentialAction/schema:target	http://schema.org/target	https://cross-domain-interoperability-framework.github.io/metadataBuildingBlocks/build/annotated/bbr/metadata/schemaorgProperties/action/schema.yaml
/schema:distribution/_anyOf/1/schema:potentialAction/schema:target/schema:description	http://schema.org/description	https://cross-domain-interoperability-framework.github.io/metadataBuildingBlocks/build/annotated/bbr/metadata/schemaorgProperties/action/schema.yaml
/schema:distribution/_anyOf/1/schema:potentialAction/schema:target/schema:urlTemplate	http://schema.org/urlTemplate	https://cross-domain-interoperability-framework.github.io/metadataBuildingBlocks/build/annotated/bbr/metadata/schemaorgProperties/action/schema.yaml
/schema:distribution/_anyOf/1/schema:potentialAction/schema:target/schema:httpMethod	http://schema.org/httpMethod	https://cross-domain-interoperability-framework.github.io/metadataBuildingBlocks/build/annotated/bbr/metadata/schemaorgProperties/action/schema.yaml
/schema:distribution/_anyOf/1/schema:potentialAction/schema:target/schema:contentType	http://schema.org/contentType	https://cross-domain-interoperability-framework.github.io/metadataBuildingBlocks/build/annotated/bbr/metadata/schemaorgProperties/action/schema.yaml
/schema:distribution/_anyOf/1/schema:potentialAction/schema:result	http://schema.org/result	https://cross-domain-interoperability-framework.github.io/metadataBuildingBlocks/build/annotated/bbr/metadata/schemaorgProperties/action/schema.yaml
/schema:distribution/_anyOf/1/schema:potentialAction/schema:result/schema:name	http://schema.org/name	https://cross-domain-interoperability-framework.github.io/metadataBuildingBlocks/build/annotated/bbr/metadata/schemaorgProperties/actionResult/schema.yaml
/schema:distribution/_anyOf/1/schema:potentialAction/schema:result/schema:description	http://schema.org/description	https://cross-domain-interoperability-framework.github.io/metadataBuildingBlocks/build/annotated/bbr/metadata/schemaorgProperties/actionResult/schema.yaml
/schema:distribution/_anyOf/1/schema:potentialAction/schema:result/schema:encodingFormat	http://schema.org/encodingFormat	https://cross-domain-interoperability-framework.github.io/metadataBuildingBlocks/build/annotated/bbr/metadata/schemaorgProperties/actionResult/schema.yaml
/schema:distribution/_anyOf/1/schema:potentialAction/schema:result/dcterms:conformsTo	http://purl.org/dc/terms/conformsTo	https://cross-domain-interoperability-framework.github.io/metadataBuildingBlocks/build/annotated/bbr/metadata/schemaorgProperties/actionResult/schema.yaml
/schema:distribution/_anyOf/1/schema:potentialAction/schema:object	http://schema.org/object	https://cross-domain-interoperability-framework.github.io/metadataBuildingBlocks/build/annotated/bbr/metadata/schemaorgProperties/action/schema.yaml
/schema:distribution/_anyOf/1/schema:potentialAction/schema:object/schema:description	http://schema.org/description	https://cross-domain-interoperability-framework.github.io/metadataBuildingBlocks/build/annotated/bbr/metadata/schemaorgProperties/action/schema.yaml
/schema:distribution/_anyOf/1/schema:potentialAction/schema:query-input	http://schema.org/query-input	https://cross-domain-interoperability-framework.github.io/metadataBuildingBlocks/build/annotated/bbr/metadata/schemaorgProperties/action/schema.yaml
/schema:distribution/_anyOf/1/schema:potentialAction/schema:query-input/schema:valueName	http://schema.org/valueName	https://cross-domain-interoperability-framework.github.io/metadataBuildingBlocks/build/annotated/bbr/metadata/schemaorgProperties/action/schema.yaml
/schema:distribution/_anyOf/1/schema:potentialAction/schema:query-input/schema:description	http://schema.org/description	https://cross-domain-interoperability-framework.github.io/metadataBuildingBlocks/build/annotated/bbr/metadata/schemaorgProperties/action/schema.yaml
/schema:distribution/_anyOf/1/schema:potentialAction/schema:query-input/schema:valueRequired	http://schema.org/valueRequired	https://cross-domain-interoperability-framework.github.io/metadataBuildingBlocks/build/annotated/bbr/metadata/schemaorgProperties/action/schema.yaml
/schema:distribution/_anyOf/1/schema:potentialAction/schema:query-input/schema:valuePattern	http://schema.org/valuePattern	https://cross-domain-interoperability-framework.github.io/metadataBuildingBlocks/build/annotated/bbr/metadata/schemaorgProperties/action/schema.yaml
/schema:relatedLink	http://schema.org/relatedLink	https://raw.githubusercontent.com/amds-ldeo/geochemBuildingBlocks/undefined/build/annotated/BaseSchema/geochemProduct/schema.yaml
/schema:relatedLink/schema:linkRelationship	http://schema.org/linkRelationship	https://raw.githubusercontent.com/amds-ldeo/geochemBuildingBlocks/undefined/build/annotated/BaseSchema/geochemProduct/schema.yaml
/schema:relatedLink/schema:target	http://schema.org/target	https://raw.githubusercontent.com/amds-ldeo/geochemBuildingBlocks/undefined/build/annotated/BaseSchema/geochemProduct/schema.yaml
/schema:relatedLink/schema:target/schema:encodingFormat	http://schema.org/encodingFormat	https://raw.githubusercontent.com/amds-ldeo/geochemBuildingBlocks/undefined/build/annotated/BaseSchema/geochemProduct/schema.yaml
/schema:relatedLink/schema:target/schema:name	http://schema.org/name	https://raw.githubusercontent.com/amds-ldeo/geochemBuildingBlocks/undefined/build/annotated/BaseSchema/geochemProduct/schema.yaml
/schema:relatedLink/schema:target/schema:url	http://schema.org/url	https://raw.githubusercontent.com/amds-ldeo/geochemBuildingBlocks/undefined/build/annotated/BaseSchema/geochemProduct/schema.yaml
/schema:publishingPrinciples	http://schema.org/publishingPrinciples	https://cross-domain-interoperability-framework.github.io/metadataBuildingBlocks/build/annotated/bbr/metadata/profiles/cdifProfile/cdifCore/schema.yaml
/schema:keywords	http://schema.org/keywords	https://cross-domain-interoperability-framework.github.io/metadataBuildingBlocks/build/annotated/bbr/metadata/profiles/cdifProfile/cdifCore/schema.yaml
/schema:creator	http://schema.org/creator	https://cross-domain-interoperability-framework.github.io/metadataBuildingBlocks/build/annotated/bbr/metadata/profiles/cdifProfile/cdifCore/schema.yaml
/schema:contributor	http://schema.org/contributor	https://cross-domain-interoperability-framework.github.io/metadataBuildingBlocks/build/annotated/bbr/metadata/profiles/cdifProfile/cdifCore/schema.yaml
/schema:contributor/_anyOf/3/schema:roleName	http://schema.org/roleName	https://cross-domain-interoperability-framework.github.io/metadataBuildingBlocks/build/annotated/bbr/metadata/schemaorgProperties/agentInRole/schema.yaml
/schema:contributor/_anyOf/3/schema:contributor	http://schema.org/contributor	https://cross-domain-interoperability-framework.github.io/metadataBuildingBlocks/build/annotated/bbr/metadata/schemaorgProperties/agentInRole/schema.yaml
/schema:publisher	http://schema.org/publisher	https://cross-domain-interoperability-framework.github.io/metadataBuildingBlocks/build/annotated/bbr/metadata/profiles/cdifProfile/cdifCore/schema.yaml
/schema:provider	http://schema.org/provider	https://cross-domain-interoperability-framework.github.io/metadataBuildingBlocks/build/annotated/bbr/metadata/profiles/cdifProfile/cdifCore/schema.yaml
/schema:funding	http://schema.org/funding	https://cross-domain-interoperability-framework.github.io/metadataBuildingBlocks/build/annotated/bbr/metadata/profiles/cdifProfile/cdifCore/schema.yaml
/schema:funding/schema:identifier	http://schema.org/identifier	https://cross-domain-interoperability-framework.github.io/metadataBuildingBlocks/build/annotated/bbr/metadata/schemaorgProperties/monetaryGrant/schema.yaml
/schema:funding/schema:description	http://schema.org/description	https://cross-domain-interoperability-framework.github.io/metadataBuildingBlocks/build/annotated/bbr/metadata/schemaorgProperties/monetaryGrant/schema.yaml
/schema:funding/schema:name	http://schema.org/name	https://cross-domain-interoperability-framework.github.io/metadataBuildingBlocks/build/annotated/bbr/metadata/schemaorgProperties/monetaryGrant/schema.yaml
/schema:funding/schema:funder	http://schema.org/funder	https://cross-domain-interoperability-framework.github.io/metadataBuildingBlocks/build/annotated/bbr/metadata/schemaorgProperties/monetaryGrant/schema.yaml
/prov:wasGeneratedBy	http://www.w3.org/ns/prov#wasGeneratedBy	https://raw.githubusercontent.com/amds-ldeo/geochemBuildingBlocks/undefined/build/annotated/BaseSchema/geochemProduct/schema.yaml
/prov:wasGeneratedBy/prov:used	http://www.w3.org/ns/prov#used	https://raw.githubusercontent.com/amds-ldeo/geochemBuildingBlocks/undefined/build/annotated/BaseSchema/geochemProduct/schema.yaml
/prov:wasDerivedFrom		https://cross-domain-interoperability-framework.github.io/metadataBuildingBlocks/build/annotated/bbr/metadata/profiles/cdifProfile/cdifCore/schema.yaml
/schema:subjectOf/schema:additionalType	http://schema.org/additionalType	https://cross-domain-interoperability-framework.github.io/metadataBuildingBlocks/build/annotated/bbr/metadata/cdifDataType/cdifCatalogRecord/schema.yaml
/schema:subjectOf/schema:about	http://schema.org/about	https://cross-domain-interoperability-framework.github.io/metadataBuildingBlocks/build/annotated/bbr/metadata/cdifDataType/cdifCatalogRecord/schema.yaml
/schema:subjectOf/schema:maintainer	http://schema.org/maintainer	https://cross-domain-interoperability-framework.github.io/metadataBuildingBlocks/build/annotated/bbr/metadata/cdifDataType/cdifCatalogRecord/schema.yaml
/schema:subjectOf/schema:sdDatePublished	http://schema.org/sdDatePublished	https://cross-domain-interoperability-framework.github.io/metadataBuildingBlocks/build/annotated/bbr/metadata/cdifDataType/cdifCatalogRecord/schema.yaml
/schema:subjectOf/schema:includedInDataCatalog	http://schema.org/includedInDataCatalog	https://cross-domain-interoperability-framework.github.io/metadataBuildingBlocks/build/annotated/bbr/metadata/cdifDataType/cdifCatalogRecord/schema.yaml
/schema:subjectOf/schema:includedInDataCatalog/schema:name	http://schema.org/name	https://cross-domain-interoperability-framework.github.io/metadataBuildingBlocks/build/annotated/bbr/metadata/cdifDataType/cdifCatalogRecord/schema.yaml
/schema:subjectOf/schema:includedInDataCatalog/schema:url	http://schema.org/url	https://cross-domain-interoperability-framework.github.io/metadataBuildingBlocks/build/annotated/bbr/metadata/cdifDataType/cdifCatalogRecord/schema.yaml
/schema:subjectOf/schema:includedInDataCatalog/schema:identifier	http://schema.org/identifier	https://cross-domain-interoperability-framework.github.io/metadataBuildingBlocks/build/annotated/bbr/metadata/cdifDataType/cdifCatalogRecord/schema.yaml
/cdif:hasPrimaryKey		https://cross-domain-interoperability-framework.github.io/metadataBuildingBlocks/build/annotated/bbr/metadata/profiles/cdifProfile/cdifDataDescription/schema.yaml
/cdif:hasPrimaryKey/_anyOf/0/cdif:isComposedOf	https://w3id.org/cdif/isComposedOf	https://cross-domain-interoperability-framework.github.io/metadataBuildingBlocks/build/annotated/bbr/metadata/cdifDataType/cdifKey/schema.yaml
/cdif:hasPrimaryKey/_anyOf/0/cdif:isComposedOf/cdi:indexes	http://ddialliance.org/Specification/DDI-CDI/1.0/RDF/indexes	https://cross-domain-interoperability-framework.github.io/metadataBuildingBlocks/build/annotated/bbr/metadata/cdifDataType/cdifKey/schema.yaml
/cdif:hasPrimaryKey/_anyOf/0/cdif:isComposedOf/cdi:indexes/_anyOf/0/schema:name	http://schema.org/name	https://cross-domain-interoperability-framework.github.io/metadataBuildingBlocks/build/annotated/bbr/metadata/schemaorgProperties/variableMeasured/schema.yaml
/cdif:hasPrimaryKey/_anyOf/0/cdif:isComposedOf/cdi:indexes/_anyOf/0/schema:description	http://schema.org/description	https://cross-domain-interoperability-framework.github.io/metadataBuildingBlocks/build/annotated/bbr/metadata/schemaorgProperties/variableMeasured/schema.yaml
/cdif:hasPrimaryKey/_anyOf/0/cdif:isComposedOf/cdi:indexes/_anyOf/0/schema:alternateName	http://schema.org/alternateName	https://cross-domain-interoperability-framework.github.io/metadataBuildingBlocks/build/annotated/bbr/metadata/schemaorgProperties/variableMeasured/schema.yaml
/cdif:hasPrimaryKey/_anyOf/0/cdif:isComposedOf/cdi:indexes/_anyOf/0/schema:measurementTechnique	http://schema.org/measurementTechnique	https://cross-domain-interoperability-framework.github.io/metadataBuildingBlocks/build/annotated/bbr/metadata/schemaorgProperties/variableMeasured/schema.yaml
/cdif:hasPrimaryKey/_anyOf/0/cdif:isComposedOf/cdi:indexes/_anyOf/0/schema:propertyID	http://schema.org/propertyID	https://cross-domain-interoperability-framework.github.io/metadataBuildingBlocks/build/annotated/bbr/metadata/schemaorgProperties/variableMeasured/schema.yaml
/cdif:hasPrimaryKey/_anyOf/0/cdif:isComposedOf/cdi:indexes/_anyOf/0/schema:unitText	http://schema.org/unitText	https://cross-domain-interoperability-framework.github.io/metadataBuildingBlocks/build/annotated/bbr/metadata/schemaorgProperties/variableMeasured/schema.yaml
/cdif:hasPrimaryKey/_anyOf/0/cdif:isComposedOf/cdi:indexes/_anyOf/0/schema:unitCode	http://schema.org/unitCode	https://cross-domain-interoperability-framework.github.io/metadataBuildingBlocks/build/annotated/bbr/metadata/schemaorgProperties/variableMeasured/schema.yaml
/cdif:hasPrimaryKey/_anyOf/0/cdif:isComposedOf/cdi:indexes/_anyOf/0/schema:minValue	http://schema.org/minValue	https://cross-domain-interoperability-framework.github.io/metadataBuildingBlocks/build/annotated/bbr/metadata/schemaorgProperties/variableMeasured/schema.yaml
/cdif:hasPrimaryKey/_anyOf/0/cdif:isComposedOf/cdi:indexes/_anyOf/0/schema:maxValue	http://schema.org/maxValue	https://cross-domain-interoperability-framework.github.io/metadataBuildingBlocks/build/annotated/bbr/metadata/schemaorgProperties/variableMeasured/schema.yaml
/cdif:hasPrimaryKey/_anyOf/0/cdif:isComposedOf/cdi:indexes/_anyOf/0/schema:url	http://schema.org/url	https://cross-domain-interoperability-framework.github.io/metadataBuildingBlocks/build/annotated/bbr/metadata/schemaorgProperties/variableMeasured/schema.yaml
/cdif:hasPrimaryKey/_anyOf/0/cdif:isComposedOf/cdi:indexes/_anyOf/0/cdif:physicalDataType	https://w3id.org/cdif/physicalDataType	https://cross-domain-interoperability-framework.github.io/metadataBuildingBlocks/build/annotated/bbr/metadata/cdifDataType/cdifInstanceVariable/schema.yaml
/cdif:hasPrimaryKey/_anyOf/0/cdif:isComposedOf/cdi:indexes/_anyOf/0/cdif:role	https://w3id.org/cdif/role	https://cross-domain-interoperability-framework.github.io/metadataBuildingBlocks/build/annotated/bbr/metadata/cdifDataType/cdifInstanceVariable/schema.yaml
/cdif:hasPrimaryKey/_anyOf/0/cdif:isComposedOf/cdi:indexes/_anyOf/0/cdif:simpleUnitOfMeasure	https://w3id.org/cdif/simpleUnitOfMeasure	https://cross-domain-interoperability-framework.github.io/metadataBuildingBlocks/build/annotated/bbr/metadata/cdifDataType/cdifInstanceVariable/schema.yaml
/cdif:hasPrimaryKey/_anyOf/0/cdif:isComposedOf/cdi:indexes/_anyOf/0/cdif:uses	https://w3id.org/cdif/uses	https://cross-domain-interoperability-framework.github.io/metadataBuildingBlocks/build/annotated/bbr/metadata/cdifDataType/cdifInstanceVariable/schema.yaml
/cdif:hasPrimaryKey/_anyOf/0/cdif:isComposedOf/cdi:indexes/_anyOf/0/cdi:function	http://ddialliance.org/Specification/DDI-CDI/1.0/RDF/function	https://cross-domain-interoperability-framework.github.io/metadataBuildingBlocks/build/annotated/bbr/metadata/cdifDataType/cdifInstanceVariable/schema.yaml
/cdif:hasPrimaryKey/_anyOf/0/cdif:isComposedOf/cdi:indexes/_anyOf/0/cdi:platformType	http://ddialliance.org/Specification/DDI-CDI/1.0/RDF/platformType	https://cross-domain-interoperability-framework.github.io/metadataBuildingBlocks/build/annotated/bbr/metadata/cdifDataType/cdifInstanceVariable/schema.yaml
/cdif:hasPrimaryKey/_anyOf/0/cdif:isComposedOf/cdi:indexes/_anyOf/0/cdi:source	http://ddialliance.org/Specification/DDI-CDI/1.0/RDF/source	https://cross-domain-interoperability-framework.github.io/metadataBuildingBlocks/build/annotated/bbr/metadata/cdifDataType/cdifInstanceVariable/schema.yaml
/cdif:hasPrimaryKey/_anyOf/0/cdif:isComposedOf/cdi:indexes/_anyOf/0/cdif:isDescribedBy_StatisticsCollection	https://w3id.org/cdif/isDescribedBy_StatisticsCollection	https://cross-domain-interoperability-framework.github.io/metadataBuildingBlocks/build/annotated/bbr/metadata/cdifDataType/cdifInstanceVariable/schema.yaml
/cdif:hasPrimaryKey/_anyOf/0/cdif:isComposedOf/cdi:indexes/_anyOf/0/cdif:isDescribedBy_StatisticsCollection/_anyOf/0/cdi:hasWeight	http://ddialliance.org/Specification/DDI-CDI/1.0/RDF/hasWeight	https://cross-domain-interoperability-framework.github.io/metadataBuildingBlocks/build/annotated/bbr/metadata/cdifDataType/cdifStatistics/schema.yaml
/cdif:hasPrimaryKey/_anyOf/0/cdif:isComposedOf/cdi:indexes/_anyOf/0/cdif:isDescribedBy_StatisticsCollection/_anyOf/0/cdif:has_Statistics	https://w3id.org/cdif/has_Statistics	https://cross-domain-interoperability-framework.github.io/metadataBuildingBlocks/build/annotated/bbr/metadata/cdifDataType/cdifStatistics/schema.yaml
/cdif:hasPrimaryKey/_anyOf/0/cdif:isComposedOf/cdi:indexes/_anyOf/0/cdif:isDescribedBy_StatisticsCollection/_anyOf/0/cdif:has_Statistics/_anyOf/0/cdi:typeOfStatistic	http://ddialliance.org/Specification/DDI-CDI/1.0/RDF/typeOfStatistic	https://cross-domain-interoperability-framework.github.io/metadataBuildingBlocks/build/annotated/bbr/metadata/cdifDataType/cdifStatistics/schema.yaml
/cdif:hasPrimaryKey/_anyOf/0/cdif:isComposedOf/cdi:indexes/_anyOf/0/cdif:isDescribedBy_StatisticsCollection/_anyOf/0/cdif:has_Statistics/_anyOf/0/cdi:statistic	http://ddialliance.org/Specification/DDI-CDI/1.0/RDF/statistic	https://cross-domain-interoperability-framework.github.io/metadataBuildingBlocks/build/annotated/bbr/metadata/cdifDataType/cdifStatistics/schema.yaml
/cdif:hasPrimaryKey/_anyOf/0/cdif:isComposedOf/cdi:indexes/_anyOf/0/cdif:isDescribedBy_StatisticsCollection/_anyOf/0/cdif:has_Statistics/_anyOf/0/cdi:statistic/cdi:computationBase	http://ddialliance.org/Specification/DDI-CDI/1.0/RDF/computationBase	https://cross-domain-interoperability-framework.github.io/metadataBuildingBlocks/build/annotated/bbr/metadata/cdifDataType/cdifStatistics/schema.yaml
/cdif:hasPrimaryKey/_anyOf/0/cdif:isComposedOf/cdi:indexes/_anyOf/0/cdif:isDescribedBy_StatisticsCollection/_anyOf/0/cdif:has_Statistics/_anyOf/0/cdi:statistic/cdi:content	http://ddialliance.org/Specification/DDI-CDI/1.0/RDF/content	https://cross-domain-interoperability-framework.github.io/metadataBuildingBlocks/build/annotated/bbr/metadata/cdifDataType/cdifStatistics/schema.yaml
/cdif:hasPrimaryKey/_anyOf/0/cdif:isComposedOf/cdi:indexes/_anyOf/0/cdif:isDescribedBy_StatisticsCollection/_anyOf/0/cdif:has_Statistics/_anyOf/0/cdi:statistic/cdi:isWeighted	http://ddialliance.org/Specification/DDI-CDI/1.0/RDF/isWeighted	https://cross-domain-interoperability-framework.github.io/metadataBuildingBlocks/build/annotated/bbr/metadata/cdifDataType/cdifStatistics/schema.yaml
/cdif:hasPrimaryKey/_anyOf/0/cdif:isComposedOf/cdi:indexes/_anyOf/0/cdif:isDescribedBy_StatisticsCollection/_anyOf/0/cdif:has_Statistics/_anyOf/0/cdi:statistic/cdi:typeOfNumericValue	http://ddialliance.org/Specification/DDI-CDI/1.0/RDF/typeOfNumericValue	https://cross-domain-interoperability-framework.github.io/metadataBuildingBlocks/build/annotated/bbr/metadata/cdifDataType/cdifStatistics/schema.yaml
/cdif:hasPrimaryKey/_anyOf/0/cdif:isComposedOf/cdi:indexes/_anyOf/0/cdif:isDescribedBy_StatisticsCollection/_anyOf/0/cdif:has_Statistics/_anyOf/0/cdi:hasWeight	http://ddialliance.org/Specification/DDI-CDI/1.0/RDF/hasWeight	https://cross-domain-interoperability-framework.github.io/metadataBuildingBlocks/build/annotated/bbr/metadata/cdifDataType/cdifStatistics/schema.yaml
/cdif:hasPrimaryKey/_anyOf/0/cdif:isComposedOf/cdi:indexes/_anyOf/0/cdif:isDescribedBy_StatisticsCollection/_anyOf/0/cdif:has_Statistics/_anyOf/0/cdif:appliesTo	https://w3id.org/cdif/appliesTo	https://cross-domain-interoperability-framework.github.io/metadataBuildingBlocks/build/annotated/bbr/metadata/cdifDataType/cdifStatistics/schema.yaml
/cdif:hasPrimaryKey/_anyOf/0/cdif:isComposedOf/cdi:indexes/_anyOf/0/cdif:isDescribedBy_StatisticsCollection/_anyOf/0/cdif:has_Statistics/_anyOf/0/cdif:has_CategoryStatistics	https://w3id.org/cdif/has_CategoryStatistics	https://cross-domain-interoperability-framework.github.io/metadataBuildingBlocks/build/annotated/bbr/metadata/cdifDataType/cdifStatistics/schema.yaml
/cdif:hasPrimaryKey/_anyOf/0/cdif:isComposedOf/cdi:indexes/_anyOf/0/cdif:isDescribedBy_StatisticsCollection/_anyOf/0/cdif:has_Statistics/_anyOf/0/cdif:has_CategoryStatistics/cdi:for	http://ddialliance.org/Specification/DDI-CDI/1.0/RDF/for	https://cross-domain-interoperability-framework.github.io/metadataBuildingBlocks/build/annotated/bbr/metadata/cdifDataType/cdifStatistics/schema.yaml
/cdif:hasPrimaryKey/_anyOf/0/cdif:isComposedOf/cdi:indexes/_anyOf/0/cdif:isDescribedBy_StatisticsCollection/_anyOf/0/cdif:has_Statistics/_anyOf/0/cdif:has_CategoryStatistics/cdi:for/_anyOf/0/cdif:name	https://w3id.org/cdif/name	https://cross-domain-interoperability-framework.github.io/metadataBuildingBlocks/build/annotated/bbr/metadata/cdifDataType/cdifStatistics/schema.yaml
/cdif:hasPrimaryKey/_anyOf/0/cdif:isComposedOf/cdi:indexes/_anyOf/0/cdif:isDescribedBy_StatisticsCollection/_anyOf/0/cdif:has_Statistics/_anyOf/0/cdif:has_CategoryStatistics/cdi:for/_anyOf/0/cdif:descriptiveText	https://w3id.org/cdif/descriptiveText	https://cross-domain-interoperability-framework.github.io/metadataBuildingBlocks/build/annotated/bbr/metadata/cdifDataType/cdifStatistics/schema.yaml
/cdif:hasPrimaryKey/_anyOf/0/cdif:isComposedOf/cdi:indexes/_anyOf/0/cdif:isDescribedBy_StatisticsCollection/_anyOf/0/cdif:has_Statistics/_anyOf/0/cdif:has_CategoryStatistics/cdi:for/_anyOf/0/cdif:definition	https://w3id.org/cdif/definition	https://cross-domain-interoperability-framework.github.io/metadataBuildingBlocks/build/annotated/bbr/metadata/cdifDataType/cdifStatistics/schema.yaml
/cdif:hasPrimaryKey/_anyOf/0/cdif:isComposedOf/cdi:indexes/_anyOf/0/cdif:isDescribedBy_StatisticsCollection/_anyOf/0/cdif:has_Statistics/_anyOf/0/cdif:has_CategoryStatistics/cdi:for/_anyOf/0/cdif:displayLabel	https://w3id.org/cdif/displayLabel	https://cross-domain-interoperability-framework.github.io/metadataBuildingBlocks/build/annotated/bbr/metadata/cdifDataType/cdifStatistics/schema.yaml
/cdif:hasPrimaryKey/_anyOf/0/cdif:isComposedOf/cdi:indexes/_anyOf/0/cdif:isDescribedBy_StatisticsCollection/_anyOf/0/cdif:has_Statistics/_anyOf/0/cdif:has_CategoryStatistics/cdi:typeOfStatistic	http://ddialliance.org/Specification/DDI-CDI/1.0/RDF/typeOfStatistic	https://cross-domain-interoperability-framework.github.io/metadataBuildingBlocks/build/annotated/bbr/metadata/cdifDataType/cdifStatistics/schema.yaml
/cdif:hasPrimaryKey/_anyOf/0/cdif:isComposedOf/cdi:indexes/_anyOf/0/cdif:isDescribedBy_StatisticsCollection/_anyOf/0/cdif:has_Statistics/_anyOf/0/cdif:has_CategoryStatistics/cdi:statistic	http://ddialliance.org/Specification/DDI-CDI/1.0/RDF/statistic	https://cross-domain-interoperability-framework.github.io/metadataBuildingBlocks/build/annotated/bbr/metadata/cdifDataType/cdifStatistics/schema.yaml
/cdif:hasPrimaryKey/_anyOf/0/cdif:isComposedOf/cdi:indexes/_anyOf/0/cdif:isDescribedBy_StatisticsCollection/_anyOf/0/cdif:has_Statistics/_anyOf/0/cdif:has_CategoryStatistics/cdi:hasWeight	http://ddialliance.org/Specification/DDI-CDI/1.0/RDF/hasWeight	https://cross-domain-interoperability-framework.github.io/metadataBuildingBlocks/build/annotated/bbr/metadata/cdifDataType/cdifStatistics/schema.yaml
/cdif:hasPrimaryKey/_anyOf/0/cdif:isComposedOf/cdi:indexes/_anyOf/0/cdif:isDescribedBy_StatisticsCollection/_anyOf/0/cdif:indexedBy	https://w3id.org/cdif/indexedBy	https://cross-domain-interoperability-framework.github.io/metadataBuildingBlocks/build/annotated/bbr/metadata/cdifDataType/cdifStatistics/schema.yaml
/cdif:hasPrimaryKey/_anyOf/0/cdif:isComposedOf/cdi:indexes/_anyOf/0/cdi:describedUnitOfMeasure	http://ddialliance.org/Specification/DDI-CDI/1.0/RDF/describedUnitOfMeasure	https://cross-domain-interoperability-framework.github.io/metadataBuildingBlocks/build/annotated/bbr/metadata/cdifDataType/cdifInstanceVariable/schema.yaml
/cdif:hasPrimaryKey/_anyOf/0/cdif:isComposedOf/cdi:indexes/_anyOf/0/cdi:qualifies	http://ddialliance.org/Specification/DDI-CDI/1.0/RDF/qualifies	https://cross-domain-interoperability-framework.github.io/metadataBuildingBlocks/build/annotated/bbr/metadata/cdifDataType/cdifInstanceVariable/schema.yaml
/cdif:hasPrimaryKey/_anyOf/0/cdif:isComposedOf/cdi:value	http://ddialliance.org/Specification/DDI-CDI/1.0/RDF/value	https://cross-domain-interoperability-framework.github.io/metadataBuildingBlocks/build/annotated/bbr/metadata/cdifDataType/cdifKey/schema.yaml
/cdif:statistics		https://cross-domain-interoperability-framework.github.io/metadataBuildingBlocks/build/annotated/bbr/metadata/profiles/cdifProfile/cdifDataDescription/schema.yaml
/schema:variableMeasured	http://schema.org/variableMeasured	https://raw.githubusercontent.com/amds-ldeo/geochemBuildingBlocks/undefined/build/annotated/BaseSchema/geochemProduct/schema.yaml
/schema:variableMeasured/cdi:takesSentinelValuesFrom		https://cross-domain-interoperability-framework.github.io/metadataBuildingBlocks/build/annotated/bbr/metadata/profiles/cdifProfile/cdifDataDescription/schema.yaml
/schema:variableMeasured/cdi:takesSentinelValuesFrom/_anyOf/0/cdif:takesValuesFrom	https://w3id.org/cdif/takesValuesFrom	https://cross-domain-interoperability-framework.github.io/metadataBuildingBlocks/build/annotated/bbr/metadata/cdifDataType/cdifValueDomain/schema.yaml
/schema:variableMeasured/cdi:takesSentinelValuesFrom/_anyOf/0/cdif:takesValuesFrom/_anyOf/0/cdif:identifier	https://w3id.org/cdif/identifier	https://cross-domain-interoperability-framework.github.io/metadataBuildingBlocks/build/annotated/bbr/metadata/cdifDataType/cdifEnumerationDomain/schema.yaml
/schema:variableMeasured/cdi:takesSentinelValuesFrom/_anyOf/0/cdif:takesValuesFrom/_anyOf/0/schema:name	http://schema.org/name	https://cross-domain-interoperability-framework.github.io/metadataBuildingBlocks/build/annotated/bbr/metadata/cdifDataType/cdifEnumerationDomain/schema.yaml
/schema:variableMeasured/cdi:takesSentinelValuesFrom/_anyOf/0/cdif:takesValuesFrom/_anyOf/0/cdif:references	https://w3id.org/cdif/references	https://cross-domain-interoperability-framework.github.io/metadataBuildingBlocks/build/annotated/bbr/metadata/cdifDataType/cdifEnumerationDomain/schema.yaml
/schema:variableMeasured/cdi:takesSentinelValuesFrom/_anyOf/0/cdif:takesValuesFrom/_anyOf/0/cdif:references/_anyOf/0/schema:identifier	http://schema.org/identifier	https://cross-domain-interoperability-framework.github.io/metadataBuildingBlocks/build/annotated/bbr/metadata/profiles/cdifProfile/cdifCodelist/schema.yaml
/schema:variableMeasured/cdi:takesSentinelValuesFrom/_anyOf/0/cdif:takesValuesFrom/_anyOf/0/cdif:references/_anyOf/0/schema:identifier/_anyOf/1/schema:propertyID	http://schema.org/propertyID	https://cross-domain-interoperability-framework.github.io/metadataBuildingBlocks/build/annotated/bbr/metadata/profiles/cdifProfile/cdifCodelist/schema.yaml
/schema:variableMeasured/cdi:takesSentinelValuesFrom/_anyOf/0/cdif:takesValuesFrom/_anyOf/0/cdif:references/_anyOf/0/schema:identifier/_anyOf/1/schema:value	http://schema.org/value	https://cross-domain-interoperability-framework.github.io/metadataBuildingBlocks/build/annotated/bbr/metadata/profiles/cdifProfile/cdifCodelist/schema.yaml
/schema:variableMeasured/cdi:takesSentinelValuesFrom/_anyOf/0/cdif:takesValuesFrom/_anyOf/0/cdif:references/_anyOf/0/schema:identifier/_anyOf/1/schema:url	http://schema.org/url	https://cross-domain-interoperability-framework.github.io/metadataBuildingBlocks/build/annotated/bbr/metadata/profiles/cdifProfile/cdifCodelist/schema.yaml
/schema:variableMeasured/cdi:takesSentinelValuesFrom/_anyOf/0/cdif:takesValuesFrom/_anyOf/0/cdif:references/_anyOf/0/schema:dateModified	http://schema.org/dateModified	https://cross-domain-interoperability-framework.github.io/metadataBuildingBlocks/build/annotated/bbr/metadata/profiles/cdifProfile/cdifCodelist/schema.yaml
/schema:variableMeasured/cdi:takesSentinelValuesFrom/_anyOf/0/cdif:takesValuesFrom/_anyOf/0/cdif:references/_anyOf/0/schema:url	http://schema.org/url	https://cross-domain-interoperability-framework.github.io/metadataBuildingBlocks/build/annotated/bbr/metadata/profiles/cdifProfile/cdifCodelist/schema.yaml
/schema:variableMeasured/cdi:takesSentinelValuesFrom/_anyOf/0/cdif:takesValuesFrom/_anyOf/0/cdif:references/_anyOf/0/schema:license	http://schema.org/license	https://cross-domain-interoperability-framework.github.io/metadataBuildingBlocks/build/annotated/bbr/metadata/profiles/cdifProfile/cdifCodelist/schema.yaml
/schema:variableMeasured/cdi:takesSentinelValuesFrom/_anyOf/0/cdif:takesValuesFrom/_anyOf/0/cdif:references/_anyOf/0/schema:conditionsOfAccess	http://schema.org/conditionsOfAccess	https://cross-domain-interoperability-framework.github.io/metadataBuildingBlocks/build/annotated/bbr/metadata/profiles/cdifProfile/cdifCodelist/schema.yaml
/schema:variableMeasured/cdi:takesSentinelValuesFrom/_anyOf/0/cdif:takesValuesFrom/_anyOf/0/cdif:references/_anyOf/0/skos:prefLabel	http://www.w3.org/2004/02/skos/core#prefLabel	https://cross-domain-interoperability-framework.github.io/metadataBuildingBlocks/build/annotated/bbr/metadata/profiles/cdifProfile/cdifCodelist/schema.yaml
/schema:variableMeasured/cdi:takesSentinelValuesFrom/_anyOf/0/cdif:takesValuesFrom/_anyOf/0/cdif:references/_anyOf/0/skos:definition	http://www.w3.org/2004/02/skos/core#definition	https://cross-domain-interoperability-framework.github.io/metadataBuildingBlocks/build/annotated/bbr/metadata/profiles/cdifProfile/cdifCodelist/schema.yaml
/schema:variableMeasured/cdi:takesSentinelValuesFrom/_anyOf/0/cdif:takesValuesFrom/_anyOf/0/cdif:references/_anyOf/0/skos:note	http://www.w3.org/2004/02/skos/core#note	https://cross-domain-interoperability-framework.github.io/metadataBuildingBlocks/build/annotated/bbr/metadata/profiles/cdifProfile/cdifCodelist/schema.yaml
/schema:variableMeasured/cdi:takesSentinelValuesFrom/_anyOf/0/cdif:takesValuesFrom/_anyOf/0/cdif:references/_anyOf/0/skos:hasTopConcept	http://www.w3.org/2004/02/skos/core#hasTopConcept	https://cross-domain-interoperability-framework.github.io/metadataBuildingBlocks/build/annotated/bbr/metadata/profiles/cdifProfile/cdifCodelist/schema.yaml
/schema:variableMeasured/cdi:takesSentinelValuesFrom/_anyOf/0/cdif:takesValuesFrom/_anyOf/0/cdif:references/_anyOf/0/skos:hasTopConcept/skos:inScheme	http://www.w3.org/2004/02/skos/core#inScheme	https://cross-domain-interoperability-framework.github.io/metadataBuildingBlocks/build/annotated/bbr/metadata/profiles/cdifProfile/cdifCodelist/schema.yaml
/schema:variableMeasured/cdi:takesSentinelValuesFrom/_anyOf/0/cdif:takesValuesFrom/_anyOf/0/cdif:references/_anyOf/0/skos:hasTopConcept/skos:prefLabel	http://www.w3.org/2004/02/skos/core#prefLabel	https://cross-domain-interoperability-framework.github.io/metadataBuildingBlocks/build/annotated/bbr/metadata/profiles/cdifProfile/cdifCodelist/schema.yaml
/schema:variableMeasured/cdi:takesSentinelValuesFrom/_anyOf/0/cdif:takesValuesFrom/_anyOf/0/cdif:references/_anyOf/0/skos:hasTopConcept/skos:notation	http://www.w3.org/2004/02/skos/core#notation	https://cross-domain-interoperability-framework.github.io/metadataBuildingBlocks/build/annotated/bbr/metadata/profiles/cdifProfile/cdifCodelist/schema.yaml
/schema:variableMeasured/cdi:takesSentinelValuesFrom/_anyOf/0/cdif:takesValuesFrom/_anyOf/0/cdif:references/_anyOf/0/skos:hasTopConcept/skos:definition	http://www.w3.org/2004/02/skos/core#definition	https://cross-domain-interoperability-framework.github.io/metadataBuildingBlocks/build/annotated/bbr/metadata/profiles/cdifProfile/cdifCodelist/schema.yaml
/schema:variableMeasured/cdi:takesSentinelValuesFrom/_anyOf/0/cdif:takesValuesFrom/_anyOf/0/cdif:references/_anyOf/0/skos:hasTopConcept/skos:narrower	http://www.w3.org/2004/02/skos/core#narrower	https://cross-domain-interoperability-framework.github.io/metadataBuildingBlocks/build/annotated/bbr/metadata/profiles/cdifProfile/cdifCodelist/schema.yaml
/schema:variableMeasured/cdi:takesSentinelValuesFrom/_anyOf/0/cdif:takesValuesFrom/_anyOf/0/cdif:references/_anyOf/0/skos:hasTopConcept/skos:broader	http://www.w3.org/2004/02/skos/core#broader	https://cross-domain-interoperability-framework.github.io/metadataBuildingBlocks/build/annotated/bbr/metadata/profiles/cdifProfile/cdifCodelist/schema.yaml
/schema:variableMeasured/cdi:takesSentinelValuesFrom/_anyOf/0/cdif:takesValuesFrom/_anyOf/0/cdif:references/_anyOf/0/schema:subjectOf	http://schema.org/subjectOf	https://cross-domain-interoperability-framework.github.io/metadataBuildingBlocks/build/annotated/bbr/metadata/profiles/cdifProfile/cdifCodelist/schema.yaml
/schema:variableMeasured/cdi:takesSentinelValuesFrom/_anyOf/0/cdif:takesValuesFrom/_anyOf/0/cdif:references/_anyOf/0/schema:subjectOf/schema:additionalType	http://schema.org/additionalType	https://cross-domain-interoperability-framework.github.io/metadataBuildingBlocks/build/annotated/bbr/metadata/profiles/cdifProfile/cdifCodelist/schema.yaml
/schema:variableMeasured/cdi:takesSentinelValuesFrom/_anyOf/0/cdif:takesValuesFrom/_anyOf/0/cdif:references/_anyOf/0/schema:subjectOf/dcterms:conformsTo	http://purl.org/dc/terms/conformsTo	https://cross-domain-interoperability-framework.github.io/metadataBuildingBlocks/build/annotated/bbr/metadata/profiles/cdifProfile/cdifCodelist/schema.yaml
/schema:variableMeasured/cdi:takesSentinelValuesFrom/_anyOf/0/cdif:takesValuesFrom/_anyOf/0/cdif:references/_anyOf/0/schema:subjectOf/schema:about	http://schema.org/about	https://cross-domain-interoperability-framework.github.io/metadataBuildingBlocks/build/annotated/bbr/metadata/profiles/cdifProfile/cdifCodelist/schema.yaml
/schema:variableMeasured/cdi:takesSentinelValuesFrom/_anyOf/0/cdif:takesValuesFrom/_anyOf/0/cdif:purpose	https://w3id.org/cdif/purpose	https://cross-domain-interoperability-framework.github.io/metadataBuildingBlocks/build/annotated/bbr/metadata/cdifDataType/cdifEnumerationDomain/schema.yaml
/schema:variableMeasured/cdi:takesSentinelValuesFrom/_anyOf/0/cdif:displayLabel	https://w3id.org/cdif/displayLabel	https://cross-domain-interoperability-framework.github.io/metadataBuildingBlocks/build/annotated/bbr/metadata/cdifDataType/cdifValueDomain/schema.yaml
/schema:variableMeasured/cdi:takesSentinelValuesFrom/_anyOf/0/cdif:recommendedDataType	https://w3id.org/cdif/recommendedDataType	https://cross-domain-interoperability-framework.github.io/metadataBuildingBlocks/build/annotated/bbr/metadata/cdifDataType/cdifValueDomain/schema.yaml
/schema:variableMeasured/cdi:takesSentinelValuesFrom/_anyOf/0/cdi:isDescribedBy	http://ddialliance.org/Specification/DDI-CDI/1.0/RDF/isDescribedBy	https://cross-domain-interoperability-framework.github.io/metadataBuildingBlocks/build/annotated/bbr/metadata/cdifDataType/cdifValueDomain/schema.yaml
/schema:variableMeasured/cdi:takesSentinelValuesFrom/_anyOf/0/cdi:isDescribedBy/_anyOf/0/cdi:classificationLevel	http://ddialliance.org/Specification/DDI-CDI/1.0/RDF/classificationLevel	https://cross-domain-interoperability-framework.github.io/metadataBuildingBlocks/build/annotated/bbr/metadata/cdifDataType/cdifValueDomain/schema.yaml
/schema:variableMeasured/cdi:takesSentinelValuesFrom/_anyOf/0/cdi:isDescribedBy/_anyOf/0/cdi:description	http://ddialliance.org/Specification/DDI-CDI/1.0/RDF/description	https://cross-domain-interoperability-framework.github.io/metadataBuildingBlocks/build/annotated/bbr/metadata/cdifDataType/cdifValueDomain/schema.yaml
/schema:variableMeasured/cdi:takesSentinelValuesFrom/_anyOf/0/cdi:isDescribedBy/_anyOf/0/cdi:formatPattern	http://ddialliance.org/Specification/DDI-CDI/1.0/RDF/formatPattern	https://cross-domain-interoperability-framework.github.io/metadataBuildingBlocks/build/annotated/bbr/metadata/cdifDataType/cdifValueDomain/schema.yaml
/schema:variableMeasured/cdi:takesSentinelValuesFrom/_anyOf/0/cdi:isDescribedBy/_anyOf/0/cdi:logicalExpression	http://ddialliance.org/Specification/DDI-CDI/1.0/RDF/logicalExpression	https://cross-domain-interoperability-framework.github.io/metadataBuildingBlocks/build/annotated/bbr/metadata/cdifDataType/cdifValueDomain/schema.yaml
/schema:variableMeasured/cdi:takesSentinelValuesFrom/_anyOf/0/cdi:isDescribedBy/_anyOf/0/cdi:maximumValueExclusive	http://ddialliance.org/Specification/DDI-CDI/1.0/RDF/maximumValueExclusive	https://cross-domain-interoperability-framework.github.io/metadataBuildingBlocks/build/annotated/bbr/metadata/cdifDataType/cdifValueDomain/schema.yaml
/schema:variableMeasured/cdi:takesSentinelValuesFrom/_anyOf/0/cdi:isDescribedBy/_anyOf/0/cdi:maximumValueInclusive	http://ddialliance.org/Specification/DDI-CDI/1.0/RDF/maximumValueInclusive	https://cross-domain-interoperability-framework.github.io/metadataBuildingBlocks/build/annotated/bbr/metadata/cdifDataType/cdifValueDomain/schema.yaml
/schema:variableMeasured/cdi:takesSentinelValuesFrom/_anyOf/0/cdi:isDescribedBy/_anyOf/0/cdi:minimumValueExclusive	http://ddialliance.org/Specification/DDI-CDI/1.0/RDF/minimumValueExclusive	https://cross-domain-interoperability-framework.github.io/metadataBuildingBlocks/build/annotated/bbr/metadata/cdifDataType/cdifValueDomain/schema.yaml
/schema:variableMeasured/cdi:takesSentinelValuesFrom/_anyOf/0/cdi:isDescribedBy/_anyOf/0/cdi:minimumValueInclusive	http://ddialliance.org/Specification/DDI-CDI/1.0/RDF/minimumValueInclusive	https://cross-domain-interoperability-framework.github.io/metadataBuildingBlocks/build/annotated/bbr/metadata/cdifDataType/cdifValueDomain/schema.yaml
/schema:variableMeasured/cdi:takesSentinelValuesFrom/_anyOf/0/cdi:isDescribedBy/_anyOf/0/cdi:regularExpression	http://ddialliance.org/Specification/DDI-CDI/1.0/RDF/regularExpression	https://cross-domain-interoperability-framework.github.io/metadataBuildingBlocks/build/annotated/bbr/metadata/cdifDataType/cdifValueDomain/schema.yaml
/schema:variableMeasured/cdi:takesSubstantiveValuesFrom		https://cross-domain-interoperability-framework.github.io/metadataBuildingBlocks/build/annotated/bbr/metadata/profiles/cdifProfile/cdifDataDescription/schema.yaml
/schema:variableMeasured/cdi:takesSubstantiveValuesFrom/_anyOf/0/cdif:takesValuesFrom	https://w3id.org/cdif/takesValuesFrom	https://cross-domain-interoperability-framework.github.io/metadataBuildingBlocks/build/annotated/bbr/metadata/cdifDataType/cdifValueDomain/schema.yaml
/schema:variableMeasured/cdi:takesSubstantiveValuesFrom/_anyOf/0/cdif:displayLabel	https://w3id.org/cdif/displayLabel	https://cross-domain-interoperability-framework.github.io/metadataBuildingBlocks/build/annotated/bbr/metadata/cdifDataType/cdifValueDomain/schema.yaml
/schema:variableMeasured/cdi:takesSubstantiveValuesFrom/_anyOf/0/cdif:recommendedDataType	https://w3id.org/cdif/recommendedDataType	https://cross-domain-interoperability-framework.github.io/metadataBuildingBlocks/build/annotated/bbr/metadata/cdifDataType/cdifValueDomain/schema.yaml
/schema:variableMeasured/cdi:takesSubstantiveValuesFrom/_anyOf/0/cdi:isDescribedBy	http://ddialliance.org/Specification/DDI-CDI/1.0/RDF/isDescribedBy	https://cross-domain-interoperability-framework.github.io/metadataBuildingBlocks/build/annotated/bbr/metadata/cdifDataType/cdifValueDomain/schema.yaml
/schema:distribution/_then/cdif:hasPhysicalMapping		https://cross-domain-interoperability-framework.github.io/metadataBuildingBlocks/build/annotated/bbr/metadata/profiles/cdifProfile/cdifDataDescription/schema.yaml
/schema:distribution/_then/cdif:hasPhysicalMapping/_anyOf/0/cdif:index	https://w3id.org/cdif/index	https://cross-domain-interoperability-framework.github.io/metadataBuildingBlocks/build/annotated/bbr/metadata/cdifDataType/cdifPhysicalMapping/schema.yaml
/schema:distribution/_then/cdif:hasPhysicalMapping/_anyOf/0/cdif:format	https://w3id.org/cdif/format	https://cross-domain-interoperability-framework.github.io/metadataBuildingBlocks/build/annotated/bbr/metadata/cdifDataType/cdifPhysicalMapping/schema.yaml
/schema:distribution/_then/cdif:hasPhysicalMapping/_anyOf/0/cdif:physicalDataType	https://w3id.org/cdif/physicalDataType	https://cross-domain-interoperability-framework.github.io/metadataBuildingBlocks/build/annotated/bbr/metadata/cdifDataType/cdifPhysicalMapping/schema.yaml
/schema:distribution/_then/cdif:hasPhysicalMapping/_anyOf/0/cdi:numberPattern	http://ddialliance.org/Specification/DDI-CDI/1.0/RDF/numberPattern	https://cross-domain-interoperability-framework.github.io/metadataBuildingBlocks/build/annotated/bbr/metadata/cdifDataType/cdifPhysicalMapping/schema.yaml
/schema:distribution/_then/cdif:hasPhysicalMapping/_anyOf/0/cdi:nullSequence	http://ddialliance.org/Specification/DDI-CDI/1.0/RDF/nullSequence	https://cross-domain-interoperability-framework.github.io/metadataBuildingBlocks/build/annotated/bbr/metadata/cdifDataType/cdifPhysicalMapping/schema.yaml
/schema:distribution/_then/cdif:hasPhysicalMapping/_anyOf/0/cdi:defaultValue	http://ddialliance.org/Specification/DDI-CDI/1.0/RDF/defaultValue	https://cross-domain-interoperability-framework.github.io/metadataBuildingBlocks/build/annotated/bbr/metadata/cdifDataType/cdifPhysicalMapping/schema.yaml
/schema:distribution/_then/cdif:hasPhysicalMapping/_anyOf/0/cdi:scale	http://ddialliance.org/Specification/DDI-CDI/1.0/RDF/scale	https://cross-domain-interoperability-framework.github.io/metadataBuildingBlocks/build/annotated/bbr/metadata/cdifDataType/cdifPhysicalMapping/schema.yaml
/schema:distribution/_then/cdif:hasPhysicalMapping/_anyOf/0/cdi:decimalPositions	http://ddialliance.org/Specification/DDI-CDI/1.0/RDF/decimalPositions	https://cross-domain-interoperability-framework.github.io/metadataBuildingBlocks/build/annotated/bbr/metadata/cdifDataType/cdifPhysicalMapping/schema.yaml
/schema:distribution/_then/cdif:hasPhysicalMapping/_anyOf/0/cdi:minimumLength	http://ddialliance.org/Specification/DDI-CDI/1.0/RDF/minimumLength	https://cross-domain-interoperability-framework.github.io/metadataBuildingBlocks/build/annotated/bbr/metadata/cdifDataType/cdifPhysicalMapping/schema.yaml
/schema:distribution/_then/cdif:hasPhysicalMapping/_anyOf/0/cdi:maximumLength	http://ddialliance.org/Specification/DDI-CDI/1.0/RDF/maximumLength	https://cross-domain-interoperability-framework.github.io/metadataBuildingBlocks/build/annotated/bbr/metadata/cdifDataType/cdifPhysicalMapping/schema.yaml
/schema:distribution/_then/cdif:hasPhysicalMapping/_anyOf/0/cdi:isRequired	http://ddialliance.org/Specification/DDI-CDI/1.0/RDF/isRequired	https://cross-domain-interoperability-framework.github.io/metadataBuildingBlocks/build/annotated/bbr/metadata/cdifDataType/cdifPhysicalMapping/schema.yaml
/schema:distribution/_then/cdif:hasPhysicalMapping/_anyOf/0/cdif:formats_InstanceVariable	https://w3id.org/cdif/formats_InstanceVariable	https://cross-domain-interoperability-framework.github.io/metadataBuildingBlocks/build/annotated/bbr/metadata/cdifDataType/cdifPhysicalMapping/schema.yaml
/schema:distribution/_then/cdif:hasPhysicalMapping/_anyOf/1/cdi:length	http://ddialliance.org/Specification/DDI-CDI/1.0/RDF/length	https://cross-domain-interoperability-framework.github.io/metadataBuildingBlocks/build/annotated/bbr/metadata/cdifDataType/cdifTextMapping/schema.yaml
/schema:distribution/_then/cdif:hasPhysicalMapping/_anyOf/1/cdi:defaultDecimalSeparator	http://ddialliance.org/Specification/DDI-CDI/1.0/RDF/defaultDecimalSeparator	https://cross-domain-interoperability-framework.github.io/metadataBuildingBlocks/build/annotated/bbr/metadata/cdifDataType/cdifTextMapping/schema.yaml
/schema:distribution/_then/cdif:hasPhysicalMapping/_anyOf/1/cdi:defaultDigitGroupSeparator	http://ddialliance.org/Specification/DDI-CDI/1.0/RDF/defaultDigitGroupSeparator	https://cross-domain-interoperability-framework.github.io/metadataBuildingBlocks/build/annotated/bbr/metadata/cdifDataType/cdifTextMapping/schema.yaml
/schema:distribution/_then/cdif:hasPhysicalMapping/_anyOf/1/cdif:displayLabel	https://w3id.org/cdif/displayLabel	https://cross-domain-interoperability-framework.github.io/metadataBuildingBlocks/build/annotated/bbr/metadata/cdifDataType/cdifTextMapping/schema.yaml
/schema:distribution/_then/cdif:hasPhysicalMapping/_anyOf/2/cdi:locator	http://ddialliance.org/Specification/DDI-CDI/1.0/RDF/locator	https://cross-domain-interoperability-framework.github.io/metadataBuildingBlocks/build/annotated/bbr/metadata/cdifDataType/cdifLocatorMapping/schema.yaml
/schema:distribution/_then/cdi:characterSet		https://cross-domain-interoperability-framework.github.io/metadataBuildingBlocks/build/annotated/bbr/metadata/profiles/cdifProfile/cdifDataDescription/schema.yaml
/schema:distribution/_then/cdi:fingerprint		https://cross-domain-interoperability-framework.github.io/metadataBuildingBlocks/build/annotated/bbr/metadata/profiles/cdifProfile/cdifDataDescription/schema.yaml
/schema:distribution/_then/cdi:fingerprint/cdi:value	http://ddialliance.org/Specification/DDI-CDI/1.0/RDF/value	https://cross-domain-interoperability-framework.github.io/metadataBuildingBlocks/build/annotated/bbr/metadata/cdifDataType/cdifDataFingerprint/schema.yaml
/schema:distribution/_then/cdi:fingerprint/cdi:algorithmSpecification	http://ddialliance.org/Specification/DDI-CDI/1.0/RDF/algorithmSpecification	https://cross-domain-interoperability-framework.github.io/metadataBuildingBlocks/build/annotated/bbr/metadata/cdifDataType/cdifDataFingerprint/schema.yaml
/schema:distribution/_then/cdi:fingerprint/cdi:algorithmVersion	http://ddialliance.org/Specification/DDI-CDI/1.0/RDF/algorithmVersion	https://cross-domain-interoperability-framework.github.io/metadataBuildingBlocks/build/annotated/bbr/metadata/cdifDataType/cdifDataFingerprint/schema.yaml
/schema:distribution/_then/cdi:fingerprint/cdi:typeOfFingerprint	http://ddialliance.org/Specification/DDI-CDI/1.0/RDF/typeOfFingerprint	https://cross-domain-interoperability-framework.github.io/metadataBuildingBlocks/build/annotated/bbr/metadata/cdifDataType/cdifDataFingerprint/schema.yaml
/schema:distribution/_then/cdi:arrayBase	http://ddialliance.org/Specification/DDI-CDI/1.0/RDF/arrayBase	https://cross-domain-interoperability-framework.github.io/metadataBuildingBlocks/build/annotated/bbr/metadata/cdifDataType/cdifTabularTextDataSet/schema.yaml
/schema:distribution/_then/cdi:commentPrefix	http://ddialliance.org/Specification/DDI-CDI/1.0/RDF/commentPrefix	https://cross-domain-interoperability-framework.github.io/metadataBuildingBlocks/build/annotated/bbr/metadata/cdifDataType/cdifTabularTextDataSet/schema.yaml
/schema:distribution/_then/cdi:delimiter	http://ddialliance.org/Specification/DDI-CDI/1.0/RDF/delimiter	https://cross-domain-interoperability-framework.github.io/metadataBuildingBlocks/build/annotated/bbr/metadata/cdifDataType/cdifTabularTextDataSet/schema.yaml
/schema:distribution/_then/cdi:escapeCharacter	http://ddialliance.org/Specification/DDI-CDI/1.0/RDF/escapeCharacter	https://cross-domain-interoperability-framework.github.io/metadataBuildingBlocks/build/annotated/bbr/metadata/cdifDataType/cdifTabularTextDataSet/schema.yaml
/schema:distribution/_then/cdi:hasHeader	http://ddialliance.org/Specification/DDI-CDI/1.0/RDF/hasHeader	https://cross-domain-interoperability-framework.github.io/metadataBuildingBlocks/build/annotated/bbr/metadata/cdifDataType/cdifTabularTextDataSet/schema.yaml
/schema:distribution/_then/cdi:headerIsCaseSensitive	http://ddialliance.org/Specification/DDI-CDI/1.0/RDF/headerIsCaseSensitive	https://cross-domain-interoperability-framework.github.io/metadataBuildingBlocks/build/annotated/bbr/metadata/cdifDataType/cdifTabularTextDataSet/schema.yaml
/schema:distribution/_then/cdi:headerRowCount	http://ddialliance.org/Specification/DDI-CDI/1.0/RDF/headerRowCount	https://cross-domain-interoperability-framework.github.io/metadataBuildingBlocks/build/annotated/bbr/metadata/cdifDataType/cdifTabularTextDataSet/schema.yaml
/schema:distribution/_then/cdi:isDelimited	http://ddialliance.org/Specification/DDI-CDI/1.0/RDF/isDelimited	https://cross-domain-interoperability-framework.github.io/metadataBuildingBlocks/build/annotated/bbr/metadata/cdifDataType/cdifTabularTextDataSet/schema.yaml
/schema:distribution/_then/cdi:isFixedWidth	http://ddialliance.org/Specification/DDI-CDI/1.0/RDF/isFixedWidth	https://cross-domain-interoperability-framework.github.io/metadataBuildingBlocks/build/annotated/bbr/metadata/cdifDataType/cdifTabularTextDataSet/schema.yaml
/schema:distribution/_then/cdi:lineTerminator	http://ddialliance.org/Specification/DDI-CDI/1.0/RDF/lineTerminator	https://cross-domain-interoperability-framework.github.io/metadataBuildingBlocks/build/annotated/bbr/metadata/cdifDataType/cdifTabularTextDataSet/schema.yaml
/schema:distribution/_then/cdi:nullSequence	http://ddialliance.org/Specification/DDI-CDI/1.0/RDF/nullSequence	https://cross-domain-interoperability-framework.github.io/metadataBuildingBlocks/build/annotated/bbr/metadata/cdifDataType/cdifTabularTextDataSet/schema.yaml
/schema:distribution/_then/cdi:quoteCharacter	http://ddialliance.org/Specification/DDI-CDI/1.0/RDF/quoteCharacter	https://cross-domain-interoperability-framework.github.io/metadataBuildingBlocks/build/annotated/bbr/metadata/cdifDataType/cdifTabularTextDataSet/schema.yaml
/schema:distribution/_then/cdi:skipBlankRows	http://ddialliance.org/Specification/DDI-CDI/1.0/RDF/skipBlankRows	https://cross-domain-interoperability-framework.github.io/metadataBuildingBlocks/build/annotated/bbr/metadata/cdifDataType/cdifTabularTextDataSet/schema.yaml
/schema:distribution/_then/cdi:skipDataColumns	http://ddialliance.org/Specification/DDI-CDI/1.0/RDF/skipDataColumns	https://cross-domain-interoperability-framework.github.io/metadataBuildingBlocks/build/annotated/bbr/metadata/cdifDataType/cdifTabularTextDataSet/schema.yaml
/schema:distribution/_then/cdi:skipInitialSpace	http://ddialliance.org/Specification/DDI-CDI/1.0/RDF/skipInitialSpace	https://cross-domain-interoperability-framework.github.io/metadataBuildingBlocks/build/annotated/bbr/metadata/cdifDataType/cdifTabularTextDataSet/schema.yaml
/schema:distribution/_then/cdi:skipRows	http://ddialliance.org/Specification/DDI-CDI/1.0/RDF/skipRows	https://cross-domain-interoperability-framework.github.io/metadataBuildingBlocks/build/annotated/bbr/metadata/cdifDataType/cdifTabularTextDataSet/schema.yaml
/schema:distribution/_then/cdi:tableDirection	http://ddialliance.org/Specification/DDI-CDI/1.0/RDF/tableDirection	https://cross-domain-interoperability-framework.github.io/metadataBuildingBlocks/build/annotated/bbr/metadata/cdifDataType/cdifTabularTextDataSet/schema.yaml
/schema:distribution/_then/cdi:textDirection	http://ddialliance.org/Specification/DDI-CDI/1.0/RDF/textDirection	https://cross-domain-interoperability-framework.github.io/metadataBuildingBlocks/build/annotated/bbr/metadata/cdifDataType/cdifTabularTextDataSet/schema.yaml
/schema:distribution/_then/cdi:treatConsecutiveDelimitersAsOne	http://ddialliance.org/Specification/DDI-CDI/1.0/RDF/treatConsecutiveDelimitersAsOne	https://cross-domain-interoperability-framework.github.io/metadataBuildingBlocks/build/annotated/bbr/metadata/cdifDataType/cdifTabularTextDataSet/schema.yaml
/schema:distribution/_then/cdi:trim	http://ddialliance.org/Specification/DDI-CDI/1.0/RDF/trim	https://cross-domain-interoperability-framework.github.io/metadataBuildingBlocks/build/annotated/bbr/metadata/cdifDataType/cdifTabularTextDataSet/schema.yaml
/schema:distribution/_then/cdif:encoding	https://w3id.org/cdif/encoding	https://cross-domain-interoperability-framework.github.io/metadataBuildingBlocks/build/annotated/bbr/metadata/cdifDataType/cdifStructuredDataSet/schema.yaml
/schema:distribution/_then/schema:potentialAction		https://cross-domain-interoperability-framework.github.io/metadataBuildingBlocks/build/annotated/bbr/metadata/profiles/cdifProfile/cdifDataDescription/schema.yaml
/schema:distribution/_then/schema:potentialAction/schema:result		https://cross-domain-interoperability-framework.github.io/metadataBuildingBlocks/build/annotated/bbr/metadata/profiles/cdifProfile/cdifDataDescription/schema.yaml
/schema:distribution/_then/schema:potentialAction/schema:result/cdif:hasPhysicalMapping		https://cross-domain-interoperability-framework.github.io/metadataBuildingBlocks/build/annotated/bbr/metadata/profiles/cdifProfile/cdifDataDescription/schema.yaml
/schema:distribution/_then/schema:potentialAction/schema:result/cdi:characterSet		https://cross-domain-interoperability-framework.github.io/metadataBuildingBlocks/build/annotated/bbr/metadata/profiles/cdifProfile/cdifDataDescription/schema.yaml
/_then/schema:subjectOf		https://cross-domain-interoperability-framework.github.io/metadataBuildingBlocks/build/annotated/bbr/metadata/profiles/cdifProfile/cdifManifest/schema.yaml
/_then/schema:subjectOf/dcterms:conformsTo		https://cross-domain-interoperability-framework.github.io/metadataBuildingBlocks/build/annotated/bbr/metadata/profiles/cdifProfile/cdifManifest/schema.yaml
/_then/schema:hasPart		https://cross-domain-interoperability-framework.github.io/metadataBuildingBlocks/build/annotated/bbr/metadata/profiles/cdifProfile/cdifManifest/schema.yaml
/_then/schema:hasPart/schema:name		https://cross-domain-interoperability-framework.github.io/metadataBuildingBlocks/build/annotated/bbr/metadata/profiles/cdifProfile/cdifManifest/schema.yaml
/_then/schema:hasPart/schema:description		https://cross-domain-interoperability-framework.github.io/metadataBuildingBlocks/build/annotated/bbr/metadata/profiles/cdifProfile/cdifManifest/schema.yaml
/_then/schema:hasPart/schema:encodingFormat		https://cross-domain-interoperability-framework.github.io/metadataBuildingBlocks/build/annotated/bbr/metadata/profiles/cdifProfile/cdifManifest/schema.yaml
/_then/schema:hasPart/schema:url		https://cross-domain-interoperability-framework.github.io/metadataBuildingBlocks/build/annotated/bbr/metadata/profiles/cdifProfile/cdifManifest/schema.yaml
/_then/schema:hasPart/schema:about		https://cross-domain-interoperability-framework.github.io/metadataBuildingBlocks/build/annotated/bbr/metadata/profiles/cdifProfile/cdifManifest/schema.yaml
/_then/schema:distribution		https://cross-domain-interoperability-framework.github.io/metadataBuildingBlocks/build/annotated/bbr/metadata/profiles/cdifProfile/cdifManifest/schema.yaml
/_then/schema:distribution/schema:hasPart		https://cross-domain-interoperability-framework.github.io/metadataBuildingBlocks/build/annotated/bbr/metadata/profiles/cdifProfile/cdifManifest/schema.yaml
/_then/schema:distribution/schema:hasPart/schema:name		https://cross-domain-interoperability-framework.github.io/metadataBuildingBlocks/build/annotated/bbr/metadata/profiles/cdifProfile/cdifManifest/schema.yaml
/_then/schema:distribution/schema:hasPart/schema:description		https://cross-domain-interoperability-framework.github.io/metadataBuildingBlocks/build/annotated/bbr/metadata/profiles/cdifProfile/cdifManifest/schema.yaml
/_then/schema:distribution/schema:hasPart/schema:encodingFormat		https://cross-domain-interoperability-framework.github.io/metadataBuildingBlocks/build/annotated/bbr/metadata/profiles/cdifProfile/cdifManifest/schema.yaml
/_then/schema:distribution/schema:hasPart/schema:size		https://cross-domain-interoperability-framework.github.io/metadataBuildingBlocks/build/annotated/bbr/metadata/profiles/cdifProfile/cdifManifest/schema.yaml
/_then/schema:distribution/schema:hasPart/schema:size/schema:value		https://cross-domain-interoperability-framework.github.io/metadataBuildingBlocks/build/annotated/bbr/metadata/profiles/cdifProfile/cdifManifest/schema.yaml
/_then/schema:distribution/schema:hasPart/schema:size/schema:unitText		https://cross-domain-interoperability-framework.github.io/metadataBuildingBlocks/build/annotated/bbr/metadata/profiles/cdifProfile/cdifManifest/schema.yaml
/_then/schema:distribution/schema:hasPart/schema:about		https://cross-domain-interoperability-framework.github.io/metadataBuildingBlocks/build/annotated/bbr/metadata/profiles/cdifProfile/cdifManifest/schema.yaml
/_then/schema:distribution/schema:hasPart/spdx:checksum		https://cross-domain-interoperability-framework.github.io/metadataBuildingBlocks/build/annotated/bbr/metadata/profiles/cdifProfile/cdifManifest/schema.yaml
/_then/schema:distribution/schema:hasPart/spdx:checksum/spdx:algorithm		https://cross-domain-interoperability-framework.github.io/metadataBuildingBlocks/build/annotated/bbr/metadata/profiles/cdifProfile/cdifManifest/schema.yaml
/_then/schema:distribution/schema:hasPart/spdx:checksum/spdx:checksumValue		https://cross-domain-interoperability-framework.github.io/metadataBuildingBlocks/build/annotated/bbr/metadata/profiles/cdifProfile/cdifManifest/schema.yaml
/_then/schema:distribution/schema:hasPart/_anyOf/0/cdif:hasPhysicalMapping	https://w3id.org/cdif/hasPhysicalMapping	https://cross-domain-interoperability-framework.github.io/metadataBuildingBlocks/build/annotated/bbr/metadata/cdifDataType/cdifDataCube/schema.yaml
/_then/schema:distribution/schema:hasPart/_anyOf/0/cdif:hasPhysicalMapping/cdi:locator	http://ddialliance.org/Specification/DDI-CDI/1.0/RDF/locator	https://cross-domain-interoperability-framework.github.io/metadataBuildingBlocks/build/annotated/bbr/metadata/cdifDataType/cdifDataCube/schema.yaml
/_then/schema:distribution/schema:hasPart/_anyOf/1/_oneOf/0/cdi:isDelimited	http://ddialliance.org/Specification/DDI-CDI/1.0/RDF/isDelimited	https://cross-domain-interoperability-framework.github.io/metadataBuildingBlocks/build/annotated/bbr/metadata/cdifDataType/cdifTabularData/schema.yaml
/_then/schema:distribution/schema:hasPart/_anyOf/1/_oneOf/0/cdi:isFixedWidth	http://ddialliance.org/Specification/DDI-CDI/1.0/RDF/isFixedWidth	https://cross-domain-interoperability-framework.github.io/metadataBuildingBlocks/build/annotated/bbr/metadata/cdifDataType/cdifTabularData/schema.yaml
/_then/schema:distribution/schema:hasPart/_anyOf/1/_oneOf/1/cdi:isDelimited	http://ddialliance.org/Specification/DDI-CDI/1.0/RDF/isDelimited	https://cross-domain-interoperability-framework.github.io/metadataBuildingBlocks/build/annotated/bbr/metadata/cdifDataType/cdifTabularData/schema.yaml
/_then/schema:distribution/schema:hasPart/_anyOf/1/_oneOf/1/cdi:isFixedWidth	http://ddialliance.org/Specification/DDI-CDI/1.0/RDF/isFixedWidth	https://cross-domain-interoperability-framework.github.io/metadataBuildingBlocks/build/annotated/bbr/metadata/cdifDataType/cdifTabularData/schema.yaml
/_then/schema:distribution/schema:hasPart/_anyOf/1/cdi:arrayBase	http://ddialliance.org/Specification/DDI-CDI/1.0/RDF/arrayBase	https://cross-domain-interoperability-framework.github.io/metadataBuildingBlocks/build/annotated/bbr/metadata/cdifDataType/cdifTabularData/schema.yaml
/_then/schema:distribution/schema:hasPart/_anyOf/1/csvw:commentPrefix		https://cross-domain-interoperability-framework.github.io/metadataBuildingBlocks/build/annotated/bbr/metadata/cdifDataType/cdifTabularData/schema.yaml
/_then/schema:distribution/schema:hasPart/_anyOf/1/csvw:delimiter		https://cross-domain-interoperability-framework.github.io/metadataBuildingBlocks/build/annotated/bbr/metadata/cdifDataType/cdifTabularData/schema.yaml
/_then/schema:distribution/schema:hasPart/_anyOf/1/csvw:header		https://cross-domain-interoperability-framework.github.io/metadataBuildingBlocks/build/annotated/bbr/metadata/cdifDataType/cdifTabularData/schema.yaml
/_then/schema:distribution/schema:hasPart/_anyOf/1/csvw:headerRowCount		https://cross-domain-interoperability-framework.github.io/metadataBuildingBlocks/build/annotated/bbr/metadata/cdifDataType/cdifTabularData/schema.yaml
/_then/schema:distribution/schema:hasPart/_anyOf/1/cdi:isDelimited	http://ddialliance.org/Specification/DDI-CDI/1.0/RDF/isDelimited	https://cross-domain-interoperability-framework.github.io/metadataBuildingBlocks/build/annotated/bbr/metadata/cdifDataType/cdifTabularData/schema.yaml
/_then/schema:distribution/schema:hasPart/_anyOf/1/cdi:isFixedWidth	http://ddialliance.org/Specification/DDI-CDI/1.0/RDF/isFixedWidth	https://cross-domain-interoperability-framework.github.io/metadataBuildingBlocks/build/annotated/bbr/metadata/cdifDataType/cdifTabularData/schema.yaml
/_then/schema:distribution/schema:hasPart/_anyOf/1/csvw:lineTerminators		https://cross-domain-interoperability-framework.github.io/metadataBuildingBlocks/build/annotated/bbr/metadata/cdifDataType/cdifTabularData/schema.yaml
/_then/schema:distribution/schema:hasPart/_anyOf/1/csvw:quoteChar		https://cross-domain-interoperability-framework.github.io/metadataBuildingBlocks/build/annotated/bbr/metadata/cdifDataType/cdifTabularData/schema.yaml
/_then/schema:distribution/schema:hasPart/_anyOf/1/csvw:skipBlankRows		https://cross-domain-interoperability-framework.github.io/metadataBuildingBlocks/build/annotated/bbr/metadata/cdifDataType/cdifTabularData/schema.yaml
/_then/schema:distribution/schema:hasPart/_anyOf/1/csvw:skipColumns		https://cross-domain-interoperability-framework.github.io/metadataBuildingBlocks/build/annotated/bbr/metadata/cdifDataType/cdifTabularData/schema.yaml
/_then/schema:distribution/schema:hasPart/_anyOf/1/csvw:skipInitialSpace		https://cross-domain-interoperability-framework.github.io/metadataBuildingBlocks/build/annotated/bbr/metadata/cdifDataType/cdifTabularData/schema.yaml
/_then/schema:distribution/schema:hasPart/_anyOf/1/csvw:skipRows		https://cross-domain-interoperability-framework.github.io/metadataBuildingBlocks/build/annotated/bbr/metadata/cdifDataType/cdifTabularData/schema.yaml
/_then/schema:distribution/schema:hasPart/_anyOf/1/cdi:escapeCharacter	http://ddialliance.org/Specification/DDI-CDI/1.0/RDF/escapeCharacter	https://cross-domain-interoperability-framework.github.io/metadataBuildingBlocks/build/annotated/bbr/metadata/cdifDataType/cdifTabularData/schema.yaml
/_then/schema:distribution/schema:hasPart/_anyOf/1/cdi:headerIsCaseSensitive	http://ddialliance.org/Specification/DDI-CDI/1.0/RDF/headerIsCaseSensitive	https://cross-domain-interoperability-framework.github.io/metadataBuildingBlocks/build/annotated/bbr/metadata/cdifDataType/cdifTabularData/schema.yaml
/_then/schema:distribution/schema:hasPart/_anyOf/1/cdi:treatConsecutiveDelimitersAsOne	http://ddialliance.org/Specification/DDI-CDI/1.0/RDF/treatConsecutiveDelimitersAsOne	https://cross-domain-interoperability-framework.github.io/metadataBuildingBlocks/build/annotated/bbr/metadata/cdifDataType/cdifTabularData/schema.yaml
/_then/schema:distribution/schema:hasPart/_anyOf/1/csvw:tableDirection		https://cross-domain-interoperability-framework.github.io/metadataBuildingBlocks/build/annotated/bbr/metadata/cdifDataType/cdifTabularData/schema.yaml
/_then/schema:distribution/schema:hasPart/_anyOf/1/csvw:textDirection		https://cross-domain-interoperability-framework.github.io/metadataBuildingBlocks/build/annotated/bbr/metadata/cdifDataType/cdifTabularData/schema.yaml
/_then/schema:distribution/schema:hasPart/_anyOf/1/csvw:trim		https://cross-domain-interoperability-framework.github.io/metadataBuildingBlocks/build/annotated/bbr/metadata/cdifDataType/cdifTabularData/schema.yaml
/_then/schema:distribution/schema:hasPart/_anyOf/1/cdif:hasPhysicalMapping	https://w3id.org/cdif/hasPhysicalMapping	https://cross-domain-interoperability-framework.github.io/metadataBuildingBlocks/build/annotated/bbr/metadata/cdifDataType/cdifTabularData/schema.yaml
/_then/schema:distribution/schema:hasPart/_anyOf/1/countRows		https://cross-domain-interoperability-framework.github.io/metadataBuildingBlocks/build/annotated/bbr/metadata/cdifDataType/cdifTabularData/schema.yaml
/_then/schema:distribution/schema:hasPart/_anyOf/1/countColumns		https://cross-domain-interoperability-framework.github.io/metadataBuildingBlocks/build/annotated/bbr/metadata/cdifDataType/cdifTabularData/schema.yaml
/prov:wasGeneratedBy/prov:used/_then/schema:instrument	http://schema.org/instrument	https://raw.githubusercontent.com/amds-ldeo/geochemBuildingBlocks/undefined/build/annotated/BaseSchema/tappDefinition/schema.yaml
/prov:wasGeneratedBy/prov:used/_then/schema:instrument/schema:additionalType	http://schema.org/additionalType	https://raw.githubusercontent.com/amds-ldeo/geochemBuildingBlocks/undefined/build/annotated/BaseSchema/instrument/schema.yaml
/prov:wasGeneratedBy/prov:used/_then/schema:instrument/schema:name	http://schema.org/name	https://cross-domain-interoperability-framework.github.io/metadataBuildingBlocks/build/annotated/bbr/metadata/schemaorgProperties/instrument/schema.yaml
/prov:wasGeneratedBy/prov:used/_then/schema:instrument/schema:description	http://schema.org/description	https://cross-domain-interoperability-framework.github.io/metadataBuildingBlocks/build/annotated/bbr/metadata/schemaorgProperties/instrument/schema.yaml
/prov:wasGeneratedBy/prov:used/_then/schema:instrument/schema:alternateName	http://schema.org/alternateName	https://cross-domain-interoperability-framework.github.io/metadataBuildingBlocks/build/annotated/bbr/metadata/schemaorgProperties/instrument/schema.yaml
/prov:wasGeneratedBy/prov:used/_then/schema:instrument/schema:identifier	http://schema.org/identifier	https://cross-domain-interoperability-framework.github.io/metadataBuildingBlocks/build/annotated/bbr/metadata/schemaorgProperties/instrument/schema.yaml
/prov:wasGeneratedBy/prov:used/_then/schema:instrument/schema:url	http://schema.org/url	https://cross-domain-interoperability-framework.github.io/metadataBuildingBlocks/build/annotated/bbr/metadata/schemaorgProperties/instrument/schema.yaml
/prov:wasGeneratedBy/prov:used/_then/schema:instrument/schema:manufacturer	http://schema.org/manufacturer	https://cross-domain-interoperability-framework.github.io/metadataBuildingBlocks/build/annotated/bbr/metadata/schemaorgProperties/instrument/schema.yaml
/prov:wasGeneratedBy/prov:used/_then/schema:instrument/schema:model	http://schema.org/model	https://cross-domain-interoperability-framework.github.io/metadataBuildingBlocks/build/annotated/bbr/metadata/schemaorgProperties/instrument/schema.yaml
/prov:wasGeneratedBy/prov:used/_then/schema:instrument/schema:model/schema:name	http://schema.org/name	https://cross-domain-interoperability-framework.github.io/metadataBuildingBlocks/build/annotated/bbr/metadata/schemaorgProperties/instrument/schema.yaml
/prov:wasGeneratedBy/prov:used/_then/schema:instrument/schema:model/schema:identifier	http://schema.org/identifier	https://cross-domain-interoperability-framework.github.io/metadataBuildingBlocks/build/annotated/bbr/metadata/schemaorgProperties/instrument/schema.yaml
/prov:wasGeneratedBy/prov:used/_then/schema:instrument/schema:category	http://schema.org/category	https://cross-domain-interoperability-framework.github.io/metadataBuildingBlocks/build/annotated/bbr/metadata/schemaorgProperties/instrument/schema.yaml
/prov:wasGeneratedBy/prov:used/_then/schema:instrument/schema:owner	http://schema.org/owner	https://cross-domain-interoperability-framework.github.io/metadataBuildingBlocks/build/annotated/bbr/metadata/schemaorgProperties/instrument/schema.yaml
/prov:wasGeneratedBy/prov:used/_then/schema:instrument/schema:contributor	http://schema.org/contributor	https://cross-domain-interoperability-framework.github.io/metadataBuildingBlocks/build/annotated/bbr/metadata/schemaorgProperties/instrument/schema.yaml
/prov:wasGeneratedBy/prov:used/_then/schema:instrument/schema:additionalProperty	http://schema.org/additionalProperty	https://cross-domain-interoperability-framework.github.io/metadataBuildingBlocks/build/annotated/bbr/metadata/schemaorgProperties/instrument/schema.yaml
/prov:wasGeneratedBy/prov:used/_then/schema:instrument/schema:additionalProperty/_anyOf/0/schema:propertyID	http://schema.org/propertyID	https://cross-domain-interoperability-framework.github.io/metadataBuildingBlocks/build/annotated/bbr/metadata/schemaorgProperties/additionalProperty/schema.yaml
/prov:wasGeneratedBy/prov:used/_then/schema:instrument/schema:additionalProperty/_anyOf/0/schema:name	http://schema.org/name	https://cross-domain-interoperability-framework.github.io/metadataBuildingBlocks/build/annotated/bbr/metadata/schemaorgProperties/additionalProperty/schema.yaml
/prov:wasGeneratedBy/prov:used/_then/schema:instrument/schema:additionalProperty/_anyOf/0/schema:value	http://schema.org/value	https://cross-domain-interoperability-framework.github.io/metadataBuildingBlocks/build/annotated/bbr/metadata/schemaorgProperties/additionalProperty/schema.yaml
/prov:wasGeneratedBy/prov:used/_then/schema:instrument/schema:additionalProperty/_anyOf/0/schema:unitCode	http://schema.org/unitCode	https://cross-domain-interoperability-framework.github.io/metadataBuildingBlocks/build/annotated/bbr/metadata/schemaorgProperties/additionalProperty/schema.yaml
/prov:wasGeneratedBy/prov:used/_then/schema:instrument/schema:additionalProperty/_anyOf/0/schema:unitText	http://schema.org/unitText	https://cross-domain-interoperability-framework.github.io/metadataBuildingBlocks/build/annotated/bbr/metadata/schemaorgProperties/additionalProperty/schema.yaml
/prov:wasGeneratedBy/prov:used/_then/schema:instrument/schema:additionalProperty/_anyOf/1/schema:name	http://schema.org/name	https://cross-domain-interoperability-framework.github.io/metadataBuildingBlocks/build/annotated/bbr/metadata/schemaorgProperties/instrument/schema.yaml
/prov:wasGeneratedBy/prov:used/_then/schema:instrument/schema:validFrom	http://schema.org/validFrom	https://cross-domain-interoperability-framework.github.io/metadataBuildingBlocks/build/annotated/bbr/metadata/schemaorgProperties/instrument/schema.yaml
/prov:wasGeneratedBy/prov:used/_then/schema:instrument/schema:validThrough	http://schema.org/validThrough	https://cross-domain-interoperability-framework.github.io/metadataBuildingBlocks/build/annotated/bbr/metadata/schemaorgProperties/instrument/schema.yaml
/prov:wasGeneratedBy/prov:used/_then/schema:instrument/schema:hasPart	http://schema.org/hasPart	https://raw.githubusercontent.com/amds-ldeo/geochemBuildingBlocks/undefined/build/annotated/BaseSchema/instrument/schema.yaml
/prov:wasGeneratedBy/prov:used/_then/schema:instrument/schema:hasPart/_anyOf/0/schema:name	http://schema.org/name	https://raw.githubusercontent.com/amds-ldeo/geochemBuildingBlocks/undefined/build/annotated/BaseSchema/instrument/schema.yaml
/prov:wasGeneratedBy/prov:used/_then/schema:instrument/schema:hasPart/_anyOf/0/schema:description	http://schema.org/description	https://cross-domain-interoperability-framework.github.io/metadataBuildingBlocks/build/annotated/bbr/metadata/schemaorgProperties/instrument/schema.yaml
/prov:wasGeneratedBy/prov:used/_then/schema:instrument/schema:hasPart/_anyOf/0/schema:alternateName	http://schema.org/alternateName	https://cross-domain-interoperability-framework.github.io/metadataBuildingBlocks/build/annotated/bbr/metadata/schemaorgProperties/instrument/schema.yaml
/prov:wasGeneratedBy/prov:used/_then/schema:instrument/schema:hasPart/_anyOf/0/schema:identifier	http://schema.org/identifier	https://cross-domain-interoperability-framework.github.io/metadataBuildingBlocks/build/annotated/bbr/metadata/schemaorgProperties/instrument/schema.yaml
/prov:wasGeneratedBy/prov:used/_then/schema:instrument/schema:hasPart/_anyOf/0/schema:additionalType	http://schema.org/additionalType	https://raw.githubusercontent.com/amds-ldeo/geochemBuildingBlocks/undefined/build/annotated/BaseSchema/instrument/schema.yaml
/prov:wasGeneratedBy/prov:used/_then/schema:instrument/schema:hasPart/_anyOf/0/schema:additionalProperty	http://schema.org/additionalProperty	https://cross-domain-interoperability-framework.github.io/metadataBuildingBlocks/build/annotated/bbr/metadata/schemaorgProperties/instrument/schema.yaml
/prov:wasGeneratedBy/prov:used/_then/schema:instrument/schema:hasPart/_anyOf/0/schema:manufacturer	http://schema.org/manufacturer	https://cross-domain-interoperability-framework.github.io/metadataBuildingBlocks/build/annotated/bbr/metadata/schemaorgProperties/instrument/schema.yaml
/prov:wasGeneratedBy/prov:used/_then/schema:instrument/schema:hasPart/_anyOf/0/schema:model	http://schema.org/model	https://cross-domain-interoperability-framework.github.io/metadataBuildingBlocks/build/annotated/bbr/metadata/schemaorgProperties/instrument/schema.yaml
/prov:wasGeneratedBy/prov:used/_then/schema:instrument/schema:hasPart/_anyOf/0/schema:model/schema:name	http://schema.org/name	https://cross-domain-interoperability-framework.github.io/metadataBuildingBlocks/build/annotated/bbr/metadata/schemaorgProperties/instrument/schema.yaml
/prov:wasGeneratedBy/prov:used/_then/schema:instrument/schema:hasPart/_anyOf/0/schema:model/schema:identifier	http://schema.org/identifier	https://cross-domain-interoperability-framework.github.io/metadataBuildingBlocks/build/annotated/bbr/metadata/schemaorgProperties/instrument/schema.yaml
/prov:wasGeneratedBy/prov:used/_then/schema:instrument/schema:relatedLink	http://schema.org/relatedLink	https://cross-domain-interoperability-framework.github.io/metadataBuildingBlocks/build/annotated/bbr/metadata/schemaorgProperties/instrument/schema.yaml
/prov:wasGeneratedBy/prov:used/_then/schema:instrument/schema:subjectOf	http://schema.org/subjectOf	https://cross-domain-interoperability-framework.github.io/metadataBuildingBlocks/build/annotated/bbr/metadata/schemaorgProperties/instrument/schema.yaml
/prov:wasGeneratedBy/prov:used/_then/schema:instrument/schema:subjectOf/schema:dateModified	http://schema.org/dateModified	https://cross-domain-interoperability-framework.github.io/metadataBuildingBlocks/build/annotated/bbr/metadata/schemaorgProperties/instrument/schema.yaml
/prov:wasGeneratedBy/prov:used/_then/schema:instrument/schema:subjectOf/schema:about	http://schema.org/about	https://cross-domain-interoperability-framework.github.io/metadataBuildingBlocks/build/annotated/bbr/metadata/schemaorgProperties/instrument/schema.yaml
/prov:wasGeneratedBy/prov:used/_then/schema:instrument/schema:subjectOf/dcterms:conformsTo		https://cross-domain-interoperability-framework.github.io/metadataBuildingBlocks/build/annotated/bbr/metadata/schemaorgProperties/instrument/schema.yaml
/prov:wasGeneratedBy/schema:name	http://schema.org/name	https://cross-domain-interoperability-framework.github.io/metadataBuildingBlocks/build/annotated/bbr/metadata/cdifDataType/cdifProvActivity/schema.yaml
/prov:wasGeneratedBy/schema:description	http://schema.org/description	https://cross-domain-interoperability-framework.github.io/metadataBuildingBlocks/build/annotated/bbr/metadata/cdifDataType/cdifProvActivity/schema.yaml
/prov:wasGeneratedBy/schema:identifier	http://schema.org/identifier	https://raw.githubusercontent.com/amds-ldeo/geochemBuildingBlocks/undefined/build/annotated/BaseSchema/geochemProduct/schema.yaml
/prov:wasGeneratedBy/schema:agent	http://schema.org/agent	https://cross-domain-interoperability-framework.github.io/metadataBuildingBlocks/build/annotated/bbr/metadata/cdifDataType/cdifProvActivity/schema.yaml
/prov:wasGeneratedBy/schema:participant	http://schema.org/participant	https://cross-domain-interoperability-framework.github.io/metadataBuildingBlocks/build/annotated/bbr/metadata/cdifDataType/cdifProvActivity/schema.yaml
/prov:wasGeneratedBy/schema:object	http://schema.org/object	https://raw.githubusercontent.com/amds-ldeo/geochemBuildingBlocks/undefined/build/annotated/BaseSchema/geochemProduct/schema.yaml
/prov:wasGeneratedBy/schema:result	http://schema.org/result	https://cross-domain-interoperability-framework.github.io/metadataBuildingBlocks/build/annotated/bbr/metadata/cdifDataType/cdifProvActivity/schema.yaml
/prov:wasGeneratedBy/schema:actionStatus	http://schema.org/actionStatus	https://cross-domain-interoperability-framework.github.io/metadataBuildingBlocks/build/annotated/bbr/metadata/cdifDataType/cdifProvActivity/schema.yaml
/prov:wasGeneratedBy/schema:startTime	http://schema.org/startTime	https://cross-domain-interoperability-framework.github.io/metadataBuildingBlocks/build/annotated/bbr/metadata/cdifDataType/cdifProvActivity/schema.yaml
/prov:wasGeneratedBy/schema:endTime	http://schema.org/endTime	https://cross-domain-interoperability-framework.github.io/metadataBuildingBlocks/build/annotated/bbr/metadata/cdifDataType/cdifProvActivity/schema.yaml
/prov:wasGeneratedBy/schema:location	http://schema.org/location	https://raw.githubusercontent.com/amds-ldeo/geochemBuildingBlocks/undefined/build/annotated/BaseSchema/geochemProduct/schema.yaml
/prov:wasGeneratedBy/schema:location/_anyOf/0/schema:additionalType	http://schema.org/additionalType	https://cross-domain-interoperability-framework.github.io/metadataBuildingBlocks/build/annotated/bbr/metadata/schemaorgProperties/spatialExtent/schema.yaml
/prov:wasGeneratedBy/schema:location/_anyOf/0/schema:name	http://schema.org/name	https://cross-domain-interoperability-framework.github.io/metadataBuildingBlocks/build/annotated/bbr/metadata/schemaorgProperties/spatialExtent/schema.yaml
/prov:wasGeneratedBy/schema:location/_anyOf/0/schema:identifier	http://schema.org/identifier	https://cross-domain-interoperability-framework.github.io/metadataBuildingBlocks/build/annotated/bbr/metadata/schemaorgProperties/spatialExtent/schema.yaml
/prov:wasGeneratedBy/schema:location/_anyOf/0/schema:alternateName	http://schema.org/alternateName	https://cross-domain-interoperability-framework.github.io/metadataBuildingBlocks/build/annotated/bbr/metadata/schemaorgProperties/spatialExtent/schema.yaml
/prov:wasGeneratedBy/schema:location/_anyOf/0/schema:geo	http://schema.org/geo	https://cross-domain-interoperability-framework.github.io/metadataBuildingBlocks/build/annotated/bbr/metadata/schemaorgProperties/spatialExtent/schema.yaml
/prov:wasGeneratedBy/schema:location/_anyOf/0/schema:geo/_anyOf/0/schema:latitude	http://schema.org/latitude	https://cross-domain-interoperability-framework.github.io/metadataBuildingBlocks/build/annotated/bbr/metadata/schemaorgProperties/spatialExtent/schema.yaml
/prov:wasGeneratedBy/schema:location/_anyOf/0/schema:geo/_anyOf/0/schema:longitude	http://schema.org/longitude	https://cross-domain-interoperability-framework.github.io/metadataBuildingBlocks/build/annotated/bbr/metadata/schemaorgProperties/spatialExtent/schema.yaml
/prov:wasGeneratedBy/schema:location/_anyOf/0/schema:geo/_anyOf/1/schema:box	http://schema.org/box	https://cross-domain-interoperability-framework.github.io/metadataBuildingBlocks/build/annotated/bbr/metadata/schemaorgProperties/spatialExtent/schema.yaml
/prov:wasGeneratedBy/schema:location/_anyOf/0/schema:geo/_anyOf/2/schema:line	http://schema.org/line	https://cross-domain-interoperability-framework.github.io/metadataBuildingBlocks/build/annotated/bbr/metadata/schemaorgProperties/spatialExtent/schema.yaml
/prov:wasGeneratedBy/schema:location/_anyOf/0/geosparql:hasGeometry		https://cross-domain-interoperability-framework.github.io/metadataBuildingBlocks/build/annotated/bbr/metadata/schemaorgProperties/spatialExtent/schema.yaml
/prov:wasGeneratedBy/schema:location/_anyOf/0/geosparql:hasGeometry/geosparql:asWKT		https://cross-domain-interoperability-framework.github.io/metadataBuildingBlocks/build/annotated/bbr/metadata/schemaorgProperties/spatialExtent/schema.yaml
/prov:wasGeneratedBy/schema:location/_anyOf/0/geosparql:hasGeometry/geosparql:crs		https://cross-domain-interoperability-framework.github.io/metadataBuildingBlocks/build/annotated/bbr/metadata/schemaorgProperties/spatialExtent/schema.yaml
/prov:wasGeneratedBy/schema:actionProcess	http://schema.org/actionProcess	https://cross-domain-interoperability-framework.github.io/metadataBuildingBlocks/build/annotated/bbr/metadata/cdifDataType/cdifProvActivity/schema.yaml
/prov:wasGeneratedBy/schema:actionProcess/_anyOf/0/schema:name	http://schema.org/name	https://cross-domain-interoperability-framework.github.io/metadataBuildingBlocks/build/annotated/bbr/metadata/cdifDataType/cdifProvActivity/schema.yaml
/prov:wasGeneratedBy/schema:actionProcess/_anyOf/0/schema:description	http://schema.org/description	https://cross-domain-interoperability-framework.github.io/metadataBuildingBlocks/build/annotated/bbr/metadata/cdifDataType/cdifProvActivity/schema.yaml
/prov:wasGeneratedBy/schema:actionProcess/_anyOf/0/schema:url	http://schema.org/url	https://cross-domain-interoperability-framework.github.io/metadataBuildingBlocks/build/annotated/bbr/metadata/cdifDataType/cdifProvActivity/schema.yaml
/prov:wasGeneratedBy/schema:actionProcess/_anyOf/0/schema:step	http://schema.org/step	https://cross-domain-interoperability-framework.github.io/metadataBuildingBlocks/build/annotated/bbr/metadata/cdifDataType/cdifProvActivity/schema.yaml
/prov:wasGeneratedBy/schema:actionProcess/_anyOf/0/schema:step/schema:name	http://schema.org/name	https://cross-domain-interoperability-framework.github.io/metadataBuildingBlocks/build/annotated/bbr/metadata/cdifDataType/cdifProvActivity/schema.yaml
/prov:wasGeneratedBy/schema:actionProcess/_anyOf/0/schema:step/schema:description	http://schema.org/description	https://cross-domain-interoperability-framework.github.io/metadataBuildingBlocks/build/annotated/bbr/metadata/cdifDataType/cdifProvActivity/schema.yaml
/prov:wasGeneratedBy/schema:actionProcess/_anyOf/0/schema:step/schema:url	http://schema.org/url	https://cross-domain-interoperability-framework.github.io/metadataBuildingBlocks/build/annotated/bbr/metadata/cdifDataType/cdifProvActivity/schema.yaml
/prov:wasGeneratedBy/schema:actionProcess/_anyOf/0/schema:step/schema:position	http://schema.org/position	https://cross-domain-interoperability-framework.github.io/metadataBuildingBlocks/build/annotated/bbr/metadata/cdifDataType/cdifProvActivity/schema.yaml
/prov:wasGeneratedBy/schema:error	http://schema.org/error	https://cross-domain-interoperability-framework.github.io/metadataBuildingBlocks/build/annotated/bbr/metadata/cdifDataType/cdifProvActivity/schema.yaml
/prov:wasGeneratedBy/schema:additionalProperty	http://schema.org/additionalProperty	https://raw.githubusercontent.com/amds-ldeo/geochemBuildingBlocks/undefined/build/annotated/BaseSchema/geochemProduct/schema.yaml
/schema:license/_anyOf/1/schema:name	http://schema.org/name	https://raw.githubusercontent.com/amds-ldeo/geochemBuildingBlocks/undefined/build/annotated/BaseSchema/creativeWork/schema.yaml
/schema:license/_anyOf/1/schema:description	http://schema.org/description	https://raw.githubusercontent.com/amds-ldeo/geochemBuildingBlocks/undefined/build/annotated/BaseSchema/creativeWork/schema.yaml
/schema:license/_anyOf/1/schema:url	http://schema.org/url	https://raw.githubusercontent.com/amds-ldeo/geochemBuildingBlocks/undefined/build/annotated/BaseSchema/creativeWork/schema.yaml
/schema:creativeWorkStatus	http://schema.org/creativeWorkStatus	https://raw.githubusercontent.com/amds-ldeo/geochemBuildingBlocks/undefined/build/annotated/BaseSchema/geochemProduct/schema.yaml
/schema:measurementTechnique	http://schema.org/measurementTechnique	https://raw.githubusercontent.com/amds-ldeo/geochemBuildingBlocks/undefined/build/annotated/BaseSchema/geochemProduct/schema.yaml
/schema:measurementTechnique/schema:name	http://schema.org/name	https://raw.githubusercontent.com/amds-ldeo/geochemBuildingBlocks/undefined/build/annotated/BaseSchema/geochemProduct/schema.yaml
/schema:measurementTechnique/schema:identifier	http://schema.org/identifier	https://raw.githubusercontent.com/amds-ldeo/geochemBuildingBlocks/undefined/build/annotated/BaseSchema/geochemProduct/schema.yaml
/prov:wasGeneratedBy/prov:used/_then/bios:computationalTool	https://bioschemas.org/computationalTool	https://raw.githubusercontent.com/amds-ldeo/geochemBuildingBlocks/undefined/build/annotated/BaseSchema/tappDefinition/schema.yaml
/prov:wasGeneratedBy/prov:used/_then/bios:computationalTool/schema:name	http://schema.org/name	https://raw.githubusercontent.com/amds-ldeo/geochemBuildingBlocks/undefined/build/annotated/BaseSchema/tappDefinition/schema.yaml
/prov:wasGeneratedBy/prov:used/_then/bios:computationalTool/schema:version	http://schema.org/version	https://raw.githubusercontent.com/amds-ldeo/geochemBuildingBlocks/undefined/build/annotated/BaseSchema/tappDefinition/schema.yaml
/prov:wasGeneratedBy/prov:used/_then/bios:computationalTool/schema:url	http://schema.org/url	https://raw.githubusercontent.com/amds-ldeo/geochemBuildingBlocks/undefined/build/annotated/BaseSchema/tappDefinition/schema.yaml
/prov:wasGeneratedBy/prov:used/_then/bios:computationalTool/schema:description	http://schema.org/description	https://raw.githubusercontent.com/amds-ldeo/geochemBuildingBlocks/undefined/build/annotated/BaseSchema/tappDefinition/schema.yaml
/prov:wasGeneratedBy/prov:used/_then/bios:computationalTool/ada:toolRole	https://ada.astromat.org/metadata/toolRole	https://raw.githubusercontent.com/amds-ldeo/geochemBuildingBlocks/undefined/build/annotated/BaseSchema/tappDefinition/schema.yaml
/prov:wasGeneratedBy/prov:used/_then/prov:reagent	http://www.w3.org/ns/prov#reagent	https://raw.githubusercontent.com/amds-ldeo/geochemBuildingBlocks/undefined/build/annotated/BaseSchema/geochemProduct/schema.yaml
/prov:wasGeneratedBy/prov:used/_then/prov:reagent/schema:name	http://schema.org/name	https://raw.githubusercontent.com/amds-ldeo/geochemBuildingBlocks/undefined/build/annotated/BaseSchema/geochemProduct/schema.yaml
/prov:wasGeneratedBy/prov:used/_then/prov:reagent/schema:description	http://schema.org/description	https://raw.githubusercontent.com/amds-ldeo/geochemBuildingBlocks/undefined/build/annotated/BaseSchema/geochemProduct/schema.yaml
/prov:wasGeneratedBy/prov:used/_then/prov:reagent/schema:identifier	http://schema.org/identifier	https://raw.githubusercontent.com/amds-ldeo/geochemBuildingBlocks/undefined/build/annotated/BaseSchema/geochemProduct/schema.yaml
/prov:wasGeneratedBy/prov:used/_then/prov:reagent/schema:identifier/_anyOf/1/schema:propertyID	http://schema.org/propertyID	https://raw.githubusercontent.com/amds-ldeo/geochemBuildingBlocks/undefined/build/annotated/BaseSchema/geochemProduct/schema.yaml
/prov:wasGeneratedBy/prov:used/_then/prov:reagent/schema:identifier/_anyOf/1/schema:value	http://schema.org/value	https://raw.githubusercontent.com/amds-ldeo/geochemBuildingBlocks/undefined/build/annotated/BaseSchema/geochemProduct/schema.yaml
/prov:wasGeneratedBy/prov:used/_then/prov:reagent/schema:termCode	http://schema.org/termCode	https://raw.githubusercontent.com/amds-ldeo/geochemBuildingBlocks/undefined/build/annotated/BaseSchema/geochemProduct/schema.yaml
/prov:wasGeneratedBy/prov:used/_then/prov:reagent/schema:inDefinedTermSet	http://schema.org/inDefinedTermSet	https://raw.githubusercontent.com/amds-ldeo/geochemBuildingBlocks/undefined/build/annotated/BaseSchema/geochemProduct/schema.yaml
/prov:wasGeneratedBy/prov:used/_then/prov:reagent/schema:inDefinedTermSet/_anyOf/1/schema:name	http://schema.org/name	https://raw.githubusercontent.com/amds-ldeo/geochemBuildingBlocks/undefined/build/annotated/BaseSchema/geochemProduct/schema.yaml
/prov:wasGeneratedBy/prov:used/_then/prov:reagent/ada:reagentRole	https://ada.astromat.org/metadata/reagentRole	https://raw.githubusercontent.com/amds-ldeo/geochemBuildingBlocks/undefined/build/annotated/BaseSchema/geochemProduct/schema.yaml
/prov:wasGeneratedBy/prov:used/_then/schema:name	http://schema.org/name	https://raw.githubusercontent.com/amds-ldeo/geochemBuildingBlocks/undefined/build/annotated/BaseSchema/tappDefinition/schema.yaml
/prov:wasGeneratedBy/prov:used/_then/schema:identifier	http://schema.org/identifier	https://raw.githubusercontent.com/amds-ldeo/geochemBuildingBlocks/undefined/build/annotated/BaseSchema/tappDefinition/schema.yaml
/prov:wasGeneratedBy/prov:used/_then/schema:description	http://schema.org/description	https://raw.githubusercontent.com/amds-ldeo/geochemBuildingBlocks/undefined/build/annotated/BaseSchema/tappDefinition/schema.yaml
/prov:wasGeneratedBy/prov:used/_then/schema:version	http://schema.org/version	https://raw.githubusercontent.com/amds-ldeo/geochemBuildingBlocks/undefined/build/annotated/BaseSchema/tappDefinition/schema.yaml
/prov:wasGeneratedBy/prov:used/_then/schema:datePublished	http://schema.org/datePublished	https://raw.githubusercontent.com/amds-ldeo/geochemBuildingBlocks/undefined/build/annotated/BaseSchema/tappDefinition/schema.yaml
/prov:wasGeneratedBy/prov:used/_then/schema:dateModified	http://schema.org/dateModified	https://raw.githubusercontent.com/amds-ldeo/geochemBuildingBlocks/undefined/build/annotated/BaseSchema/tappDefinition/schema.yaml
/prov:wasGeneratedBy/prov:used/_then/schema:additionalType	http://schema.org/additionalType	https://raw.githubusercontent.com/amds-ldeo/geochemBuildingBlocks/undefined/build/annotated/BaseSchema/tappDefinition/schema.yaml
/prov:wasGeneratedBy/prov:used/_then/schema:measurementTechnique	http://schema.org/measurementTechnique	https://raw.githubusercontent.com/amds-ldeo/geochemBuildingBlocks/undefined/build/annotated/BaseSchema/tappDefinition/schema.yaml
/prov:wasGeneratedBy/prov:used/_then/schema:object	http://schema.org/object	https://raw.githubusercontent.com/amds-ldeo/geochemBuildingBlocks/undefined/build/annotated/BaseSchema/tappDefinition/schema.yaml
/prov:wasGeneratedBy/prov:used/_then/schema:object/_anyOf/2/schema:additionalType	http://schema.org/additionalType	https://raw.githubusercontent.com/amds-ldeo/geochemBuildingBlocks/undefined/build/annotated/BaseSchema/tappDefinition/schema.yaml
/prov:wasGeneratedBy/prov:used/_then/schema:object/_anyOf/2/schema:identifier	http://schema.org/identifier	https://raw.githubusercontent.com/amds-ldeo/geochemBuildingBlocks/undefined/build/annotated/BaseSchema/tappDefinition/schema.yaml
/prov:wasGeneratedBy/prov:used/_then/schema:object/_anyOf/2/schema:name	http://schema.org/name	https://raw.githubusercontent.com/amds-ldeo/geochemBuildingBlocks/undefined/build/annotated/BaseSchema/tappDefinition/schema.yaml
/prov:wasGeneratedBy/prov:used/_then/schema:object/_anyOf/2/schema:additionalProperty	http://schema.org/additionalProperty	https://raw.githubusercontent.com/amds-ldeo/geochemBuildingBlocks/undefined/build/annotated/BaseSchema/tappDefinition/schema.yaml
/prov:wasGeneratedBy/prov:used/_then/bios:reagent	https://bioschemas.org/reagent	https://raw.githubusercontent.com/amds-ldeo/geochemBuildingBlocks/undefined/build/annotated/BaseSchema/tappDefinition/schema.yaml
/prov:wasGeneratedBy/prov:used/_then/bios:reagent/schema:name	http://schema.org/name	https://raw.githubusercontent.com/amds-ldeo/geochemBuildingBlocks/undefined/build/annotated/BaseSchema/tappDefinition/schema.yaml
/prov:wasGeneratedBy/prov:used/_then/bios:reagent/schema:description	http://schema.org/description	https://raw.githubusercontent.com/amds-ldeo/geochemBuildingBlocks/undefined/build/annotated/BaseSchema/tappDefinition/schema.yaml
/prov:wasGeneratedBy/prov:used/_then/bios:reagent/schema:identifier	http://schema.org/identifier	https://raw.githubusercontent.com/amds-ldeo/geochemBuildingBlocks/undefined/build/annotated/BaseSchema/tappDefinition/schema.yaml
/prov:wasGeneratedBy/prov:used/_then/bios:reagent/schema:identifier/_anyOf/1/schema:propertyID	http://schema.org/propertyID	https://raw.githubusercontent.com/amds-ldeo/geochemBuildingBlocks/undefined/build/annotated/BaseSchema/tappDefinition/schema.yaml
/prov:wasGeneratedBy/prov:used/_then/bios:reagent/schema:identifier/_anyOf/1/schema:value	http://schema.org/value	https://raw.githubusercontent.com/amds-ldeo/geochemBuildingBlocks/undefined/build/annotated/BaseSchema/tappDefinition/schema.yaml
/prov:wasGeneratedBy/prov:used/_then/bios:reagent/schema:termCode	http://schema.org/termCode	https://raw.githubusercontent.com/amds-ldeo/geochemBuildingBlocks/undefined/build/annotated/BaseSchema/tappDefinition/schema.yaml
/prov:wasGeneratedBy/prov:used/_then/bios:reagent/schema:inDefinedTermSet	http://schema.org/inDefinedTermSet	https://raw.githubusercontent.com/amds-ldeo/geochemBuildingBlocks/undefined/build/annotated/BaseSchema/tappDefinition/schema.yaml
/prov:wasGeneratedBy/prov:used/_then/bios:reagent/schema:inDefinedTermSet/_anyOf/1/schema:name	http://schema.org/name	https://raw.githubusercontent.com/amds-ldeo/geochemBuildingBlocks/undefined/build/annotated/BaseSchema/tappDefinition/schema.yaml
/prov:wasGeneratedBy/prov:used/_then/bios:reagent/ada:reagentRole	https://ada.astromat.org/metadata/reagentRole	https://raw.githubusercontent.com/amds-ldeo/geochemBuildingBlocks/undefined/build/annotated/BaseSchema/tappDefinition/schema.yaml
/prov:wasGeneratedBy/prov:used/_then/bios:reagent/schema:citation	http://schema.org/citation	https://raw.githubusercontent.com/amds-ldeo/geochemBuildingBlocks/undefined/build/annotated/BaseSchema/tappDefinition/schema.yaml
/prov:wasGeneratedBy/prov:used/_then/bios:reagent/schema:citation/_anyOf/1/schema:name	http://schema.org/name	https://raw.githubusercontent.com/amds-ldeo/geochemBuildingBlocks/undefined/build/annotated/BaseSchema/tappDefinition/schema.yaml
/prov:wasGeneratedBy/prov:used/_then/bios:reagent/schema:citation/_anyOf/1/schema:url	http://schema.org/url	https://raw.githubusercontent.com/amds-ldeo/geochemBuildingBlocks/undefined/build/annotated/BaseSchema/tappDefinition/schema.yaml
/prov:wasGeneratedBy/prov:used/_then/schema:location	http://schema.org/location	https://raw.githubusercontent.com/amds-ldeo/geochemBuildingBlocks/undefined/build/annotated/BaseSchema/tappDefinition/schema.yaml
/prov:wasGeneratedBy/prov:used/_then/schema:location/schema:additionalType	http://schema.org/additionalType	https://raw.githubusercontent.com/amds-ldeo/geochemBuildingBlocks/undefined/build/annotated/BaseSchema/laboratory/schema.yaml
/prov:wasGeneratedBy/prov:used/_then/schema:creator	http://schema.org/creator	https://raw.githubusercontent.com/amds-ldeo/geochemBuildingBlocks/undefined/build/annotated/BaseSchema/tappDefinition/schema.yaml
/prov:wasGeneratedBy/prov:used/_then/schema:actionProcess	http://schema.org/actionProcess	https://raw.githubusercontent.com/amds-ldeo/geochemBuildingBlocks/undefined/build/annotated/BaseSchema/tappDefinition/schema.yaml
/prov:wasGeneratedBy/prov:used/_then/schema:actionProcess/schema:name	http://schema.org/name	https://raw.githubusercontent.com/amds-ldeo/geochemBuildingBlocks/undefined/build/annotated/BaseSchema/tappDefinition/schema.yaml
/prov:wasGeneratedBy/prov:used/_then/schema:actionProcess/schema:description	http://schema.org/description	https://raw.githubusercontent.com/amds-ldeo/geochemBuildingBlocks/undefined/build/annotated/BaseSchema/tappDefinition/schema.yaml
/prov:wasGeneratedBy/prov:used/_then/schema:actionProcess/schema:url	http://schema.org/url	https://raw.githubusercontent.com/amds-ldeo/geochemBuildingBlocks/undefined/build/annotated/BaseSchema/tappDefinition/schema.yaml
/prov:wasGeneratedBy/prov:used/_then/schema:actionProcess/schema:step	http://schema.org/step	https://raw.githubusercontent.com/amds-ldeo/geochemBuildingBlocks/undefined/build/annotated/BaseSchema/tappDefinition/schema.yaml
/prov:wasGeneratedBy/prov:used/_then/schema:actionProcess/schema:step/schema:name	http://schema.org/name	https://raw.githubusercontent.com/amds-ldeo/geochemBuildingBlocks/undefined/build/annotated/BaseSchema/tappDefinition/schema.yaml
/prov:wasGeneratedBy/prov:used/_then/schema:actionProcess/schema:step/schema:description	http://schema.org/description	https://raw.githubusercontent.com/amds-ldeo/geochemBuildingBlocks/undefined/build/annotated/BaseSchema/tappDefinition/schema.yaml
/prov:wasGeneratedBy/prov:used/_then/schema:actionProcess/schema:step/schema:position	http://schema.org/position	https://raw.githubusercontent.com/amds-ldeo/geochemBuildingBlocks/undefined/build/annotated/BaseSchema/tappDefinition/schema.yaml
/prov:wasGeneratedBy/prov:used/_then/schema:actionProcess/schema:step/schema:additionalType	http://schema.org/additionalType	https://raw.githubusercontent.com/amds-ldeo/geochemBuildingBlocks/undefined/build/annotated/BaseSchema/tappDefinition/schema.yaml
/prov:wasGeneratedBy/prov:used/_then/schema:actionProcess/schema:step/schema:instrument	http://schema.org/instrument	https://raw.githubusercontent.com/amds-ldeo/geochemBuildingBlocks/undefined/build/annotated/BaseSchema/tappDefinition/schema.yaml
/prov:wasGeneratedBy/prov:used/_then/schema:actionProcess/schema:step/bios:computationalTool	https://bioschemas.org/computationalTool	https://raw.githubusercontent.com/amds-ldeo/geochemBuildingBlocks/undefined/build/annotated/BaseSchema/tappDefinition/schema.yaml
/prov:wasGeneratedBy/prov:used/_then/schema:actionProcess/schema:step/bios:reagent	https://bioschemas.org/reagent	https://raw.githubusercontent.com/amds-ldeo/geochemBuildingBlocks/undefined/build/annotated/BaseSchema/tappDefinition/schema.yaml
/prov:wasGeneratedBy/prov:used/_then/schema:actionProcess/schema:step/prov:used	http://www.w3.org/ns/prov#used	https://raw.githubusercontent.com/amds-ldeo/geochemBuildingBlocks/undefined/build/annotated/BaseSchema/tappDefinition/schema.yaml
/prov:wasGeneratedBy/prov:used/_then/schema:actionProcess/schema:step/schema:result	http://schema.org/result	https://raw.githubusercontent.com/amds-ldeo/geochemBuildingBlocks/undefined/build/annotated/BaseSchema/tappDefinition/schema.yaml
/prov:wasGeneratedBy/prov:used/_then/schema:actionProcess/schema:step/schema:object	http://schema.org/object	https://raw.githubusercontent.com/amds-ldeo/geochemBuildingBlocks/undefined/build/annotated/BaseSchema/tappDefinition/schema.yaml
/prov:wasGeneratedBy/prov:used/_then/schema:actionProcess/schema:step/schema:additionalProperty	http://schema.org/additionalProperty	https://raw.githubusercontent.com/amds-ldeo/geochemBuildingBlocks/undefined/build/annotated/BaseSchema/tappDefinition/schema.yaml
/prov:wasGeneratedBy/prov:used/_then/schema:actionProcess/schema:step/schema:additionalProperty/_anyOf/0/schema:name	http://schema.org/name	https://raw.githubusercontent.com/amds-ldeo/geochemBuildingBlocks/undefined/build/annotated/BaseSchema/tappDefinition/schema.yaml
/prov:wasGeneratedBy/prov:used/_then/schema:actionProcess/schema:step/schema:additionalProperty/_anyOf/0/schema:valueName	http://schema.org/valueName	https://raw.githubusercontent.com/amds-ldeo/geochemBuildingBlocks/undefined/build/annotated/BaseSchema/tappDefinition/schema.yaml
/prov:wasGeneratedBy/prov:used/_then/schema:actionProcess/schema:step/schema:additionalProperty/_anyOf/0/schema:description	http://schema.org/description	https://raw.githubusercontent.com/amds-ldeo/geochemBuildingBlocks/undefined/build/annotated/BaseSchema/tappDefinition/schema.yaml
/prov:wasGeneratedBy/prov:used/_then/schema:actionProcess/schema:step/schema:additionalProperty/_anyOf/0/schema:propertyID	http://schema.org/propertyID	https://raw.githubusercontent.com/amds-ldeo/geochemBuildingBlocks/undefined/build/annotated/BaseSchema/tappDefinition/schema.yaml
/prov:wasGeneratedBy/prov:used/_then/schema:actionProcess/schema:step/schema:additionalProperty/_anyOf/0/schema:inDefinedTermSet	http://schema.org/inDefinedTermSet	https://raw.githubusercontent.com/amds-ldeo/geochemBuildingBlocks/undefined/build/annotated/BaseSchema/tappDefinition/schema.yaml
/prov:wasGeneratedBy/prov:used/_then/schema:actionProcess/schema:step/schema:additionalProperty/_anyOf/0/schema:inDefinedTermSet/_anyOf/3/schema:hasDefinedTerm	http://schema.org/hasDefinedTerm	https://raw.githubusercontent.com/amds-ldeo/geochemBuildingBlocks/undefined/build/annotated/BaseSchema/tappDefinition/schema.yaml
/prov:wasGeneratedBy/prov:used/_then/schema:actionProcess/schema:step/schema:additionalProperty/_anyOf/0/schema:inDefinedTermSet/_anyOf/3/schema:hasDefinedTerm/schema:termCode	http://schema.org/termCode	https://raw.githubusercontent.com/amds-ldeo/geochemBuildingBlocks/undefined/build/annotated/BaseSchema/tappDefinition/schema.yaml
/prov:wasGeneratedBy/prov:used/_then/schema:actionProcess/schema:step/schema:additionalProperty/_anyOf/0/schema:defaultValue	http://schema.org/defaultValue	https://raw.githubusercontent.com/amds-ldeo/geochemBuildingBlocks/undefined/build/annotated/BaseSchema/tappDefinition/schema.yaml
/prov:wasGeneratedBy/prov:used/_then/schema:actionProcess/schema:step/schema:additionalProperty/_anyOf/0/schema:readonlyValue	http://schema.org/readonlyValue	https://raw.githubusercontent.com/amds-ldeo/geochemBuildingBlocks/undefined/build/annotated/BaseSchema/tappDefinition/schema.yaml
/prov:wasGeneratedBy/prov:used/_then/schema:actionProcess/schema:step/schema:additionalProperty/_anyOf/0/schema:valueRequired	http://schema.org/valueRequired	https://raw.githubusercontent.com/amds-ldeo/geochemBuildingBlocks/undefined/build/annotated/BaseSchema/tappDefinition/schema.yaml
/prov:wasGeneratedBy/prov:used/_then/schema:actionProcess/schema:step/schema:additionalProperty/_anyOf/0/schema:minValue	http://schema.org/minValue	https://raw.githubusercontent.com/amds-ldeo/geochemBuildingBlocks/undefined/build/annotated/BaseSchema/tappDefinition/schema.yaml
/prov:wasGeneratedBy/prov:used/_then/schema:actionProcess/schema:step/schema:additionalProperty/_anyOf/0/schema:maxValue	http://schema.org/maxValue	https://raw.githubusercontent.com/amds-ldeo/geochemBuildingBlocks/undefined/build/annotated/BaseSchema/tappDefinition/schema.yaml
/prov:wasGeneratedBy/prov:used/_then/schema:actionProcess/schema:step/schema:additionalProperty/_anyOf/0/schema:stepValue	http://schema.org/stepValue	https://raw.githubusercontent.com/amds-ldeo/geochemBuildingBlocks/undefined/build/annotated/BaseSchema/tappDefinition/schema.yaml
/prov:wasGeneratedBy/prov:used/_then/schema:actionProcess/schema:step/schema:additionalProperty/_anyOf/0/schema:valuePattern	http://schema.org/valuePattern	https://raw.githubusercontent.com/amds-ldeo/geochemBuildingBlocks/undefined/build/annotated/BaseSchema/tappDefinition/schema.yaml
/prov:wasGeneratedBy/prov:used/_then/schema:actionProcess/schema:step/schema:additionalProperty/_anyOf/0/schema:multipleValues	http://schema.org/multipleValues	https://raw.githubusercontent.com/amds-ldeo/geochemBuildingBlocks/undefined/build/annotated/BaseSchema/tappDefinition/schema.yaml
/prov:wasGeneratedBy/prov:used/_then/schema:actionProcess/schema:step/schema:additionalProperty/_anyOf/0/ada:fieldScope	https://ada.astromat.org/metadata/fieldScope	https://raw.githubusercontent.com/amds-ldeo/geochemBuildingBlocks/undefined/build/annotated/BaseSchema/tappDefinition/schema.yaml
/prov:wasGeneratedBy/prov:used/_then/schema:actionProcess/schema:step/schema:additionalProperty/_anyOf/0/ada:category	https://ada.astromat.org/metadata/category	https://raw.githubusercontent.com/amds-ldeo/geochemBuildingBlocks/undefined/build/annotated/BaseSchema/tappDefinition/schema.yaml
/prov:wasGeneratedBy/prov:used/_then/schema:actionProcess/schema:step/schema:additionalProperty/_anyOf/0/ada:dataType	https://ada.astromat.org/metadata/dataType	https://raw.githubusercontent.com/amds-ldeo/geochemBuildingBlocks/undefined/build/annotated/BaseSchema/tappDefinition/schema.yaml
/prov:wasGeneratedBy/prov:used/_then/schema:actionProcess/schema:step/schema:additionalProperty/_anyOf/0/schema:unitText	http://schema.org/unitText	https://raw.githubusercontent.com/amds-ldeo/geochemBuildingBlocks/undefined/build/annotated/BaseSchema/tappDefinition/schema.yaml
/prov:wasGeneratedBy/prov:used/_then/schema:actionProcess/schema:step/schema:additionalProperty/_anyOf/0/schema:unitCode	http://schema.org/unitCode	https://raw.githubusercontent.com/amds-ldeo/geochemBuildingBlocks/undefined/build/annotated/BaseSchema/tappDefinition/schema.yaml
/prov:wasGeneratedBy/prov:used/_then/schema:actionProcess/schema:step/schema:additionalProperty/_anyOf/0/ada:cdifPropertyPath	https://ada.astromat.org/metadata/cdifPropertyPath	https://raw.githubusercontent.com/amds-ldeo/geochemBuildingBlocks/undefined/build/annotated/BaseSchema/tappDefinition/schema.yaml
/prov:wasGeneratedBy/prov:used/_then/schema:actionProcess/schema:step/schema:additionalProperty/_anyOf/0/ada:tier	https://ada.astromat.org/metadata/tier	https://raw.githubusercontent.com/amds-ldeo/geochemBuildingBlocks/undefined/build/annotated/BaseSchema/tappDefinition/schema.yaml
/prov:wasGeneratedBy/prov:used/_then/schema:actionProcess/schema:step/schema:additionalProperty/_anyOf/1/schema:name	http://schema.org/name	https://raw.githubusercontent.com/amds-ldeo/geochemBuildingBlocks/undefined/build/annotated/BaseSchema/tappDefinition/schema.yaml
/prov:wasGeneratedBy/prov:used/_then/schema:actionProcess/schema:step/schema:additionalProperty/_anyOf/1/schema:propertyID	http://schema.org/propertyID	https://raw.githubusercontent.com/amds-ldeo/geochemBuildingBlocks/undefined/build/annotated/BaseSchema/tappDefinition/schema.yaml
/prov:wasGeneratedBy/prov:used/_then/schema:actionProcess/schema:step/schema:additionalProperty/_anyOf/1/schema:value	http://schema.org/value	https://raw.githubusercontent.com/amds-ldeo/geochemBuildingBlocks/undefined/build/annotated/BaseSchema/tappDefinition/schema.yaml
/prov:wasGeneratedBy/prov:used/_then/schema:actionProcess/schema:step/schema:additionalProperty/_anyOf/1/schema:unitText	http://schema.org/unitText	https://raw.githubusercontent.com/amds-ldeo/geochemBuildingBlocks/undefined/build/annotated/BaseSchema/tappDefinition/schema.yaml
/prov:wasGeneratedBy/prov:used/_then/schema:actionProcess/schema:step/schema:actionProcess	http://schema.org/actionProcess	https://raw.githubusercontent.com/amds-ldeo/geochemBuildingBlocks/undefined/build/annotated/BaseSchema/tappDefinition/schema.yaml
/prov:wasGeneratedBy/prov:used/_then/schema:actionProcess/schema:step/dqv:hasQualityMeasurement	http://www.w3.org/ns/dqv#hasQualityMeasurement	https://raw.githubusercontent.com/amds-ldeo/geochemBuildingBlocks/undefined/build/annotated/BaseSchema/tappDefinition/schema.yaml
/prov:wasGeneratedBy/prov:used/_then/schema:actionProcess/schema:step/dqv:hasQualityMeasurement/dqv:isMeasurementOf		https://cross-domain-interoperability-framework.github.io/metadataBuildingBlocks/build/annotated/bbr/metadata/qualityProperties/qualityMeasure/schema.yaml
/prov:wasGeneratedBy/prov:used/_then/schema:actionProcess/schema:step/dqv:hasQualityMeasurement/dqv:value		https://cross-domain-interoperability-framework.github.io/metadataBuildingBlocks/build/annotated/bbr/metadata/qualityProperties/qualityMeasure/schema.yaml
/prov:wasGeneratedBy/prov:used/_then/schema:additionalProperty	http://schema.org/additionalProperty	https://raw.githubusercontent.com/amds-ldeo/geochemBuildingBlocks/undefined/build/annotated/BaseSchema/tappDefinition/schema.yaml
/prov:wasGeneratedBy/prov:used/_then/ada:analyteTemplate	https://ada.astromat.org/metadata/analyteTemplate	https://raw.githubusercontent.com/amds-ldeo/geochemBuildingBlocks/undefined/build/annotated/BaseSchema/tappDefinition/schema.yaml
/prov:wasGeneratedBy/prov:used/_then/ada:analyteTemplate/ada:analyteColumns	https://ada.astromat.org/metadata/analyteColumns	https://raw.githubusercontent.com/amds-ldeo/geochemBuildingBlocks/undefined/build/annotated/BaseSchema/tappDefinition/schema.yaml
/prov:wasGeneratedBy/prov:used/_then/ada:analyteTemplate/ada:analyteColumns/schema:name	http://schema.org/name	https://raw.githubusercontent.com/amds-ldeo/geochemBuildingBlocks/undefined/build/annotated/BaseSchema/tappDefinition/schema.yaml
/prov:wasGeneratedBy/prov:used/_then/ada:analyteTemplate/ada:analyteColumns/schema:valueName	http://schema.org/valueName	https://raw.githubusercontent.com/amds-ldeo/geochemBuildingBlocks/undefined/build/annotated/BaseSchema/tappDefinition/schema.yaml
/prov:wasGeneratedBy/prov:used/_then/ada:analyteTemplate/ada:analyteColumns/schema:description	http://schema.org/description	https://raw.githubusercontent.com/amds-ldeo/geochemBuildingBlocks/undefined/build/annotated/BaseSchema/tappDefinition/schema.yaml
/prov:wasGeneratedBy/prov:used/_then/ada:analyteTemplate/ada:analyteColumns/schema:propertyID	http://schema.org/propertyID	https://raw.githubusercontent.com/amds-ldeo/geochemBuildingBlocks/undefined/build/annotated/BaseSchema/tappDefinition/schema.yaml
/prov:wasGeneratedBy/prov:used/_then/ada:analyteTemplate/ada:analyteColumns/schema:inDefinedTermSet	http://schema.org/inDefinedTermSet	https://raw.githubusercontent.com/amds-ldeo/geochemBuildingBlocks/undefined/build/annotated/BaseSchema/tappDefinition/schema.yaml
/prov:wasGeneratedBy/prov:used/_then/ada:analyteTemplate/ada:analyteColumns/schema:inDefinedTermSet/_anyOf/3/schema:hasDefinedTerm	http://schema.org/hasDefinedTerm	https://raw.githubusercontent.com/amds-ldeo/geochemBuildingBlocks/undefined/build/annotated/BaseSchema/tappDefinition/schema.yaml
/prov:wasGeneratedBy/prov:used/_then/ada:analyteTemplate/ada:analyteColumns/schema:inDefinedTermSet/_anyOf/3/schema:hasDefinedTerm/schema:termCode	http://schema.org/termCode	https://raw.githubusercontent.com/amds-ldeo/geochemBuildingBlocks/undefined/build/annotated/BaseSchema/tappDefinition/schema.yaml
/prov:wasGeneratedBy/prov:used/_then/ada:analyteTemplate/ada:analyteColumns/schema:defaultValue	http://schema.org/defaultValue	https://raw.githubusercontent.com/amds-ldeo/geochemBuildingBlocks/undefined/build/annotated/BaseSchema/tappDefinition/schema.yaml
/prov:wasGeneratedBy/prov:used/_then/ada:analyteTemplate/ada:analyteColumns/schema:readonlyValue	http://schema.org/readonlyValue	https://raw.githubusercontent.com/amds-ldeo/geochemBuildingBlocks/undefined/build/annotated/BaseSchema/tappDefinition/schema.yaml
/prov:wasGeneratedBy/prov:used/_then/ada:analyteTemplate/ada:analyteColumns/schema:valueRequired	http://schema.org/valueRequired	https://raw.githubusercontent.com/amds-ldeo/geochemBuildingBlocks/undefined/build/annotated/BaseSchema/tappDefinition/schema.yaml
/prov:wasGeneratedBy/prov:used/_then/ada:analyteTemplate/ada:analyteColumns/schema:minValue	http://schema.org/minValue	https://raw.githubusercontent.com/amds-ldeo/geochemBuildingBlocks/undefined/build/annotated/BaseSchema/tappDefinition/schema.yaml
/prov:wasGeneratedBy/prov:used/_then/ada:analyteTemplate/ada:analyteColumns/schema:maxValue	http://schema.org/maxValue	https://raw.githubusercontent.com/amds-ldeo/geochemBuildingBlocks/undefined/build/annotated/BaseSchema/tappDefinition/schema.yaml
/prov:wasGeneratedBy/prov:used/_then/ada:analyteTemplate/ada:analyteColumns/schema:valuePattern	http://schema.org/valuePattern	https://raw.githubusercontent.com/amds-ldeo/geochemBuildingBlocks/undefined/build/annotated/BaseSchema/tappDefinition/schema.yaml
/prov:wasGeneratedBy/prov:used/_then/ada:analyteTemplate/ada:analyteColumns/ada:dataType	https://ada.astromat.org/metadata/dataType	https://raw.githubusercontent.com/amds-ldeo/geochemBuildingBlocks/undefined/build/annotated/BaseSchema/tappDefinition/schema.yaml
/prov:wasGeneratedBy/prov:used/_then/ada:analyteTemplate/ada:analyteColumns/schema:unitText	http://schema.org/unitText	https://raw.githubusercontent.com/amds-ldeo/geochemBuildingBlocks/undefined/build/annotated/BaseSchema/tappDefinition/schema.yaml
/prov:wasGeneratedBy/prov:used/_then/ada:analyteTemplate/ada:analyteColumns/ada:tier	https://ada.astromat.org/metadata/tier	https://raw.githubusercontent.com/amds-ldeo/geochemBuildingBlocks/undefined/build/annotated/BaseSchema/tappDefinition/schema.yaml
/prov:wasGeneratedBy/prov:used/_then/ada:analyteTemplate/ada:analyteColumns/ada:cdifPropertyPath	https://ada.astromat.org/metadata/cdifPropertyPath	https://raw.githubusercontent.com/amds-ldeo/geochemBuildingBlocks/undefined/build/annotated/BaseSchema/tappDefinition/schema.yaml
/prov:wasGeneratedBy/prov:used/_then/ada:analyteTemplate/ada:defaultAnalytes	https://ada.astromat.org/metadata/defaultAnalytes	https://raw.githubusercontent.com/amds-ldeo/geochemBuildingBlocks/undefined/build/annotated/BaseSchema/tappDefinition/schema.yaml
/prov:wasGeneratedBy/prov:used/_then/ada:channelTemplate	https://ada.astromat.org/metadata/channelTemplate	https://raw.githubusercontent.com/amds-ldeo/geochemBuildingBlocks/undefined/build/annotated/BaseSchema/tappDefinition/schema.yaml
/prov:wasGeneratedBy/prov:used/_then/ada:channelTemplate/ada:channelColumns	https://ada.astromat.org/metadata/channelColumns	https://raw.githubusercontent.com/amds-ldeo/geochemBuildingBlocks/undefined/build/annotated/BaseSchema/tappDefinition/schema.yaml
/prov:wasGeneratedBy/prov:used/_then/ada:channelTemplate/ada:channelColumns/schema:valueName	http://schema.org/valueName	https://raw.githubusercontent.com/amds-ldeo/geochemBuildingBlocks/undefined/build/annotated/BaseSchema/tappDefinition/schema.yaml
/prov:wasGeneratedBy/prov:used/_then/ada:channelTemplate/ada:channelColumns/ada:dataType	https://ada.astromat.org/metadata/dataType	https://raw.githubusercontent.com/amds-ldeo/geochemBuildingBlocks/undefined/build/annotated/BaseSchema/tappDefinition/schema.yaml
/prov:wasGeneratedBy/prov:used/_then/ada:channelTemplate/ada:channelColumns/schema:readonlyValue	http://schema.org/readonlyValue	https://raw.githubusercontent.com/amds-ldeo/geochemBuildingBlocks/undefined/build/annotated/BaseSchema/tappDefinition/schema.yaml
/prov:wasGeneratedBy/prov:used/_then/ada:channelTemplate/ada:channelColumns/schema:valueRequired	http://schema.org/valueRequired	https://raw.githubusercontent.com/amds-ldeo/geochemBuildingBlocks/undefined/build/annotated/BaseSchema/tappDefinition/schema.yaml
/prov:wasGeneratedBy/prov:used/_then/ada:channelTemplate/ada:channelColumns/ada:tier	https://ada.astromat.org/metadata/tier	https://raw.githubusercontent.com/amds-ldeo/geochemBuildingBlocks/undefined/build/annotated/BaseSchema/tappDefinition/schema.yaml
/prov:wasGeneratedBy/prov:used/_then/ada:channelTemplate/ada:channelColumns/ada:cdifPropertyPath	https://ada.astromat.org/metadata/cdifPropertyPath	https://raw.githubusercontent.com/amds-ldeo/geochemBuildingBlocks/undefined/build/annotated/BaseSchema/tappDefinition/schema.yaml
/prov:wasGeneratedBy/prov:used/_then/ada:channelTemplate/ada:defaultChannels	https://ada.astromat.org/metadata/defaultChannels	https://raw.githubusercontent.com/amds-ldeo/geochemBuildingBlocks/undefined/build/annotated/BaseSchema/tappDefinition/schema.yaml
/prov:wasGeneratedBy/prov:used/_then/ada:reportedPropertyTemplate	https://ada.astromat.org/metadata/reportedPropertyTemplate	https://raw.githubusercontent.com/amds-ldeo/geochemBuildingBlocks/undefined/build/annotated/BaseSchema/tappDefinition/schema.yaml
/prov:wasGeneratedBy/prov:used/_then/ada:reportedPropertyTemplate/ada:reportedPropertyColumns	https://ada.astromat.org/metadata/reportedPropertyColumns	https://raw.githubusercontent.com/amds-ldeo/geochemBuildingBlocks/undefined/build/annotated/BaseSchema/tappDefinition/schema.yaml
/prov:wasGeneratedBy/prov:used/_then/ada:reportedPropertyTemplate/ada:reportedPropertyColumns/schema:valueName	http://schema.org/valueName	https://raw.githubusercontent.com/amds-ldeo/geochemBuildingBlocks/undefined/build/annotated/BaseSchema/tappDefinition/schema.yaml
/prov:wasGeneratedBy/prov:used/_then/ada:reportedPropertyTemplate/ada:reportedPropertyColumns/ada:dataType	https://ada.astromat.org/metadata/dataType	https://raw.githubusercontent.com/amds-ldeo/geochemBuildingBlocks/undefined/build/annotated/BaseSchema/tappDefinition/schema.yaml
/prov:wasGeneratedBy/prov:used/_then/ada:reportedPropertyTemplate/ada:reportedPropertyColumns/schema:readonlyValue	http://schema.org/readonlyValue	https://raw.githubusercontent.com/amds-ldeo/geochemBuildingBlocks/undefined/build/annotated/BaseSchema/tappDefinition/schema.yaml
/prov:wasGeneratedBy/prov:used/_then/ada:reportedPropertyTemplate/ada:reportedPropertyColumns/schema:valueRequired	http://schema.org/valueRequired	https://raw.githubusercontent.com/amds-ldeo/geochemBuildingBlocks/undefined/build/annotated/BaseSchema/tappDefinition/schema.yaml
/prov:wasGeneratedBy/prov:used/_then/ada:reportedPropertyTemplate/ada:reportedPropertyColumns/ada:tier	https://ada.astromat.org/metadata/tier	https://raw.githubusercontent.com/amds-ldeo/geochemBuildingBlocks/undefined/build/annotated/BaseSchema/tappDefinition/schema.yaml
/prov:wasGeneratedBy/prov:used/_then/ada:reportedPropertyTemplate/ada:reportedPropertyColumns/ada:cdifPropertyPath	https://ada.astromat.org/metadata/cdifPropertyPath	https://raw.githubusercontent.com/amds-ldeo/geochemBuildingBlocks/undefined/build/annotated/BaseSchema/tappDefinition/schema.yaml
/prov:wasGeneratedBy/prov:used/_then/ada:reportedPropertyTemplate/ada:defaultReportedProperties	https://ada.astromat.org/metadata/defaultReportedProperties	https://raw.githubusercontent.com/amds-ldeo/geochemBuildingBlocks/undefined/build/annotated/BaseSchema/tappDefinition/schema.yaml
/prov:wasGeneratedBy/prov:used/_then/dqv:hasQualityMeasurement	http://www.w3.org/ns/dqv#hasQualityMeasurement	https://raw.githubusercontent.com/amds-ldeo/geochemBuildingBlocks/undefined/build/annotated/BaseSchema/tappDefinition/schema.yaml
/prov:wasGeneratedBy/prov:used/_then/schema:relatedLink	http://schema.org/relatedLink	https://raw.githubusercontent.com/amds-ldeo/geochemBuildingBlocks/undefined/build/annotated/BaseSchema/tappDefinition/schema.yaml
/prov:wasGeneratedBy/prov:used/_then/schema:funding	http://schema.org/funding	https://raw.githubusercontent.com/amds-ldeo/geochemBuildingBlocks/undefined/build/annotated/BaseSchema/tappDefinition/schema.yaml
/prov:wasGeneratedBy/prov:used/_then/schema:variableMeasured	http://schema.org/variableMeasured	https://raw.githubusercontent.com/amds-ldeo/geochemBuildingBlocks/undefined/build/annotated/BaseSchema/tappDefinition/schema.yaml
/prov:wasGeneratedBy/prov:used/_then/schema:variableMeasured/schema:name	http://schema.org/name	https://raw.githubusercontent.com/amds-ldeo/geochemBuildingBlocks/undefined/build/annotated/BaseSchema/tappDefinition/schema.yaml
/prov:wasGeneratedBy/prov:used/_then/schema:variableMeasured/ada:dataType	https://ada.astromat.org/metadata/dataType	https://raw.githubusercontent.com/amds-ldeo/geochemBuildingBlocks/undefined/build/annotated/BaseSchema/tappDefinition/schema.yaml
/prov:wasGeneratedBy/prov:used/_then/schema:variableMeasured/schema:defaultValue	http://schema.org/defaultValue	https://raw.githubusercontent.com/amds-ldeo/geochemBuildingBlocks/undefined/build/annotated/BaseSchema/tappDefinition/schema.yaml
/prov:wasGeneratedBy/prov:used/_then/schema:variableMeasured/schema:value	http://schema.org/value	https://raw.githubusercontent.com/amds-ldeo/geochemBuildingBlocks/undefined/build/annotated/BaseSchema/tappDefinition/schema.yaml
/prov:wasGeneratedBy/schema:object/schema:additionalType	http://schema.org/additionalType	https://raw.githubusercontent.com/amds-ldeo/geochemBuildingBlocks/undefined/build/annotated/BaseSchema/geochemProduct/schema.yaml
/prov:wasGeneratedBy/schema:object/schema:identifier	http://schema.org/identifier	https://raw.githubusercontent.com/amds-ldeo/geochemBuildingBlocks/undefined/build/annotated/BaseSchema/geochemProduct/schema.yaml
/prov:wasGeneratedBy/schema:object/schema:name	http://schema.org/name	https://raw.githubusercontent.com/amds-ldeo/geochemBuildingBlocks/undefined/build/annotated/BaseSchema/geochemProduct/schema.yaml
/prov:wasGeneratedBy/schema:object/schema:additionalProperty	http://schema.org/additionalProperty	https://raw.githubusercontent.com/amds-ldeo/geochemBuildingBlocks/undefined/build/annotated/BaseSchema/geochemProduct/schema.yaml
/prov:wasGeneratedBy/schema:startDate	http://schema.org/startDate	https://raw.githubusercontent.com/amds-ldeo/geochemBuildingBlocks/undefined/build/annotated/BaseSchema/geochemProduct/schema.yaml
/prov:wasGeneratedBy/schema:endDate	http://schema.org/endDate	https://raw.githubusercontent.com/amds-ldeo/geochemBuildingBlocks/undefined/build/annotated/BaseSchema/geochemProduct/schema.yaml
/schema:variableMeasured/schema:description	http://schema.org/description	https://raw.githubusercontent.com/amds-ldeo/geochemBuildingBlocks/undefined/build/annotated/BaseSchema/geochemProduct/schema.yaml
/schema:variableMeasured/schema:alternateName	http://schema.org/alternateName	https://raw.githubusercontent.com/amds-ldeo/geochemBuildingBlocks/undefined/build/annotated/BaseSchema/geochemProduct/schema.yaml
/schema:variableMeasured/schema:measurementTechnique	http://schema.org/measurementTechnique	https://raw.githubusercontent.com/amds-ldeo/geochemBuildingBlocks/undefined/build/annotated/BaseSchema/geochemProduct/schema.yaml
/schema:variableMeasured/schema:measurementTechnique/_anyOf/2/schema:name	http://schema.org/name	https://raw.githubusercontent.com/amds-ldeo/geochemBuildingBlocks/undefined/build/annotated/BaseSchema/geochemProduct/schema.yaml
/schema:variableMeasured/schema:unitText	http://schema.org/unitText	https://raw.githubusercontent.com/amds-ldeo/geochemBuildingBlocks/undefined/build/annotated/BaseSchema/geochemProduct/schema.yaml
/schema:variableMeasured/schema:unitCode	http://schema.org/unitCode	https://raw.githubusercontent.com/amds-ldeo/geochemBuildingBlocks/undefined/build/annotated/BaseSchema/geochemProduct/schema.yaml
/schema:variableMeasured/schema:unitCode/_anyOf/2/schema:name	http://schema.org/name	https://raw.githubusercontent.com/amds-ldeo/geochemBuildingBlocks/undefined/build/annotated/BaseSchema/geochemProduct/schema.yaml
/schema:variableMeasured/schema:minValue	http://schema.org/minValue	https://raw.githubusercontent.com/amds-ldeo/geochemBuildingBlocks/undefined/build/annotated/BaseSchema/geochemProduct/schema.yaml
/schema:variableMeasured/schema:maxValue	http://schema.org/maxValue	https://raw.githubusercontent.com/amds-ldeo/geochemBuildingBlocks/undefined/build/annotated/BaseSchema/geochemProduct/schema.yaml
/schema:variableMeasured/schema:url	http://schema.org/url	https://raw.githubusercontent.com/amds-ldeo/geochemBuildingBlocks/undefined/build/annotated/BaseSchema/geochemProduct/schema.yaml
/schema:spatialCoverage	http://schema.org/spatialCoverage	https://raw.githubusercontent.com/amds-ldeo/geochemBuildingBlocks/undefined/build/annotated/BaseSchema/geochemProduct/schema.yaml
/schema:temporalCoverage	http://schema.org/temporalCoverage	https://raw.githubusercontent.com/amds-ldeo/geochemBuildingBlocks/undefined/build/annotated/BaseSchema/geochemProduct/schema.yaml
/schema:temporalCoverage/_anyOf/0/schema:description	http://schema.org/description	https://cross-domain-interoperability-framework.github.io/metadataBuildingBlocks/build/annotated/bbr/metadata/schemaorgProperties/temporalExtent/schema.yaml
/schema:temporalCoverage/_anyOf/0/time:intervalStartedBy	http://www.w3.org/2006/time#intervalStartedBy	https://cross-domain-interoperability-framework.github.io/metadataBuildingBlocks/build/annotated/bbr/metadata/schemaorgProperties/temporalExtent/schema.yaml
/schema:temporalCoverage/_anyOf/0/time:intervalFinishedBy	http://www.w3.org/2006/time#intervalFinishedBy	https://cross-domain-interoperability-framework.github.io/metadataBuildingBlocks/build/annotated/bbr/metadata/schemaorgProperties/temporalExtent/schema.yaml
/schema:temporalCoverage/_anyOf/1/schema:description	http://schema.org/description	https://cross-domain-interoperability-framework.github.io/metadataBuildingBlocks/build/annotated/bbr/metadata/schemaorgProperties/temporalExtent/schema.yaml
/schema:temporalCoverage/_anyOf/1/time:hasBeginning	http://www.w3.org/2006/time#hasBeginning	https://cross-domain-interoperability-framework.github.io/metadataBuildingBlocks/build/annotated/bbr/metadata/schemaorgProperties/temporalExtent/schema.yaml
/schema:temporalCoverage/_anyOf/1/time:hasBeginning/time:inTimePosition	http://www.w3.org/2006/time#inTimePosition	https://cross-domain-interoperability-framework.github.io/metadataBuildingBlocks/build/annotated/bbr/metadata/schemaorgProperties/temporalExtent/schema.yaml
/schema:temporalCoverage/_anyOf/1/time:hasBeginning/time:inTimePosition/time:hasTRS	http://www.w3.org/2006/time#hasTRS	https://cross-domain-interoperability-framework.github.io/metadataBuildingBlocks/build/annotated/bbr/metadata/schemaorgProperties/temporalExtent/schema.yaml
/schema:temporalCoverage/_anyOf/1/time:hasBeginning/time:inTimePosition/time:numericPosition	http://www.w3.org/2006/time#numericPosition	https://cross-domain-interoperability-framework.github.io/metadataBuildingBlocks/build/annotated/bbr/metadata/schemaorgProperties/temporalExtent/schema.yaml
/schema:temporalCoverage/_anyOf/1/time:hasEnd	http://www.w3.org/2006/time#hasEnd	https://cross-domain-interoperability-framework.github.io/metadataBuildingBlocks/build/annotated/bbr/metadata/schemaorgProperties/temporalExtent/schema.yaml
/schema:temporalCoverage/_anyOf/1/time:hasEnd/time:inTimePosition	http://www.w3.org/2006/time#inTimePosition	https://cross-domain-interoperability-framework.github.io/metadataBuildingBlocks/build/annotated/bbr/metadata/schemaorgProperties/temporalExtent/schema.yaml
/dqv:hasQualityMeasurement		https://raw.githubusercontent.com/amds-ldeo/geochemBuildingBlocks/undefined/build/annotated/BaseSchema/geochemProduct/schema.yaml
/schema:additionalProperty	http://schema.org/additionalProperty	https://raw.githubusercontent.com/amds-ldeo/geochemBuildingBlocks/undefined/build/annotated/BaseSchema/geochemProduct/schema.yaml
/schema:distribution/_then/ada:componentType	https://ada.astromat.org/metadata/componentType	https://raw.githubusercontent.com/amds-ldeo/geochemBuildingBlocks/undefined/build/annotated/BaseSchema/tabularData/schema.yaml
/schema:distribution/_then/ada:xCoordCol	https://ada.astromat.org/metadata/xCoordCol	https://raw.githubusercontent.com/amds-ldeo/geochemBuildingBlocks/undefined/build/annotated/BaseSchema/tabularData/schema.yaml
/schema:distribution/_then/ada:yCoordCol	https://ada.astromat.org/metadata/yCoordCol	https://raw.githubusercontent.com/amds-ldeo/geochemBuildingBlocks/undefined/build/annotated/BaseSchema/tabularData/schema.yaml
/schema:distribution/_then/ada:zCoordCol	https://ada.astromat.org/metadata/zCoordCol	https://raw.githubusercontent.com/amds-ldeo/geochemBuildingBlocks/undefined/build/annotated/BaseSchema/tabularData/schema.yaml
/schema:distribution/_then/ada:coordUnits	https://ada.astromat.org/metadata/coordUnits	https://raw.githubusercontent.com/amds-ldeo/geochemBuildingBlocks/undefined/build/annotated/BaseSchema/tabularData/schema.yaml
/schema:distribution/_then/ada:spatialRegistration	https://ada.astromat.org/metadata/spatialRegistration	https://raw.githubusercontent.com/amds-ldeo/geochemBuildingBlocks/undefined/build/annotated/BaseSchema/tabularData/schema.yaml
/schema:distribution/_then/ada:spatialRegistration/ada:basemap	https://ada.astromat.org/metadata/basemap	https://raw.githubusercontent.com/amds-ldeo/geochemBuildingBlocks/undefined/build/annotated/BaseSchema/spatialRegistration/schema.yaml
/schema:distribution/_then/ada:spatialRegistration/ada:originX	https://ada.astromat.org/metadata/originX	https://raw.githubusercontent.com/amds-ldeo/geochemBuildingBlocks/undefined/build/annotated/BaseSchema/spatialRegistration/schema.yaml
/schema:distribution/_then/ada:spatialRegistration/ada:originY	https://ada.astromat.org/metadata/originY	https://raw.githubusercontent.com/amds-ldeo/geochemBuildingBlocks/undefined/build/annotated/BaseSchema/spatialRegistration/schema.yaml
/schema:distribution/_then/ada:spatialRegistration/ada:originZ	https://ada.astromat.org/metadata/originZ	https://raw.githubusercontent.com/amds-ldeo/geochemBuildingBlocks/undefined/build/annotated/BaseSchema/spatialRegistration/schema.yaml
/schema:distribution/_then/ada:spatialRegistration/ada:coordDef	https://ada.astromat.org/metadata/coordDef	https://raw.githubusercontent.com/amds-ldeo/geochemBuildingBlocks/undefined/build/annotated/BaseSchema/spatialRegistration/schema.yaml
/schema:distribution/_then/ada:spatialRegistration/ada:coordUnits	https://ada.astromat.org/metadata/coordUnits	https://raw.githubusercontent.com/amds-ldeo/geochemBuildingBlocks/undefined/build/annotated/BaseSchema/spatialRegistration/schema.yaml
/schema:distribution/_then/ada:spatialRegistration/ada:pixelUnits	https://ada.astromat.org/metadata/pixelUnits	https://raw.githubusercontent.com/amds-ldeo/geochemBuildingBlocks/undefined/build/annotated/BaseSchema/spatialRegistration/schema.yaml
/schema:distribution/_then/ada:spatialRegistration/ada:pixelScaleX	https://ada.astromat.org/metadata/pixelScaleX	https://raw.githubusercontent.com/amds-ldeo/geochemBuildingBlocks/undefined/build/annotated/BaseSchema/spatialRegistration/schema.yaml
/schema:distribution/_then/ada:spatialRegistration/ada:pixelScaleY	https://ada.astromat.org/metadata/pixelScaleY	https://raw.githubusercontent.com/amds-ldeo/geochemBuildingBlocks/undefined/build/annotated/BaseSchema/spatialRegistration/schema.yaml
/schema:distribution/_then/ada:spatialRegistration/ada:originLocation	https://ada.astromat.org/metadata/originLocation	https://raw.githubusercontent.com/amds-ldeo/geochemBuildingBlocks/undefined/build/annotated/BaseSchema/spatialRegistration/schema.yaml
/schema:distribution/cdi:isStructuredBy	http://ddialliance.org/Specification/DDI-CDI/1.0/RDF/isStructuredBy	https://raw.githubusercontent.com/amds-ldeo/geochemBuildingBlocks/undefined/build/annotated/BaseSchema/geochemProduct/schema.yaml
/schema:distribution/cdi:isStructuredBy/_anyOf/0/cdi:has_ForeignKey	http://ddialliance.org/Specification/DDI-CDI/1.0/RDF/has_ForeignKey	https://cross-domain-interoperability-framework.github.io/metadataBuildingBlocks/build/annotated/bbr/metadata/profiles/cdifProfile/cdifDataStructure/schema.yaml
/schema:distribution/cdi:isStructuredBy/_anyOf/0/cdi:has_ForeignKey/_anyOf/0/cdi:isComposedOf	http://ddialliance.org/Specification/DDI-CDI/1.0/RDF/isComposedOf	https://cross-domain-interoperability-framework.github.io/metadataBuildingBlocks/build/annotated/bbr/metadata/profiles/cdifProfile/cdifDataStructure/schema.yaml
/schema:distribution/cdi:isStructuredBy/_anyOf/0/cdi:has_ForeignKey/_anyOf/0/cdi:isComposedOf/_anyOf/0/cdi:describedUnitOfMeasure	http://ddialliance.org/Specification/DDI-CDI/1.0/RDF/describedUnitOfMeasure	https://cross-domain-interoperability-framework.github.io/metadataBuildingBlocks/build/annotated/bbr/metadata/cdifDataType/cdifRepresentedVariable/schema.yaml
/schema:distribution/cdi:isStructuredBy/_anyOf/0/cdi:has_ForeignKey/_anyOf/0/cdi:isComposedOf/_anyOf/0/cdi:hasIntendedDataType	http://ddialliance.org/Specification/DDI-CDI/1.0/RDF/hasIntendedDataType	https://cross-domain-interoperability-framework.github.io/metadataBuildingBlocks/build/annotated/bbr/metadata/cdifDataType/cdifRepresentedVariable/schema.yaml
/schema:distribution/cdi:isStructuredBy/_anyOf/0/cdi:has_ForeignKey/_anyOf/0/cdi:isComposedOf/_anyOf/0/cdi:takesSentinelValuesFrom	http://ddialliance.org/Specification/DDI-CDI/1.0/RDF/takesSentinelValuesFrom	https://cross-domain-interoperability-framework.github.io/metadataBuildingBlocks/build/annotated/bbr/metadata/cdifDataType/cdifRepresentedVariable/schema.yaml
/schema:distribution/cdi:isStructuredBy/_anyOf/0/cdi:has_ForeignKey/_anyOf/0/cdi:isComposedOf/_anyOf/0/cdi:takesSubstantiveValuesFrom	http://ddialliance.org/Specification/DDI-CDI/1.0/RDF/takesSubstantiveValuesFrom	https://cross-domain-interoperability-framework.github.io/metadataBuildingBlocks/build/annotated/bbr/metadata/cdifDataType/cdifRepresentedVariable/schema.yaml
/schema:distribution/cdi:isStructuredBy/_anyOf/0/cdi:has_ForeignKey/_anyOf/0/cdi:isComposedOf/_anyOf/0/cdi:simpleUnitOfMeasure	http://ddialliance.org/Specification/DDI-CDI/1.0/RDF/simpleUnitOfMeasure	https://cross-domain-interoperability-framework.github.io/metadataBuildingBlocks/build/annotated/bbr/metadata/cdifDataType/cdifRepresentedVariable/schema.yaml
/schema:distribution/cdi:isStructuredBy/_anyOf/0/cdi:has_ForeignKey/_anyOf/0/cdi:isComposedOf/_anyOf/0/cdif:descriptiveText	https://w3id.org/cdif/descriptiveText	https://cross-domain-interoperability-framework.github.io/metadataBuildingBlocks/build/annotated/bbr/metadata/cdifDataType/cdifRepresentedVariable/schema.yaml
/schema:distribution/cdi:isStructuredBy/_anyOf/0/cdi:has_ForeignKey/_anyOf/0/cdi:isComposedOf/_anyOf/0/cdi:measures	http://ddialliance.org/Specification/DDI-CDI/1.0/RDF/measures	https://cross-domain-interoperability-framework.github.io/metadataBuildingBlocks/build/annotated/bbr/metadata/cdifDataType/cdifRepresentedVariable/schema.yaml
/schema:distribution/cdi:isStructuredBy/_anyOf/0/cdi:has_ForeignKey/_anyOf/0/cdi:isComposedOf/_anyOf/0/cdi:measures/_anyOf/0/cdif:descriptiveText	https://w3id.org/cdif/descriptiveText	https://cross-domain-interoperability-framework.github.io/metadataBuildingBlocks/build/annotated/bbr/metadata/cdifDataType/cdifRepresentedVariable/schema.yaml
/schema:distribution/cdi:isStructuredBy/_anyOf/0/cdi:has_ForeignKey/_anyOf/0/cdi:isComposedOf/_anyOf/0/cdi:measures/_anyOf/0/cdif:definition	https://w3id.org/cdif/definition	https://cross-domain-interoperability-framework.github.io/metadataBuildingBlocks/build/annotated/bbr/metadata/cdifDataType/cdifRepresentedVariable/schema.yaml
/schema:distribution/cdi:isStructuredBy/_anyOf/0/cdi:has_ForeignKey/_anyOf/0/cdi:isComposedOf/_anyOf/0/cdi:measures/_anyOf/0/cdif:displayLabel	https://w3id.org/cdif/displayLabel	https://cross-domain-interoperability-framework.github.io/metadataBuildingBlocks/build/annotated/bbr/metadata/cdifDataType/cdifRepresentedVariable/schema.yaml
/schema:distribution/cdi:isStructuredBy/_anyOf/0/cdi:has_ForeignKey/_anyOf/0/cdi:isComposedOf/_anyOf/0/cdi:measures/_anyOf/0/cdi:externalDefinition	http://ddialliance.org/Specification/DDI-CDI/1.0/RDF/externalDefinition	https://cross-domain-interoperability-framework.github.io/metadataBuildingBlocks/build/annotated/bbr/metadata/cdifDataType/cdifRepresentedVariable/schema.yaml
/schema:distribution/cdi:isStructuredBy/_anyOf/0/cdi:has_ForeignKey/_anyOf/0/cdi:isComposedOf/_anyOf/0/cdi:measures/_anyOf/0/cdi:externalDefinition/schema:url		https://cross-domain-interoperability-framework.github.io/metadataBuildingBlocks/build/annotated/bbr/metadata/cdifDataType/cdifRepresentedVariable/schema.yaml
/schema:distribution/cdi:isStructuredBy/_anyOf/0/cdi:has_ForeignKey/_anyOf/0/cdi:isComposedOf/_anyOf/0/cdi:measures/_anyOf/0/cdi:externalDefinition/schema:name		https://cross-domain-interoperability-framework.github.io/metadataBuildingBlocks/build/annotated/bbr/metadata/cdifDataType/cdifRepresentedVariable/schema.yaml
/schema:distribution/cdi:isStructuredBy/_anyOf/0/cdi:has_ForeignKey/_anyOf/0/cdi:isComposedOf/_anyOf/0/cdi:measures/_anyOf/0/cdi:externalDefinition/schema:description		https://cross-domain-interoperability-framework.github.io/metadataBuildingBlocks/build/annotated/bbr/metadata/cdifDataType/cdifRepresentedVariable/schema.yaml
/schema:distribution/cdi:isStructuredBy/_anyOf/0/cdi:has_ForeignKey/_anyOf/0/cdi:isComposedOf/_anyOf/0/cdi:measures/_anyOf/0/cdi:identifier	http://ddialliance.org/Specification/DDI-CDI/1.0/RDF/identifier	https://cross-domain-interoperability-framework.github.io/metadataBuildingBlocks/build/annotated/bbr/metadata/cdifDataType/cdifRepresentedVariable/schema.yaml
/schema:distribution/cdi:isStructuredBy/_anyOf/0/cdi:has_ForeignKey/_anyOf/0/cdi:isComposedOf/_anyOf/0/cdi:measures/_anyOf/0/cdif:name	https://w3id.org/cdif/name	https://cross-domain-interoperability-framework.github.io/metadataBuildingBlocks/build/annotated/bbr/metadata/cdifDataType/cdifRepresentedVariable/schema.yaml
/schema:distribution/cdi:isStructuredBy/_anyOf/0/cdi:has_ForeignKey/_anyOf/0/cdi:isComposedOf/_anyOf/0/cdi:measures/_anyOf/0/cdif:uses_Concept	https://w3id.org/cdif/uses_Concept	https://cross-domain-interoperability-framework.github.io/metadataBuildingBlocks/build/annotated/bbr/metadata/cdifDataType/cdifRepresentedVariable/schema.yaml
/schema:distribution/cdi:isStructuredBy/_anyOf/0/cdi:has_ForeignKey/_anyOf/0/cdi:isComposedOf/_anyOf/0/cdi:measures/_anyOf/0/cdif:uses_Concept/_anyOf/0/skos:prefLabel	http://www.w3.org/2004/02/skos/core#prefLabel	https://cross-domain-interoperability-framework.github.io/metadataBuildingBlocks/build/annotated/bbr/metadata/skosProperties/skosConcept/schema.yaml
/schema:distribution/cdi:isStructuredBy/_anyOf/0/cdi:has_ForeignKey/_anyOf/0/cdi:isComposedOf/_anyOf/0/cdi:measures/_anyOf/0/cdif:uses_Concept/_anyOf/0/skos:notation	http://www.w3.org/2004/02/skos/core#notation	https://cross-domain-interoperability-framework.github.io/metadataBuildingBlocks/build/annotated/bbr/metadata/skosProperties/skosConcept/schema.yaml
/schema:distribution/cdi:isStructuredBy/_anyOf/0/cdi:has_ForeignKey/_anyOf/0/cdi:isComposedOf/_anyOf/0/cdi:measures/_anyOf/0/cdif:uses_Concept/_anyOf/0/skos:definition	http://www.w3.org/2004/02/skos/core#definition	https://cross-domain-interoperability-framework.github.io/metadataBuildingBlocks/build/annotated/bbr/metadata/skosProperties/skosConcept/schema.yaml
/schema:distribution/cdi:isStructuredBy/_anyOf/0/cdi:has_ForeignKey/_anyOf/0/cdi:isComposedOf/_anyOf/0/cdi:measures/_anyOf/0/cdif:uses_Concept/_anyOf/0/skos:scopeNote	http://www.w3.org/2004/02/skos/core#scopeNote	https://cross-domain-interoperability-framework.github.io/metadataBuildingBlocks/build/annotated/bbr/metadata/skosProperties/skosConcept/schema.yaml
/schema:distribution/cdi:isStructuredBy/_anyOf/0/cdi:has_ForeignKey/_anyOf/0/cdi:isComposedOf/_anyOf/0/cdi:measures/_anyOf/0/cdif:uses_Concept/_anyOf/0/skos:note	http://www.w3.org/2004/02/skos/core#note	https://cross-domain-interoperability-framework.github.io/metadataBuildingBlocks/build/annotated/bbr/metadata/skosProperties/skosConcept/schema.yaml
/schema:distribution/cdi:isStructuredBy/_anyOf/0/cdi:has_ForeignKey/_anyOf/0/cdi:isComposedOf/_anyOf/0/cdi:measures/_anyOf/0/cdif:uses_Concept/_anyOf/0/skos:historyNote	http://www.w3.org/2004/02/skos/core#historyNote	https://cross-domain-interoperability-framework.github.io/metadataBuildingBlocks/build/annotated/bbr/metadata/skosProperties/skosConcept/schema.yaml
/schema:distribution/cdi:isStructuredBy/_anyOf/0/cdi:has_ForeignKey/_anyOf/0/cdi:isComposedOf/_anyOf/0/cdi:measures/_anyOf/0/cdif:uses_Concept/_anyOf/0/skos:changeNote	http://www.w3.org/2004/02/skos/core#changeNote	https://cross-domain-interoperability-framework.github.io/metadataBuildingBlocks/build/annotated/bbr/metadata/skosProperties/skosConcept/schema.yaml
/schema:distribution/cdi:isStructuredBy/_anyOf/0/cdi:has_ForeignKey/_anyOf/0/cdi:isComposedOf/_anyOf/0/cdi:measures/_anyOf/0/cdif:uses_Concept/_anyOf/0/skos:editorialNote	http://www.w3.org/2004/02/skos/core#editorialNote	https://cross-domain-interoperability-framework.github.io/metadataBuildingBlocks/build/annotated/bbr/metadata/skosProperties/skosConcept/schema.yaml
/schema:distribution/cdi:isStructuredBy/_anyOf/0/cdi:has_ForeignKey/_anyOf/0/cdi:isComposedOf/_anyOf/0/cdi:measures/_anyOf/0/cdif:uses_Concept/_anyOf/0/skos:inScheme	http://www.w3.org/2004/02/skos/core#inScheme	https://cross-domain-interoperability-framework.github.io/metadataBuildingBlocks/build/annotated/bbr/metadata/skosProperties/skosConcept/schema.yaml
/schema:distribution/cdi:isStructuredBy/_anyOf/0/cdi:has_ForeignKey/_anyOf/0/cdi:isComposedOf/_anyOf/0/cdi:measures/_anyOf/0/cdif:uses_Concept/_anyOf/0/skos:topConceptOf	http://www.w3.org/2004/02/skos/core#topConceptOf	https://cross-domain-interoperability-framework.github.io/metadataBuildingBlocks/build/annotated/bbr/metadata/skosProperties/skosConcept/schema.yaml
/schema:distribution/cdi:isStructuredBy/_anyOf/0/cdi:has_ForeignKey/_anyOf/0/cdi:isComposedOf/_anyOf/0/cdi:measures/_anyOf/0/cdif:uses_Concept/_anyOf/0/skos:broader	http://www.w3.org/2004/02/skos/core#broader	https://cross-domain-interoperability-framework.github.io/metadataBuildingBlocks/build/annotated/bbr/metadata/skosProperties/skosConcept/schema.yaml
/schema:distribution/cdi:isStructuredBy/_anyOf/0/cdi:has_ForeignKey/_anyOf/0/cdi:isComposedOf/_anyOf/0/cdi:measures/_anyOf/0/cdif:uses_Concept/_anyOf/0/skos:narrower	http://www.w3.org/2004/02/skos/core#narrower	https://cross-domain-interoperability-framework.github.io/metadataBuildingBlocks/build/annotated/bbr/metadata/skosProperties/skosConcept/schema.yaml
/schema:distribution/cdi:isStructuredBy/_anyOf/0/cdi:has_ForeignKey/_anyOf/0/cdi:isComposedOf/_anyOf/0/cdi:unitOfMeasureKind	http://ddialliance.org/Specification/DDI-CDI/1.0/RDF/unitOfMeasureKind	https://cross-domain-interoperability-framework.github.io/metadataBuildingBlocks/build/annotated/bbr/metadata/cdifDataType/cdifRepresentedVariable/schema.yaml
/schema:distribution/cdi:isStructuredBy/_anyOf/0/cdi:has_ForeignKey/_anyOf/0/cdi:isComposedOf/_anyOf/0/cdif:definition	https://w3id.org/cdif/definition	https://cross-domain-interoperability-framework.github.io/metadataBuildingBlocks/build/annotated/bbr/metadata/cdifDataType/cdifRepresentedVariable/schema.yaml
/schema:distribution/cdi:isStructuredBy/_anyOf/0/cdi:has_ForeignKey/_anyOf/0/cdi:isComposedOf/_anyOf/0/cdif:displayLabel	https://w3id.org/cdif/displayLabel	https://cross-domain-interoperability-framework.github.io/metadataBuildingBlocks/build/annotated/bbr/metadata/cdifDataType/cdifRepresentedVariable/schema.yaml
/schema:distribution/cdi:isStructuredBy/_anyOf/0/cdi:has_ForeignKey/_anyOf/0/cdi:isComposedOf/_anyOf/0/cdi:externalDefinition	http://ddialliance.org/Specification/DDI-CDI/1.0/RDF/externalDefinition	https://cross-domain-interoperability-framework.github.io/metadataBuildingBlocks/build/annotated/bbr/metadata/cdifDataType/cdifRepresentedVariable/schema.yaml
/schema:distribution/cdi:isStructuredBy/_anyOf/0/cdi:has_ForeignKey/_anyOf/0/cdi:isComposedOf/_anyOf/0/cdi:identifier	http://ddialliance.org/Specification/DDI-CDI/1.0/RDF/identifier	https://cross-domain-interoperability-framework.github.io/metadataBuildingBlocks/build/annotated/bbr/metadata/cdifDataType/cdifRepresentedVariable/schema.yaml
/schema:distribution/cdi:isStructuredBy/_anyOf/0/cdi:has_ForeignKey/_anyOf/0/cdi:isComposedOf/_anyOf/0/cdif:name	https://w3id.org/cdif/name	https://cross-domain-interoperability-framework.github.io/metadataBuildingBlocks/build/annotated/bbr/metadata/cdifDataType/cdifRepresentedVariable/schema.yaml
/schema:distribution/cdi:isStructuredBy/_anyOf/0/cdi:has_ForeignKey/_anyOf/0/cdi:isComposedOf/_anyOf/0/cdif:uses_Concept	https://w3id.org/cdif/uses_Concept	https://cross-domain-interoperability-framework.github.io/metadataBuildingBlocks/build/annotated/bbr/metadata/cdifDataType/cdifRepresentedVariable/schema.yaml
/schema:distribution/cdi:isStructuredBy/_anyOf/0/cdi:has_ForeignKey/_anyOf/0/cdi:isComposedOf/cdif:position	https://w3id.org/cdif/position	https://cross-domain-interoperability-framework.github.io/metadataBuildingBlocks/build/annotated/bbr/metadata/profiles/cdifProfile/cdifDataStructure/schema.yaml
/schema:distribution/cdi:isStructuredBy/_anyOf/0/cdi:has_ForeignKey/_anyOf/0/cdi:references	http://ddialliance.org/Specification/DDI-CDI/1.0/RDF/references	https://cross-domain-interoperability-framework.github.io/metadataBuildingBlocks/build/annotated/bbr/metadata/profiles/cdifProfile/cdifDataStructure/schema.yaml
/schema:distribution/cdi:isStructuredBy/_anyOf/0/cdi:has_DataStructureComponent	http://ddialliance.org/Specification/DDI-CDI/1.0/RDF/has_DataStructureComponent	https://cross-domain-interoperability-framework.github.io/metadataBuildingBlocks/build/annotated/bbr/metadata/profiles/cdifProfile/cdifDataStructure/schema.yaml
/schema:distribution/cdi:isStructuredBy/_anyOf/0/cdi:has_DataStructureComponent/_anyOf/0/_anyOf/0/cdif:isDefinedBy_RepresentedVariable	https://w3id.org/cdif/isDefinedBy_RepresentedVariable	https://cross-domain-interoperability-framework.github.io/metadataBuildingBlocks/build/annotated/bbr/metadata/cdifDataType/cdifDataStructureComponent/schema.yaml
/schema:distribution/cdi:isStructuredBy/_anyOf/0/cdi:has_DataStructureComponent/_anyOf/0/_anyOf/1/cdif:name	https://w3id.org/cdif/name	https://cross-domain-interoperability-framework.github.io/metadataBuildingBlocks/build/annotated/bbr/metadata/cdifDataType/cdifDataStructureComponent/schema.yaml
/schema:distribution/cdi:isStructuredBy/_anyOf/0/cdi:has_DataStructureComponent/_anyOf/0/_anyOf/1/cdi:identifier	http://ddialliance.org/Specification/DDI-CDI/1.0/RDF/identifier	https://cross-domain-interoperability-framework.github.io/metadataBuildingBlocks/build/annotated/bbr/metadata/cdifDataType/cdifDataStructureComponent/schema.yaml
/schema:distribution/cdi:isStructuredBy/_anyOf/0/cdi:has_DataStructureComponent/_anyOf/0/_anyOf/1/cdif:isDefinedBy_RepresentedVariable	https://w3id.org/cdif/isDefinedBy_RepresentedVariable	https://cross-domain-interoperability-framework.github.io/metadataBuildingBlocks/build/annotated/bbr/metadata/cdifDataType/cdifDataStructureComponent/schema.yaml
/schema:distribution/cdi:isStructuredBy/_anyOf/0/cdi:has_DataStructureComponent/_anyOf/0/_anyOf/1/cdi:semantic	http://ddialliance.org/Specification/DDI-CDI/1.0/RDF/semantic	https://cross-domain-interoperability-framework.github.io/metadataBuildingBlocks/build/annotated/bbr/metadata/cdifDataType/cdifDataStructureComponent/schema.yaml
/schema:distribution/cdi:isStructuredBy/_anyOf/0/cdi:has_DataStructureComponent/_anyOf/0/_anyOf/2/cdi:qualifies	http://ddialliance.org/Specification/DDI-CDI/1.0/RDF/qualifies	https://cross-domain-interoperability-framework.github.io/metadataBuildingBlocks/build/annotated/bbr/metadata/cdifDataType/cdifDataStructureComponent/schema.yaml
/schema:distribution/cdi:isStructuredBy/_anyOf/0/cdi:has_DataStructureComponent/_anyOf/0/_anyOf/2/cdi:qualifies/_anyOf/0/cdi:identifier	http://ddialliance.org/Specification/DDI-CDI/1.0/RDF/identifier	https://cross-domain-interoperability-framework.github.io/metadataBuildingBlocks/build/annotated/bbr/metadata/cdifDataType/cdifDataStructureComponent/schema.yaml
/schema:distribution/cdi:isStructuredBy/_anyOf/0/cdi:has_DataStructureComponent/_anyOf/0/_anyOf/2/cdi:qualifies/_anyOf/0/cdif:isDefinedBy_RepresentedVariable	https://w3id.org/cdif/isDefinedBy_RepresentedVariable	https://cross-domain-interoperability-framework.github.io/metadataBuildingBlocks/build/annotated/bbr/metadata/cdifDataType/cdifDataStructureComponent/schema.yaml
/schema:distribution/cdi:isStructuredBy/_anyOf/0/cdi:has_DataStructureComponent/_anyOf/0/_anyOf/2/cdi:qualifies/_anyOf/0/cdi:semantic	http://ddialliance.org/Specification/DDI-CDI/1.0/RDF/semantic	https://cross-domain-interoperability-framework.github.io/metadataBuildingBlocks/build/annotated/bbr/metadata/cdifDataType/cdifDataStructureComponent/schema.yaml
/schema:distribution/cdi:isStructuredBy/_anyOf/0/cdi:has_DataStructureComponent/_anyOf/0/_anyOf/2/cdi:identifier	http://ddialliance.org/Specification/DDI-CDI/1.0/RDF/identifier	https://cross-domain-interoperability-framework.github.io/metadataBuildingBlocks/build/annotated/bbr/metadata/cdifDataType/cdifDataStructureComponent/schema.yaml
/schema:distribution/cdi:isStructuredBy/_anyOf/0/cdi:has_DataStructureComponent/_anyOf/0/_anyOf/2/cdif:isDefinedBy_RepresentedVariable	https://w3id.org/cdif/isDefinedBy_RepresentedVariable	https://cross-domain-interoperability-framework.github.io/metadataBuildingBlocks/build/annotated/bbr/metadata/cdifDataType/cdifDataStructureComponent/schema.yaml
/schema:distribution/cdi:isStructuredBy/_anyOf/0/cdi:has_DataStructureComponent/_anyOf/0/_anyOf/2/cdi:semantic	http://ddialliance.org/Specification/DDI-CDI/1.0/RDF/semantic	https://cross-domain-interoperability-framework.github.io/metadataBuildingBlocks/build/annotated/bbr/metadata/cdifDataType/cdifDataStructureComponent/schema.yaml
/schema:distribution/cdi:isStructuredBy/_anyOf/0/cdi:has_DataStructureComponent/_anyOf/0/_anyOf/3/cdif:isDefinedBy_RepresentedVariable	https://w3id.org/cdif/isDefinedBy_RepresentedVariable	https://cross-domain-interoperability-framework.github.io/metadataBuildingBlocks/build/annotated/bbr/metadata/cdifDataType/cdifDataStructureComponent/schema.yaml
/schema:distribution/cdi:isStructuredBy/_anyOf/0/cdi:has_DataStructureComponent/_anyOf/0/_anyOf/4/cdi:identifier	http://ddialliance.org/Specification/DDI-CDI/1.0/RDF/identifier	https://cross-domain-interoperability-framework.github.io/metadataBuildingBlocks/build/annotated/bbr/metadata/cdifDataType/cdifDataStructureComponent/schema.yaml
/schema:distribution/cdi:isStructuredBy/_anyOf/0/cdi:has_DataStructureComponent/_anyOf/0/_anyOf/4/cdif:isDefinedBy_RepresentedVariable	https://w3id.org/cdif/isDefinedBy_RepresentedVariable	https://cross-domain-interoperability-framework.github.io/metadataBuildingBlocks/build/annotated/bbr/metadata/cdifDataType/cdifDataStructureComponent/schema.yaml
/schema:distribution/cdi:isStructuredBy/_anyOf/0/cdi:has_DataStructureComponent/_anyOf/0/_anyOf/4/cdi:semantic	http://ddialliance.org/Specification/DDI-CDI/1.0/RDF/semantic	https://cross-domain-interoperability-framework.github.io/metadataBuildingBlocks/build/annotated/bbr/metadata/cdifDataType/cdifDataStructureComponent/schema.yaml
/schema:distribution/cdi:isStructuredBy/_anyOf/0/cdi:has_DataStructureComponent/_anyOf/0/_anyOf/5/cdif:isDefinedBy_DescriptorVariable	https://w3id.org/cdif/isDefinedBy_DescriptorVariable	https://cross-domain-interoperability-framework.github.io/metadataBuildingBlocks/build/annotated/bbr/metadata/cdifDataType/cdifDataStructureComponent/schema.yaml
/schema:distribution/cdi:isStructuredBy/_anyOf/0/cdi:has_DataStructureComponent/_anyOf/0/_anyOf/5/cdif:isDefinedBy_DescriptorVariable/cdif:hasValuesFrom	https://w3id.org/cdif/hasValuesFrom	https://cross-domain-interoperability-framework.github.io/metadataBuildingBlocks/build/annotated/bbr/metadata/cdifDataType/cdifDescriptorVariable/schema.yaml
/schema:distribution/cdi:isStructuredBy/_anyOf/0/cdi:has_DataStructureComponent/_anyOf/0/_anyOf/5/cdif:isDefinedBy_DescriptorVariable/cdif:hasValuesFrom/cdif:takesValuesFrom	https://w3id.org/cdif/takesValuesFrom	https://cross-domain-interoperability-framework.github.io/metadataBuildingBlocks/build/annotated/bbr/metadata/cdifDataType/cdifDescriptorVariable/schema.yaml
/schema:distribution/cdi:isStructuredBy/_anyOf/0/cdi:has_DataStructureComponent/_anyOf/0/_anyOf/5/cdif:isDefinedBy_DescriptorVariable/cdif:hasValuesFrom/cdif:takesValuesFrom/cdif:value	https://w3id.org/cdif/value	https://cross-domain-interoperability-framework.github.io/metadataBuildingBlocks/build/annotated/bbr/metadata/cdifDataType/cdifDescriptorVariable/schema.yaml
/schema:distribution/cdi:isStructuredBy/_anyOf/0/cdi:has_DataStructureComponent/_anyOf/0/_anyOf/5/cdif:isDefinedBy_DescriptorVariable/cdif:hasValuesFrom/cdif:takesValuesFrom/cdif:isDefinedBy	https://w3id.org/cdif/isDefinedBy	https://cross-domain-interoperability-framework.github.io/metadataBuildingBlocks/build/annotated/bbr/metadata/cdifDataType/cdifDescriptorVariable/schema.yaml
/schema:distribution/cdi:isStructuredBy/_anyOf/0/cdi:has_DataStructureComponent/_anyOf/0/_anyOf/5/cdif:isDefinedBy_DescriptorVariable/cdif:name	https://w3id.org/cdif/name	https://cross-domain-interoperability-framework.github.io/metadataBuildingBlocks/build/annotated/bbr/metadata/cdifDataType/cdifDescriptorVariable/schema.yaml
/schema:distribution/cdi:isStructuredBy/_anyOf/0/cdi:has_DataStructureComponent/_anyOf/0/_anyOf/5/cdi:refersTo	http://ddialliance.org/Specification/DDI-CDI/1.0/RDF/refersTo	https://cross-domain-interoperability-framework.github.io/metadataBuildingBlocks/build/annotated/bbr/metadata/cdifDataType/cdifDataStructureComponent/schema.yaml
/schema:distribution/cdi:isStructuredBy/_anyOf/0/cdi:has_DataStructureComponent/_anyOf/0/_anyOf/5/cdi:identifier	http://ddialliance.org/Specification/DDI-CDI/1.0/RDF/identifier	https://cross-domain-interoperability-framework.github.io/metadataBuildingBlocks/build/annotated/bbr/metadata/cdifDataType/cdifDataStructureComponent/schema.yaml
/schema:distribution/cdi:isStructuredBy/_anyOf/0/cdi:has_DataStructureComponent/_anyOf/0/_anyOf/5/cdi:semantic	http://ddialliance.org/Specification/DDI-CDI/1.0/RDF/semantic	https://cross-domain-interoperability-framework.github.io/metadataBuildingBlocks/build/annotated/bbr/metadata/cdifDataType/cdifDataStructureComponent/schema.yaml
/schema:distribution/cdi:isStructuredBy/_anyOf/0/cdi:has_PrimaryKey	http://ddialliance.org/Specification/DDI-CDI/1.0/RDF/has_PrimaryKey	https://cross-domain-interoperability-framework.github.io/metadataBuildingBlocks/build/annotated/bbr/metadata/profiles/cdifProfile/cdifDataStructure/schema.yaml
/schema:distribution/cdi:isStructuredBy/_anyOf/0/cdi:has_PrimaryKey/cdif:isComposedOf	https://w3id.org/cdif/isComposedOf	https://cross-domain-interoperability-framework.github.io/metadataBuildingBlocks/build/annotated/bbr/metadata/profiles/cdifProfile/cdifDataStructure/schema.yaml
/schema:distribution/cdi:isStructuredBy/_anyOf/0/cdi:has_PrimaryKey/cdif:isComposedOf/cdi:indexes	http://ddialliance.org/Specification/DDI-CDI/1.0/RDF/indexes	https://cross-domain-interoperability-framework.github.io/metadataBuildingBlocks/build/annotated/bbr/metadata/profiles/cdifProfile/cdifDataStructure/schema.yaml
/schema:distribution/cdi:isStructuredBy/_anyOf/0/cdi:has_PrimaryKey/cdif:isComposedOf/cdi:value	http://ddialliance.org/Specification/DDI-CDI/1.0/RDF/value	https://cross-domain-interoperability-framework.github.io/metadataBuildingBlocks/build/annotated/bbr/metadata/profiles/cdifProfile/cdifDataStructure/schema.yaml
/schema:distribution/cdi:isStructuredBy/_anyOf/1/cdi:has_DataStructureComponent	http://ddialliance.org/Specification/DDI-CDI/1.0/RDF/has_DataStructureComponent	https://cross-domain-interoperability-framework.github.io/metadataBuildingBlocks/build/annotated/bbr/metadata/profiles/cdifProfile/cdifDataStructure/schema.yaml
/schema:distribution/cdi:isStructuredBy/_anyOf/1/cdi:has_PrimaryKey	http://ddialliance.org/Specification/DDI-CDI/1.0/RDF/has_PrimaryKey	https://cross-domain-interoperability-framework.github.io/metadataBuildingBlocks/build/annotated/bbr/metadata/profiles/cdifProfile/cdifDataStructure/schema.yaml
/schema:distribution/cdi:isStructuredBy/_anyOf/1/cdi:has_ForeignKey	http://ddialliance.org/Specification/DDI-CDI/1.0/RDF/has_ForeignKey	https://cross-domain-interoperability-framework.github.io/metadataBuildingBlocks/build/annotated/bbr/metadata/profiles/cdifProfile/cdifDataStructure/schema.yaml
/schema:distribution/cdi:isStructuredBy/_anyOf/2/cdi:has_DataStructureComponent	http://ddialliance.org/Specification/DDI-CDI/1.0/RDF/has_DataStructureComponent	https://cross-domain-interoperability-framework.github.io/metadataBuildingBlocks/build/annotated/bbr/metadata/profiles/cdifProfile/cdifDataStructure/schema.yaml
/schema:distribution/cdi:isStructuredBy/_anyOf/2/cdi:has_PrimaryKey	http://ddialliance.org/Specification/DDI-CDI/1.0/RDF/has_PrimaryKey	https://cross-domain-interoperability-framework.github.io/metadataBuildingBlocks/build/annotated/bbr/metadata/profiles/cdifProfile/cdifDataStructure/schema.yaml
/schema:distribution/cdi:isStructuredBy/_anyOf/3/cdi:has_DataStructureComponent	http://ddialliance.org/Specification/DDI-CDI/1.0/RDF/has_DataStructureComponent	https://cross-domain-interoperability-framework.github.io/metadataBuildingBlocks/build/annotated/bbr/metadata/profiles/cdifProfile/cdifDataStructure/schema.yaml
/schema:distribution/cdi:isStructuredBy/_anyOf/3/cdi:has_PrimaryKey	http://ddialliance.org/Specification/DDI-CDI/1.0/RDF/has_PrimaryKey	https://cross-domain-interoperability-framework.github.io/metadataBuildingBlocks/build/annotated/bbr/metadata/profiles/cdifProfile/cdifDataStructure/schema.yaml
/schema:distribution/cdi:isStructuredBy/_anyOf/3/cdi:has_ForeignKey	http://ddialliance.org/Specification/DDI-CDI/1.0/RDF/has_ForeignKey	https://cross-domain-interoperability-framework.github.io/metadataBuildingBlocks/build/annotated/bbr/metadata/profiles/cdifProfile/cdifDataStructure/schema.yaml
/schema:distribution/schema:additionalType	http://schema.org/additionalType	https://raw.githubusercontent.com/amds-ldeo/geochemBuildingBlocks/undefined/build/annotated/BaseSchema/geochemProduct/schema.yaml
/schema:contributor/schema:roleName		https://raw.githubusercontent.com/amds-ldeo/geochemBuildingBlocks/undefined/build/annotated/techniqueProfile/geochemProfile/XCT/detail/schema.yaml
/schema:contributor/_then/schema:name		https://raw.githubusercontent.com/amds-ldeo/geochemBuildingBlocks/undefined/build/annotated/techniqueProfile/geochemProfile/XCT/detail/schema.yaml
/prov:wasGeneratedBy/schema:location/schema:name		https://raw.githubusercontent.com/amds-ldeo/geochemBuildingBlocks/undefined/build/annotated/techniqueProfile/geochemProfile/XCT/detail/schema.yaml
/prov:wasGeneratedBy/schema:location/schema:identifier		https://raw.githubusercontent.com/amds-ldeo/geochemBuildingBlocks/undefined/build/annotated/techniqueProfile/geochemProfile/XCT/detail/schema.yaml
/prov:wasGeneratedBy/schema:object/_then/schema:additionalProperty		https://raw.githubusercontent.com/amds-ldeo/geochemBuildingBlocks/undefined/build/annotated/techniqueProfile/geochemProfile/XCT/detail/schema.yaml
/prov:wasGeneratedBy/schema:object/_then/schema:additionalProperty/schema:propertyID		https://raw.githubusercontent.com/amds-ldeo/geochemBuildingBlocks/undefined/build/annotated/techniqueProfile/geochemProfile/XCT/detail/schema.yaml
/prov:wasGeneratedBy/schema:object/_then/schema:additionalProperty/schema:name		https://raw.githubusercontent.com/amds-ldeo/geochemBuildingBlocks/undefined/build/annotated/techniqueProfile/geochemProfile/XCT/detail/schema.yaml
/prov:wasGeneratedBy/schema:object/_then/schema:additionalProperty/schema:value		https://raw.githubusercontent.com/amds-ldeo/geochemBuildingBlocks/undefined/build/annotated/techniqueProfile/geochemProfile/XCT/detail/schema.yaml
/prov:wasGeneratedBy/schema:object/_then/schema:additionalProperty/schema:unitText		https://raw.githubusercontent.com/amds-ldeo/geochemBuildingBlocks/undefined/build/annotated/techniqueProfile/geochemProfile/XCT/detail/schema.yaml
/prov:wasGeneratedBy/schema:object/_then/schema:additionalProperty/_anyOf/0/schema:propertyID		https://raw.githubusercontent.com/amds-ldeo/geochemBuildingBlocks/undefined/build/annotated/techniqueProfile/geochemProfile/XCT/detail/schema.yaml
/prov:wasGeneratedBy/schema:object/_then/schema:additionalProperty/_anyOf/0/schema:name		https://raw.githubusercontent.com/amds-ldeo/geochemBuildingBlocks/undefined/build/annotated/techniqueProfile/geochemProfile/XCT/detail/schema.yaml
/prov:wasGeneratedBy/schema:object/_then/schema:additionalProperty/_anyOf/0/schema:value		https://raw.githubusercontent.com/amds-ldeo/geochemBuildingBlocks/undefined/build/annotated/techniqueProfile/geochemProfile/XCT/detail/schema.yaml
/prov:wasGeneratedBy/schema:object/_then/schema:additionalProperty/_anyOf/1/schema:propertyID		https://raw.githubusercontent.com/amds-ldeo/geochemBuildingBlocks/undefined/build/annotated/techniqueProfile/geochemProfile/XCT/detail/schema.yaml
/prov:wasGeneratedBy/schema:object/_then/schema:additionalProperty/_anyOf/1/schema:name		https://raw.githubusercontent.com/amds-ldeo/geochemBuildingBlocks/undefined/build/annotated/techniqueProfile/geochemProfile/XCT/detail/schema.yaml
/prov:wasGeneratedBy/schema:object/_then/schema:additionalProperty/_anyOf/1/schema:value		https://raw.githubusercontent.com/amds-ldeo/geochemBuildingBlocks/undefined/build/annotated/techniqueProfile/geochemProfile/XCT/detail/schema.yaml
/prov:wasGeneratedBy/schema:object/_then/schema:additionalProperty/_anyOf/1/schema:unitText		https://raw.githubusercontent.com/amds-ldeo/geochemBuildingBlocks/undefined/build/annotated/techniqueProfile/geochemProfile/XCT/detail/schema.yaml
/prov:wasGeneratedBy/schema:object/_then/schema:name		https://raw.githubusercontent.com/amds-ldeo/geochemBuildingBlocks/undefined/build/annotated/techniqueProfile/geochemProfile/XCT/detail/schema.yaml
/prov:wasGeneratedBy/schema:object/_then/schema:identifier		https://raw.githubusercontent.com/amds-ldeo/geochemBuildingBlocks/undefined/build/annotated/techniqueProfile/geochemProfile/XCT/detail/schema.yaml
/prov:wasGeneratedBy/schema:additionalProperty/schema:propertyID		https://raw.githubusercontent.com/amds-ldeo/geochemBuildingBlocks/undefined/build/annotated/techniqueProfile/geochemProfile/XCT/detail/schema.yaml
/prov:wasGeneratedBy/schema:additionalProperty/schema:name		https://raw.githubusercontent.com/amds-ldeo/geochemBuildingBlocks/undefined/build/annotated/techniqueProfile/geochemProfile/XCT/detail/schema.yaml
/prov:wasGeneratedBy/schema:additionalProperty/schema:value		https://raw.githubusercontent.com/amds-ldeo/geochemBuildingBlocks/undefined/build/annotated/techniqueProfile/geochemProfile/XCT/detail/schema.yaml
/prov:wasGeneratedBy/schema:additionalProperty/schema:unitText		https://raw.githubusercontent.com/amds-ldeo/geochemBuildingBlocks/undefined/build/annotated/techniqueProfile/geochemProfile/XCT/detail/schema.yaml
/prov:wasGeneratedBy/schema:additionalProperty/_anyOf/0/schema:propertyID		https://raw.githubusercontent.com/amds-ldeo/geochemBuildingBlocks/undefined/build/annotated/techniqueProfile/geochemProfile/XCT/detail/schema.yaml
/prov:wasGeneratedBy/schema:additionalProperty/_anyOf/0/schema:name		https://raw.githubusercontent.com/amds-ldeo/geochemBuildingBlocks/undefined/build/annotated/techniqueProfile/geochemProfile/XCT/detail/schema.yaml
/prov:wasGeneratedBy/schema:additionalProperty/_anyOf/0/schema:value		https://raw.githubusercontent.com/amds-ldeo/geochemBuildingBlocks/undefined/build/annotated/techniqueProfile/geochemProfile/XCT/detail/schema.yaml
/prov:wasGeneratedBy/schema:additionalProperty/_anyOf/1/schema:propertyID		https://raw.githubusercontent.com/amds-ldeo/geochemBuildingBlocks/undefined/build/annotated/techniqueProfile/geochemProfile/XCT/detail/schema.yaml
/prov:wasGeneratedBy/schema:additionalProperty/_anyOf/1/schema:name		https://raw.githubusercontent.com/amds-ldeo/geochemBuildingBlocks/undefined/build/annotated/techniqueProfile/geochemProfile/XCT/detail/schema.yaml
/prov:wasGeneratedBy/schema:additionalProperty/_anyOf/1/schema:value		https://raw.githubusercontent.com/amds-ldeo/geochemBuildingBlocks/undefined/build/annotated/techniqueProfile/geochemProfile/XCT/detail/schema.yaml
/prov:wasGeneratedBy/schema:additionalProperty/_anyOf/2/schema:propertyID		https://raw.githubusercontent.com/amds-ldeo/geochemBuildingBlocks/undefined/build/annotated/techniqueProfile/geochemProfile/XCT/detail/schema.yaml
/prov:wasGeneratedBy/schema:additionalProperty/_anyOf/2/schema:name		https://raw.githubusercontent.com/amds-ldeo/geochemBuildingBlocks/undefined/build/annotated/techniqueProfile/geochemProfile/XCT/detail/schema.yaml
/prov:wasGeneratedBy/schema:additionalProperty/_anyOf/2/schema:value		https://raw.githubusercontent.com/amds-ldeo/geochemBuildingBlocks/undefined/build/annotated/techniqueProfile/geochemProfile/XCT/detail/schema.yaml
/prov:wasGeneratedBy/schema:additionalProperty/_anyOf/2/schema:unitText		https://raw.githubusercontent.com/amds-ldeo/geochemBuildingBlocks/undefined/build/annotated/techniqueProfile/geochemProfile/XCT/detail/schema.yaml
/prov:wasGeneratedBy/schema:additionalProperty/_anyOf/3/schema:propertyID		https://raw.githubusercontent.com/amds-ldeo/geochemBuildingBlocks/undefined/build/annotated/techniqueProfile/geochemProfile/XCT/detail/schema.yaml
/prov:wasGeneratedBy/schema:additionalProperty/_anyOf/3/schema:name		https://raw.githubusercontent.com/amds-ldeo/geochemBuildingBlocks/undefined/build/annotated/techniqueProfile/geochemProfile/XCT/detail/schema.yaml
/prov:wasGeneratedBy/schema:additionalProperty/_anyOf/3/schema:value		https://raw.githubusercontent.com/amds-ldeo/geochemBuildingBlocks/undefined/build/annotated/techniqueProfile/geochemProfile/XCT/detail/schema.yaml
/prov:wasGeneratedBy/schema:additionalProperty/_anyOf/3/schema:unitText		https://raw.githubusercontent.com/amds-ldeo/geochemBuildingBlocks/undefined/build/annotated/techniqueProfile/geochemProfile/XCT/detail/schema.yaml
/prov:wasGeneratedBy/schema:additionalProperty/_anyOf/4/schema:propertyID		https://raw.githubusercontent.com/amds-ldeo/geochemBuildingBlocks/undefined/build/annotated/techniqueProfile/geochemProfile/XCT/detail/schema.yaml
/prov:wasGeneratedBy/schema:additionalProperty/_anyOf/4/schema:name		https://raw.githubusercontent.com/amds-ldeo/geochemBuildingBlocks/undefined/build/annotated/techniqueProfile/geochemProfile/XCT/detail/schema.yaml
/prov:wasGeneratedBy/schema:additionalProperty/_anyOf/4/schema:value		https://raw.githubusercontent.com/amds-ldeo/geochemBuildingBlocks/undefined/build/annotated/techniqueProfile/geochemProfile/XCT/detail/schema.yaml
/prov:wasGeneratedBy/schema:additionalProperty/_anyOf/4/schema:unitText		https://raw.githubusercontent.com/amds-ldeo/geochemBuildingBlocks/undefined/build/annotated/techniqueProfile/geochemProfile/XCT/detail/schema.yaml
/prov:wasGeneratedBy/schema:additionalProperty/_anyOf/5/schema:propertyID		https://raw.githubusercontent.com/amds-ldeo/geochemBuildingBlocks/undefined/build/annotated/techniqueProfile/geochemProfile/XCT/detail/schema.yaml
/prov:wasGeneratedBy/schema:additionalProperty/_anyOf/5/schema:name		https://raw.githubusercontent.com/amds-ldeo/geochemBuildingBlocks/undefined/build/annotated/techniqueProfile/geochemProfile/XCT/detail/schema.yaml
/prov:wasGeneratedBy/schema:additionalProperty/_anyOf/5/schema:value		https://raw.githubusercontent.com/amds-ldeo/geochemBuildingBlocks/undefined/build/annotated/techniqueProfile/geochemProfile/XCT/detail/schema.yaml
/prov:wasGeneratedBy/schema:additionalProperty/_anyOf/5/schema:unitText		https://raw.githubusercontent.com/amds-ldeo/geochemBuildingBlocks/undefined/build/annotated/techniqueProfile/geochemProfile/XCT/detail/schema.yaml
/prov:wasGeneratedBy/schema:additionalProperty/_anyOf/6/schema:propertyID		https://raw.githubusercontent.com/amds-ldeo/geochemBuildingBlocks/undefined/build/annotated/techniqueProfile/geochemProfile/XCT/detail/schema.yaml
/prov:wasGeneratedBy/schema:additionalProperty/_anyOf/6/schema:name		https://raw.githubusercontent.com/amds-ldeo/geochemBuildingBlocks/undefined/build/annotated/techniqueProfile/geochemProfile/XCT/detail/schema.yaml
/prov:wasGeneratedBy/schema:additionalProperty/_anyOf/6/schema:value		https://raw.githubusercontent.com/amds-ldeo/geochemBuildingBlocks/undefined/build/annotated/techniqueProfile/geochemProfile/XCT/detail/schema.yaml
/prov:wasGeneratedBy/schema:additionalProperty/_anyOf/7/schema:propertyID		https://raw.githubusercontent.com/amds-ldeo/geochemBuildingBlocks/undefined/build/annotated/techniqueProfile/geochemProfile/XCT/detail/schema.yaml
/prov:wasGeneratedBy/schema:additionalProperty/_anyOf/7/schema:name		https://raw.githubusercontent.com/amds-ldeo/geochemBuildingBlocks/undefined/build/annotated/techniqueProfile/geochemProfile/XCT/detail/schema.yaml
/prov:wasGeneratedBy/schema:additionalProperty/_anyOf/7/schema:value		https://raw.githubusercontent.com/amds-ldeo/geochemBuildingBlocks/undefined/build/annotated/techniqueProfile/geochemProfile/XCT/detail/schema.yaml
/prov:wasGeneratedBy/schema:additionalProperty/_anyOf/8/schema:propertyID		https://raw.githubusercontent.com/amds-ldeo/geochemBuildingBlocks/undefined/build/annotated/techniqueProfile/geochemProfile/XCT/detail/schema.yaml
/prov:wasGeneratedBy/schema:additionalProperty/_anyOf/8/schema:name		https://raw.githubusercontent.com/amds-ldeo/geochemBuildingBlocks/undefined/build/annotated/techniqueProfile/geochemProfile/XCT/detail/schema.yaml
/prov:wasGeneratedBy/schema:additionalProperty/_anyOf/8/schema:value		https://raw.githubusercontent.com/amds-ldeo/geochemBuildingBlocks/undefined/build/annotated/techniqueProfile/geochemProfile/XCT/detail/schema.yaml
/prov:wasGeneratedBy/schema:additionalProperty/_anyOf/9/schema:propertyID		https://raw.githubusercontent.com/amds-ldeo/geochemBuildingBlocks/undefined/build/annotated/techniqueProfile/geochemProfile/XCT/detail/schema.yaml
/prov:wasGeneratedBy/schema:additionalProperty/_anyOf/9/schema:name		https://raw.githubusercontent.com/amds-ldeo/geochemBuildingBlocks/undefined/build/annotated/techniqueProfile/geochemProfile/XCT/detail/schema.yaml
/prov:wasGeneratedBy/schema:additionalProperty/_anyOf/9/schema:value		https://raw.githubusercontent.com/amds-ldeo/geochemBuildingBlocks/undefined/build/annotated/techniqueProfile/geochemProfile/XCT/detail/schema.yaml
/prov:wasGeneratedBy/schema:additionalProperty/_anyOf/10/schema:propertyID		https://raw.githubusercontent.com/amds-ldeo/geochemBuildingBlocks/undefined/build/annotated/techniqueProfile/geochemProfile/XCT/detail/schema.yaml
/prov:wasGeneratedBy/schema:additionalProperty/_anyOf/10/schema:name		https://raw.githubusercontent.com/amds-ldeo/geochemBuildingBlocks/undefined/build/annotated/techniqueProfile/geochemProfile/XCT/detail/schema.yaml
/prov:wasGeneratedBy/schema:additionalProperty/_anyOf/10/schema:value		https://raw.githubusercontent.com/amds-ldeo/geochemBuildingBlocks/undefined/build/annotated/techniqueProfile/geochemProfile/XCT/detail/schema.yaml
/prov:wasGeneratedBy/schema:additionalProperty/_anyOf/11/schema:propertyID		https://raw.githubusercontent.com/amds-ldeo/geochemBuildingBlocks/undefined/build/annotated/techniqueProfile/geochemProfile/XCT/detail/schema.yaml
/prov:wasGeneratedBy/schema:additionalProperty/_anyOf/11/schema:name		https://raw.githubusercontent.com/amds-ldeo/geochemBuildingBlocks/undefined/build/annotated/techniqueProfile/geochemProfile/XCT/detail/schema.yaml
/prov:wasGeneratedBy/schema:additionalProperty/_anyOf/11/schema:value		https://raw.githubusercontent.com/amds-ldeo/geochemBuildingBlocks/undefined/build/annotated/techniqueProfile/geochemProfile/XCT/detail/schema.yaml
/prov:wasGeneratedBy/schema:additionalProperty/_anyOf/12/schema:propertyID		https://raw.githubusercontent.com/amds-ldeo/geochemBuildingBlocks/undefined/build/annotated/techniqueProfile/geochemProfile/XCT/detail/schema.yaml
/prov:wasGeneratedBy/schema:additionalProperty/_anyOf/12/schema:name		https://raw.githubusercontent.com/amds-ldeo/geochemBuildingBlocks/undefined/build/annotated/techniqueProfile/geochemProfile/XCT/detail/schema.yaml
/prov:wasGeneratedBy/schema:additionalProperty/_anyOf/12/schema:value		https://raw.githubusercontent.com/amds-ldeo/geochemBuildingBlocks/undefined/build/annotated/techniqueProfile/geochemProfile/XCT/detail/schema.yaml
/prov:wasGeneratedBy/schema:additionalProperty/_anyOf/13/schema:propertyID		https://raw.githubusercontent.com/amds-ldeo/geochemBuildingBlocks/undefined/build/annotated/techniqueProfile/geochemProfile/XCT/detail/schema.yaml
/prov:wasGeneratedBy/schema:additionalProperty/_anyOf/13/schema:name		https://raw.githubusercontent.com/amds-ldeo/geochemBuildingBlocks/undefined/build/annotated/techniqueProfile/geochemProfile/XCT/detail/schema.yaml
/prov:wasGeneratedBy/schema:additionalProperty/_anyOf/13/schema:value		https://raw.githubusercontent.com/amds-ldeo/geochemBuildingBlocks/undefined/build/annotated/techniqueProfile/geochemProfile/XCT/detail/schema.yaml
/prov:wasGeneratedBy/schema:additionalProperty/_anyOf/14/schema:propertyID		https://raw.githubusercontent.com/amds-ldeo/geochemBuildingBlocks/undefined/build/annotated/techniqueProfile/geochemProfile/XCT/detail/schema.yaml
/prov:wasGeneratedBy/schema:additionalProperty/_anyOf/14/schema:name		https://raw.githubusercontent.com/amds-ldeo/geochemBuildingBlocks/undefined/build/annotated/techniqueProfile/geochemProfile/XCT/detail/schema.yaml
/prov:wasGeneratedBy/schema:additionalProperty/_anyOf/14/schema:value		https://raw.githubusercontent.com/amds-ldeo/geochemBuildingBlocks/undefined/build/annotated/techniqueProfile/geochemProfile/XCT/detail/schema.yaml
/prov:wasGeneratedBy/schema:additionalProperty/_anyOf/15/schema:propertyID		https://raw.githubusercontent.com/amds-ldeo/geochemBuildingBlocks/undefined/build/annotated/techniqueProfile/geochemProfile/XCT/detail/schema.yaml
/prov:wasGeneratedBy/schema:additionalProperty/_anyOf/15/schema:name		https://raw.githubusercontent.com/amds-ldeo/geochemBuildingBlocks/undefined/build/annotated/techniqueProfile/geochemProfile/XCT/detail/schema.yaml
/prov:wasGeneratedBy/schema:additionalProperty/_anyOf/15/schema:value		https://raw.githubusercontent.com/amds-ldeo/geochemBuildingBlocks/undefined/build/annotated/techniqueProfile/geochemProfile/XCT/detail/schema.yaml
/prov:wasGeneratedBy/schema:additionalProperty/_anyOf/16/schema:propertyID		https://raw.githubusercontent.com/amds-ldeo/geochemBuildingBlocks/undefined/build/annotated/techniqueProfile/geochemProfile/XCT/detail/schema.yaml
/prov:wasGeneratedBy/schema:additionalProperty/_anyOf/16/schema:name		https://raw.githubusercontent.com/amds-ldeo/geochemBuildingBlocks/undefined/build/annotated/techniqueProfile/geochemProfile/XCT/detail/schema.yaml
/prov:wasGeneratedBy/schema:additionalProperty/_anyOf/16/schema:value		https://raw.githubusercontent.com/amds-ldeo/geochemBuildingBlocks/undefined/build/annotated/techniqueProfile/geochemProfile/XCT/detail/schema.yaml
/prov:wasGeneratedBy/schema:additionalProperty/_anyOf/17/schema:propertyID		https://raw.githubusercontent.com/amds-ldeo/geochemBuildingBlocks/undefined/build/annotated/techniqueProfile/geochemProfile/XCT/detail/schema.yaml
/prov:wasGeneratedBy/schema:additionalProperty/_anyOf/17/schema:name		https://raw.githubusercontent.com/amds-ldeo/geochemBuildingBlocks/undefined/build/annotated/techniqueProfile/geochemProfile/XCT/detail/schema.yaml
/prov:wasGeneratedBy/schema:additionalProperty/_anyOf/17/schema:value		https://raw.githubusercontent.com/amds-ldeo/geochemBuildingBlocks/undefined/build/annotated/techniqueProfile/geochemProfile/XCT/detail/schema.yaml
/prov:wasGeneratedBy/schema:additionalProperty/_anyOf/18/schema:propertyID		https://raw.githubusercontent.com/amds-ldeo/geochemBuildingBlocks/undefined/build/annotated/techniqueProfile/geochemProfile/XCT/detail/schema.yaml
/prov:wasGeneratedBy/schema:additionalProperty/_anyOf/18/schema:name		https://raw.githubusercontent.com/amds-ldeo/geochemBuildingBlocks/undefined/build/annotated/techniqueProfile/geochemProfile/XCT/detail/schema.yaml
/prov:wasGeneratedBy/schema:additionalProperty/_anyOf/18/schema:value		https://raw.githubusercontent.com/amds-ldeo/geochemBuildingBlocks/undefined/build/annotated/techniqueProfile/geochemProfile/XCT/detail/schema.yaml
/prov:wasGeneratedBy/prov:used/_then/bios:computationalTool/_then/schema:name		https://raw.githubusercontent.com/amds-ldeo/geochemBuildingBlocks/undefined/build/annotated/techniqueProfile/geochemProfile/XCT/detail/schema.yaml
/prov:wasGeneratedBy/prov:used/_then/schema:instrument/_then/ada:acceleratingVoltage		https://raw.githubusercontent.com/amds-ldeo/geochemBuildingBlocks/undefined/build/annotated/techniqueProfile/geochemProfile/XCT/detail/schema.yaml
/prov:wasGeneratedBy/prov:used/_then/schema:instrument/_then/ada:tubeCurrent		https://raw.githubusercontent.com/amds-ldeo/geochemBuildingBlocks/undefined/build/annotated/techniqueProfile/geochemProfile/XCT/detail/schema.yaml
/prov:wasGeneratedBy/prov:used/_then/schema:instrument/_then/ada:xRayPreFilter		https://raw.githubusercontent.com/amds-ldeo/geochemBuildingBlocks/undefined/build/annotated/techniqueProfile/geochemProfile/XCT/detail/schema.yaml
/prov:wasGeneratedBy/prov:used/_then/schema:instrument/_then/ada:voxelSize		https://raw.githubusercontent.com/amds-ldeo/geochemBuildingBlocks/undefined/build/annotated/techniqueProfile/geochemProfile/XCT/detail/schema.yaml
/prov:wasGeneratedBy/ada:rotationRange		https://raw.githubusercontent.com/amds-ldeo/geochemBuildingBlocks/undefined/build/annotated/techniqueProfile/geochemProfile/XCT/detail/schema.yaml
/prov:wasGeneratedBy/ada:numberOfProjections		https://raw.githubusercontent.com/amds-ldeo/geochemBuildingBlocks/undefined/build/annotated/techniqueProfile/geochemProfile/XCT/detail/schema.yaml
/prov:wasGeneratedBy/ada:exposureTimePerProjection		https://raw.githubusercontent.com/amds-ldeo/geochemBuildingBlocks/undefined/build/annotated/techniqueProfile/geochemProfile/XCT/detail/schema.yaml
/prov:wasGeneratedBy/schema:actionProcess/schema:step		https://raw.githubusercontent.com/amds-ldeo/geochemBuildingBlocks/undefined/build/annotated/techniqueProfile/geochemProfile/XCT/detail/schema.yaml
/prov:wasGeneratedBy/schema:actionProcess/schema:step/schema:name		https://raw.githubusercontent.com/amds-ldeo/geochemBuildingBlocks/undefined/build/annotated/techniqueProfile/geochemProfile/XCT/detail/schema.yaml
/prov:wasGeneratedBy/schema:actionProcess/schema:step/_then/schema:additionalProperty		https://raw.githubusercontent.com/amds-ldeo/geochemBuildingBlocks/undefined/build/annotated/techniqueProfile/geochemProfile/XCT/detail/schema.yaml
/prov:wasGeneratedBy/schema:actionProcess/schema:step/_then/schema:additionalProperty/schema:propertyID		https://raw.githubusercontent.com/amds-ldeo/geochemBuildingBlocks/undefined/build/annotated/techniqueProfile/geochemProfile/XCT/detail/schema.yaml
/prov:wasGeneratedBy/schema:actionProcess/schema:step/_then/schema:additionalProperty/schema:name		https://raw.githubusercontent.com/amds-ldeo/geochemBuildingBlocks/undefined/build/annotated/techniqueProfile/geochemProfile/XCT/detail/schema.yaml
/prov:wasGeneratedBy/schema:actionProcess/schema:step/_then/schema:additionalProperty/schema:value		https://raw.githubusercontent.com/amds-ldeo/geochemBuildingBlocks/undefined/build/annotated/techniqueProfile/geochemProfile/XCT/detail/schema.yaml
/prov:wasGeneratedBy/schema:actionProcess/schema:step/_then/schema:additionalProperty/_anyOf/0/schema:propertyID		https://raw.githubusercontent.com/amds-ldeo/geochemBuildingBlocks/undefined/build/annotated/techniqueProfile/geochemProfile/XCT/detail/schema.yaml
/prov:wasGeneratedBy/schema:actionProcess/schema:step/_then/schema:additionalProperty/_anyOf/0/schema:name		https://raw.githubusercontent.com/amds-ldeo/geochemBuildingBlocks/undefined/build/annotated/techniqueProfile/geochemProfile/XCT/detail/schema.yaml
/prov:wasGeneratedBy/schema:actionProcess/schema:step/_then/schema:additionalProperty/_anyOf/0/schema:value		https://raw.githubusercontent.com/amds-ldeo/geochemBuildingBlocks/undefined/build/annotated/techniqueProfile/geochemProfile/XCT/detail/schema.yaml
/prov:wasGeneratedBy/schema:actionProcess/schema:step/_then/schema:additionalProperty/_anyOf/1/schema:propertyID		https://raw.githubusercontent.com/amds-ldeo/geochemBuildingBlocks/undefined/build/annotated/techniqueProfile/geochemProfile/XCT/detail/schema.yaml
/prov:wasGeneratedBy/schema:actionProcess/schema:step/_then/schema:additionalProperty/_anyOf/1/schema:name		https://raw.githubusercontent.com/amds-ldeo/geochemBuildingBlocks/undefined/build/annotated/techniqueProfile/geochemProfile/XCT/detail/schema.yaml
/prov:wasGeneratedBy/schema:actionProcess/schema:step/_then/schema:additionalProperty/_anyOf/1/schema:value		https://raw.githubusercontent.com/amds-ldeo/geochemBuildingBlocks/undefined/build/annotated/techniqueProfile/geochemProfile/XCT/detail/schema.yaml
/prov:wasGeneratedBy/schema:actionProcess/schema:step/_then/schema:additionalProperty/_anyOf/2/schema:propertyID		https://raw.githubusercontent.com/amds-ldeo/geochemBuildingBlocks/undefined/build/annotated/techniqueProfile/geochemProfile/XCT/detail/schema.yaml
/prov:wasGeneratedBy/schema:actionProcess/schema:step/_then/schema:additionalProperty/_anyOf/2/schema:name		https://raw.githubusercontent.com/amds-ldeo/geochemBuildingBlocks/undefined/build/annotated/techniqueProfile/geochemProfile/XCT/detail/schema.yaml
/prov:wasGeneratedBy/schema:actionProcess/schema:step/_then/schema:additionalProperty/_anyOf/2/schema:value		https://raw.githubusercontent.com/amds-ldeo/geochemBuildingBlocks/undefined/build/annotated/techniqueProfile/geochemProfile/XCT/detail/schema.yaml
/prov:wasGeneratedBy/ada:rotationMode		https://raw.githubusercontent.com/amds-ldeo/geochemBuildingBlocks/undefined/build/annotated/techniqueProfile/geochemProfile/XCT/detail/schema.yaml
/prov:wasGeneratedBy/ada:segmentationMethod		https://raw.githubusercontent.com/amds-ldeo/geochemBuildingBlocks/undefined/build/annotated/techniqueProfile/geochemProfile/XCT/detail/schema.yaml
/schema:relatedLink/_then/schema:target		https://raw.githubusercontent.com/amds-ldeo/geochemBuildingBlocks/undefined/build/annotated/techniqueProfile/geochemProfile/XCT/detail/schema.yaml
/schema:relatedLink/_then/schema:target/schema:name		https://raw.githubusercontent.com/amds-ldeo/geochemBuildingBlocks/undefined/build/annotated/techniqueProfile/geochemProfile/XCT/detail/schema.yaml
/schema:relatedLink/_then/schema:target/schema:description		https://raw.githubusercontent.com/amds-ldeo/geochemBuildingBlocks/undefined/build/annotated/techniqueProfile/geochemProfile/XCT/detail/schema.yaml
/schema:relatedLink/_then/schema:target/schema:url		https://raw.githubusercontent.com/amds-ldeo/geochemBuildingBlocks/undefined/build/annotated/techniqueProfile/geochemProfile/XCT/detail/schema.yaml
/schema:distribution/schema:encodingFormat		https://raw.githubusercontent.com/amds-ldeo/geochemBuildingBlocks/undefined/build/annotated/techniqueProfile/geochemProfile/XCT/detail/schema.yaml
/schema:additionalProperty/schema:propertyID		https://raw.githubusercontent.com/amds-ldeo/geochemBuildingBlocks/undefined/build/annotated/techniqueProfile/geochemProfile/XCT/detail/schema.yaml
/schema:additionalProperty/schema:name		https://raw.githubusercontent.com/amds-ldeo/geochemBuildingBlocks/undefined/build/annotated/techniqueProfile/geochemProfile/XCT/detail/schema.yaml
/schema:additionalProperty/schema:value		https://raw.githubusercontent.com/amds-ldeo/geochemBuildingBlocks/undefined/build/annotated/techniqueProfile/geochemProfile/XCT/detail/schema.yaml
/schema:additionalProperty/_anyOf/0/schema:propertyID		https://raw.githubusercontent.com/amds-ldeo/geochemBuildingBlocks/undefined/build/annotated/techniqueProfile/geochemProfile/XCT/detail/schema.yaml
/schema:additionalProperty/_anyOf/0/schema:name		https://raw.githubusercontent.com/amds-ldeo/geochemBuildingBlocks/undefined/build/annotated/techniqueProfile/geochemProfile/XCT/detail/schema.yaml
/schema:additionalProperty/_anyOf/0/schema:value		https://raw.githubusercontent.com/amds-ldeo/geochemBuildingBlocks/undefined/build/annotated/techniqueProfile/geochemProfile/XCT/detail/schema.yaml
/schema:additionalProperty/_anyOf/1/schema:propertyID		https://raw.githubusercontent.com/amds-ldeo/geochemBuildingBlocks/undefined/build/annotated/techniqueProfile/geochemProfile/XCT/detail/schema.yaml
/schema:additionalProperty/_anyOf/1/schema:name		https://raw.githubusercontent.com/amds-ldeo/geochemBuildingBlocks/undefined/build/annotated/techniqueProfile/geochemProfile/XCT/detail/schema.yaml
/schema:additionalProperty/_anyOf/1/schema:value		https://raw.githubusercontent.com/amds-ldeo/geochemBuildingBlocks/undefined/build/annotated/techniqueProfile/geochemProfile/XCT/detail/schema.yaml
/schema:additionalProperty/_anyOf/2/schema:propertyID		https://raw.githubusercontent.com/amds-ldeo/geochemBuildingBlocks/undefined/build/annotated/techniqueProfile/geochemProfile/XCT/detail/schema.yaml
/schema:additionalProperty/_anyOf/2/schema:name		https://raw.githubusercontent.com/amds-ldeo/geochemBuildingBlocks/undefined/build/annotated/techniqueProfile/geochemProfile/XCT/detail/schema.yaml
/schema:additionalProperty/_anyOf/2/schema:value		https://raw.githubusercontent.com/amds-ldeo/geochemBuildingBlocks/undefined/build/annotated/techniqueProfile/geochemProfile/XCT/detail/schema.yaml
/schema:additionalProperty/_anyOf/3/schema:propertyID		https://raw.githubusercontent.com/amds-ldeo/geochemBuildingBlocks/undefined/build/annotated/techniqueProfile/geochemProfile/XCT/detail/schema.yaml
/schema:additionalProperty/_anyOf/3/schema:name		https://raw.githubusercontent.com/amds-ldeo/geochemBuildingBlocks/undefined/build/annotated/techniqueProfile/geochemProfile/XCT/detail/schema.yaml
/schema:additionalProperty/_anyOf/3/schema:value		https://raw.githubusercontent.com/amds-ldeo/geochemBuildingBlocks/undefined/build/annotated/techniqueProfile/geochemProfile/XCT/detail/schema.yaml
/dqv:hasQualityMeasurement/_then/dqv:value		https://raw.githubusercontent.com/amds-ldeo/geochemBuildingBlocks/undefined/build/annotated/techniqueProfile/geochemProfile/XCT/detail/schema.yaml
/prov:wasGeneratedBy/prov:used/_then/schema:measurementTechnique/schema:termCode		https://raw.githubusercontent.com/amds-ldeo/geochemBuildingBlocks/undefined/build/annotated/techniqueProfile/geochemProfile/XCT/tapp/schema.yaml
/prov:wasGeneratedBy/prov:used/_then/schema:creator/schema:name		https://raw.githubusercontent.com/amds-ldeo/geochemBuildingBlocks/undefined/build/annotated/techniqueProfile/geochemProfile/XCT/tapp/schema.yaml
/prov:wasGeneratedBy/prov:used/_then/schema:location/schema:name		https://raw.githubusercontent.com/amds-ldeo/geochemBuildingBlocks/undefined/build/annotated/techniqueProfile/geochemProfile/XCT/tapp/schema.yaml
/prov:wasGeneratedBy/prov:used/_then/schema:location/schema:identifier		https://raw.githubusercontent.com/amds-ldeo/geochemBuildingBlocks/undefined/build/annotated/techniqueProfile/geochemProfile/XCT/tapp/schema.yaml
/prov:wasGeneratedBy/prov:used/_then/schema:funding/schema:name		https://raw.githubusercontent.com/amds-ldeo/geochemBuildingBlocks/undefined/build/annotated/techniqueProfile/geochemProfile/XCT/tapp/schema.yaml
/prov:wasGeneratedBy/prov:used/_then/schema:relatedLink/_then/schema:target		https://raw.githubusercontent.com/amds-ldeo/geochemBuildingBlocks/undefined/build/annotated/techniqueProfile/geochemProfile/XCT/tapp/schema.yaml
/prov:wasGeneratedBy/prov:used/_then/schema:relatedLink/_then/schema:target/schema:name		https://raw.githubusercontent.com/amds-ldeo/geochemBuildingBlocks/undefined/build/annotated/techniqueProfile/geochemProfile/XCT/tapp/schema.yaml
/prov:wasGeneratedBy/prov:used/_then/schema:relatedLink/_then/schema:target/schema:description		https://raw.githubusercontent.com/amds-ldeo/geochemBuildingBlocks/undefined/build/annotated/techniqueProfile/geochemProfile/XCT/tapp/schema.yaml
/prov:wasGeneratedBy/prov:used/_then/schema:object/_then/schema:additionalProperty		https://raw.githubusercontent.com/amds-ldeo/geochemBuildingBlocks/undefined/build/annotated/techniqueProfile/geochemProfile/XCT/tapp/schema.yaml
/prov:wasGeneratedBy/prov:used/_then/schema:object/_then/schema:additionalProperty/schema:name		https://raw.githubusercontent.com/amds-ldeo/geochemBuildingBlocks/undefined/build/annotated/techniqueProfile/geochemProfile/XCT/tapp/schema.yaml
/prov:wasGeneratedBy/prov:used/_then/schema:object/_then/schema:additionalProperty/schema:valueName		https://raw.githubusercontent.com/amds-ldeo/geochemBuildingBlocks/undefined/build/annotated/techniqueProfile/geochemProfile/XCT/tapp/schema.yaml
/prov:wasGeneratedBy/prov:used/_then/schema:object/_then/schema:additionalProperty/ada:dataType		https://raw.githubusercontent.com/amds-ldeo/geochemBuildingBlocks/undefined/build/annotated/techniqueProfile/geochemProfile/XCT/tapp/schema.yaml
/prov:wasGeneratedBy/prov:used/_then/schema:object/_then/schema:additionalProperty/ada:fieldScope		https://raw.githubusercontent.com/amds-ldeo/geochemBuildingBlocks/undefined/build/annotated/techniqueProfile/geochemProfile/XCT/tapp/schema.yaml
/prov:wasGeneratedBy/prov:used/_then/schema:object/_then/schema:additionalProperty/schema:readonlyValue		https://raw.githubusercontent.com/amds-ldeo/geochemBuildingBlocks/undefined/build/annotated/techniqueProfile/geochemProfile/XCT/tapp/schema.yaml
/prov:wasGeneratedBy/prov:used/_then/schema:object/_then/schema:additionalProperty/ada:tier		https://raw.githubusercontent.com/amds-ldeo/geochemBuildingBlocks/undefined/build/annotated/techniqueProfile/geochemProfile/XCT/tapp/schema.yaml
/prov:wasGeneratedBy/prov:used/_then/schema:object/_then/schema:additionalProperty/_then/schema:value		https://raw.githubusercontent.com/amds-ldeo/geochemBuildingBlocks/undefined/build/annotated/techniqueProfile/geochemProfile/XCT/tapp/schema.yaml
/prov:wasGeneratedBy/prov:used/_then/ada:targetFeature		https://raw.githubusercontent.com/amds-ldeo/geochemBuildingBlocks/undefined/build/annotated/techniqueProfile/geochemProfile/XCT/tapp/schema.yaml
/prov:wasGeneratedBy/prov:used/_then/ada:applicableSampleDimensionRange		https://raw.githubusercontent.com/amds-ldeo/geochemBuildingBlocks/undefined/build/annotated/techniqueProfile/geochemProfile/XCT/tapp/schema.yaml
/prov:wasGeneratedBy/prov:used/_then/schema:additionalProperty/schema:valueName		https://raw.githubusercontent.com/amds-ldeo/geochemBuildingBlocks/undefined/build/annotated/techniqueProfile/geochemProfile/XCT/tapp/schema.yaml
/prov:wasGeneratedBy/prov:used/_then/schema:additionalProperty/schema:name		https://raw.githubusercontent.com/amds-ldeo/geochemBuildingBlocks/undefined/build/annotated/techniqueProfile/geochemProfile/XCT/tapp/schema.yaml
/prov:wasGeneratedBy/prov:used/_then/schema:additionalProperty/ada:dataType		https://raw.githubusercontent.com/amds-ldeo/geochemBuildingBlocks/undefined/build/annotated/techniqueProfile/geochemProfile/XCT/tapp/schema.yaml
/prov:wasGeneratedBy/prov:used/_then/schema:additionalProperty/ada:fieldScope		https://raw.githubusercontent.com/amds-ldeo/geochemBuildingBlocks/undefined/build/annotated/techniqueProfile/geochemProfile/XCT/tapp/schema.yaml
/prov:wasGeneratedBy/prov:used/_then/schema:additionalProperty/schema:readonlyValue		https://raw.githubusercontent.com/amds-ldeo/geochemBuildingBlocks/undefined/build/annotated/techniqueProfile/geochemProfile/XCT/tapp/schema.yaml
/prov:wasGeneratedBy/prov:used/_then/schema:additionalProperty/ada:tier		https://raw.githubusercontent.com/amds-ldeo/geochemBuildingBlocks/undefined/build/annotated/techniqueProfile/geochemProfile/XCT/tapp/schema.yaml
/prov:wasGeneratedBy/prov:used/_then/schema:additionalProperty/schema:propertyID		https://raw.githubusercontent.com/amds-ldeo/geochemBuildingBlocks/undefined/build/annotated/techniqueProfile/geochemProfile/XCT/tapp/schema.yaml
/prov:wasGeneratedBy/prov:used/_then/schema:additionalProperty/schema:value		https://raw.githubusercontent.com/amds-ldeo/geochemBuildingBlocks/undefined/build/annotated/techniqueProfile/geochemProfile/XCT/tapp/schema.yaml
/prov:wasGeneratedBy/prov:used/_then/schema:additionalProperty/schema:unitText		https://raw.githubusercontent.com/amds-ldeo/geochemBuildingBlocks/undefined/build/annotated/techniqueProfile/geochemProfile/XCT/tapp/schema.yaml
/prov:wasGeneratedBy/prov:used/_then/schema:additionalProperty/_anyOf/0/schema:valueName		https://raw.githubusercontent.com/amds-ldeo/geochemBuildingBlocks/undefined/build/annotated/techniqueProfile/geochemProfile/XCT/tapp/schema.yaml
/prov:wasGeneratedBy/prov:used/_then/schema:additionalProperty/_anyOf/0/schema:name		https://raw.githubusercontent.com/amds-ldeo/geochemBuildingBlocks/undefined/build/annotated/techniqueProfile/geochemProfile/XCT/tapp/schema.yaml
/prov:wasGeneratedBy/prov:used/_then/schema:additionalProperty/_anyOf/0/ada:dataType		https://raw.githubusercontent.com/amds-ldeo/geochemBuildingBlocks/undefined/build/annotated/techniqueProfile/geochemProfile/XCT/tapp/schema.yaml
/prov:wasGeneratedBy/prov:used/_then/schema:additionalProperty/_anyOf/0/ada:fieldScope		https://raw.githubusercontent.com/amds-ldeo/geochemBuildingBlocks/undefined/build/annotated/techniqueProfile/geochemProfile/XCT/tapp/schema.yaml
/prov:wasGeneratedBy/prov:used/_then/schema:additionalProperty/_anyOf/0/schema:readonlyValue		https://raw.githubusercontent.com/amds-ldeo/geochemBuildingBlocks/undefined/build/annotated/techniqueProfile/geochemProfile/XCT/tapp/schema.yaml
/prov:wasGeneratedBy/prov:used/_then/schema:additionalProperty/_anyOf/0/ada:tier		https://raw.githubusercontent.com/amds-ldeo/geochemBuildingBlocks/undefined/build/annotated/techniqueProfile/geochemProfile/XCT/tapp/schema.yaml
/prov:wasGeneratedBy/prov:used/_then/schema:additionalProperty/_anyOf/1/schema:valueName		https://raw.githubusercontent.com/amds-ldeo/geochemBuildingBlocks/undefined/build/annotated/techniqueProfile/geochemProfile/XCT/tapp/schema.yaml
/prov:wasGeneratedBy/prov:used/_then/schema:additionalProperty/_anyOf/1/schema:name		https://raw.githubusercontent.com/amds-ldeo/geochemBuildingBlocks/undefined/build/annotated/techniqueProfile/geochemProfile/XCT/tapp/schema.yaml
/prov:wasGeneratedBy/prov:used/_then/schema:additionalProperty/_anyOf/1/ada:dataType		https://raw.githubusercontent.com/amds-ldeo/geochemBuildingBlocks/undefined/build/annotated/techniqueProfile/geochemProfile/XCT/tapp/schema.yaml
/prov:wasGeneratedBy/prov:used/_then/schema:additionalProperty/_anyOf/1/ada:fieldScope		https://raw.githubusercontent.com/amds-ldeo/geochemBuildingBlocks/undefined/build/annotated/techniqueProfile/geochemProfile/XCT/tapp/schema.yaml
/prov:wasGeneratedBy/prov:used/_then/schema:additionalProperty/_anyOf/1/schema:readonlyValue		https://raw.githubusercontent.com/amds-ldeo/geochemBuildingBlocks/undefined/build/annotated/techniqueProfile/geochemProfile/XCT/tapp/schema.yaml
/prov:wasGeneratedBy/prov:used/_then/schema:additionalProperty/_anyOf/1/ada:tier		https://raw.githubusercontent.com/amds-ldeo/geochemBuildingBlocks/undefined/build/annotated/techniqueProfile/geochemProfile/XCT/tapp/schema.yaml
/prov:wasGeneratedBy/prov:used/_then/schema:additionalProperty/_anyOf/2/schema:valueName		https://raw.githubusercontent.com/amds-ldeo/geochemBuildingBlocks/undefined/build/annotated/techniqueProfile/geochemProfile/XCT/tapp/schema.yaml
/prov:wasGeneratedBy/prov:used/_then/schema:additionalProperty/_anyOf/2/schema:name		https://raw.githubusercontent.com/amds-ldeo/geochemBuildingBlocks/undefined/build/annotated/techniqueProfile/geochemProfile/XCT/tapp/schema.yaml
/prov:wasGeneratedBy/prov:used/_then/schema:additionalProperty/_anyOf/2/ada:dataType		https://raw.githubusercontent.com/amds-ldeo/geochemBuildingBlocks/undefined/build/annotated/techniqueProfile/geochemProfile/XCT/tapp/schema.yaml
/prov:wasGeneratedBy/prov:used/_then/schema:additionalProperty/_anyOf/2/ada:fieldScope		https://raw.githubusercontent.com/amds-ldeo/geochemBuildingBlocks/undefined/build/annotated/techniqueProfile/geochemProfile/XCT/tapp/schema.yaml
/prov:wasGeneratedBy/prov:used/_then/schema:additionalProperty/_anyOf/2/schema:readonlyValue		https://raw.githubusercontent.com/amds-ldeo/geochemBuildingBlocks/undefined/build/annotated/techniqueProfile/geochemProfile/XCT/tapp/schema.yaml
/prov:wasGeneratedBy/prov:used/_then/schema:additionalProperty/_anyOf/2/ada:tier		https://raw.githubusercontent.com/amds-ldeo/geochemBuildingBlocks/undefined/build/annotated/techniqueProfile/geochemProfile/XCT/tapp/schema.yaml
/prov:wasGeneratedBy/prov:used/_then/schema:additionalProperty/_anyOf/3/schema:propertyID		https://raw.githubusercontent.com/amds-ldeo/geochemBuildingBlocks/undefined/build/annotated/techniqueProfile/geochemProfile/XCT/tapp/schema.yaml
/prov:wasGeneratedBy/prov:used/_then/schema:additionalProperty/_anyOf/3/schema:name		https://raw.githubusercontent.com/amds-ldeo/geochemBuildingBlocks/undefined/build/annotated/techniqueProfile/geochemProfile/XCT/tapp/schema.yaml
/prov:wasGeneratedBy/prov:used/_then/schema:additionalProperty/_anyOf/3/schema:value		https://raw.githubusercontent.com/amds-ldeo/geochemBuildingBlocks/undefined/build/annotated/techniqueProfile/geochemProfile/XCT/tapp/schema.yaml
/prov:wasGeneratedBy/prov:used/_then/schema:additionalProperty/_anyOf/4/schema:propertyID		https://raw.githubusercontent.com/amds-ldeo/geochemBuildingBlocks/undefined/build/annotated/techniqueProfile/geochemProfile/XCT/tapp/schema.yaml
/prov:wasGeneratedBy/prov:used/_then/schema:additionalProperty/_anyOf/4/schema:name		https://raw.githubusercontent.com/amds-ldeo/geochemBuildingBlocks/undefined/build/annotated/techniqueProfile/geochemProfile/XCT/tapp/schema.yaml
/prov:wasGeneratedBy/prov:used/_then/schema:additionalProperty/_anyOf/4/schema:value		https://raw.githubusercontent.com/amds-ldeo/geochemBuildingBlocks/undefined/build/annotated/techniqueProfile/geochemProfile/XCT/tapp/schema.yaml
/prov:wasGeneratedBy/prov:used/_then/schema:additionalProperty/_anyOf/5/schema:propertyID		https://raw.githubusercontent.com/amds-ldeo/geochemBuildingBlocks/undefined/build/annotated/techniqueProfile/geochemProfile/XCT/tapp/schema.yaml
/prov:wasGeneratedBy/prov:used/_then/schema:additionalProperty/_anyOf/5/schema:name		https://raw.githubusercontent.com/amds-ldeo/geochemBuildingBlocks/undefined/build/annotated/techniqueProfile/geochemProfile/XCT/tapp/schema.yaml
/prov:wasGeneratedBy/prov:used/_then/schema:additionalProperty/_anyOf/5/schema:value		https://raw.githubusercontent.com/amds-ldeo/geochemBuildingBlocks/undefined/build/annotated/techniqueProfile/geochemProfile/XCT/tapp/schema.yaml
/prov:wasGeneratedBy/prov:used/_then/schema:additionalProperty/_anyOf/5/schema:unitText		https://raw.githubusercontent.com/amds-ldeo/geochemBuildingBlocks/undefined/build/annotated/techniqueProfile/geochemProfile/XCT/tapp/schema.yaml
/prov:wasGeneratedBy/prov:used/_then/schema:additionalProperty/_anyOf/6/schema:propertyID		https://raw.githubusercontent.com/amds-ldeo/geochemBuildingBlocks/undefined/build/annotated/techniqueProfile/geochemProfile/XCT/tapp/schema.yaml
/prov:wasGeneratedBy/prov:used/_then/schema:additionalProperty/_anyOf/6/schema:name		https://raw.githubusercontent.com/amds-ldeo/geochemBuildingBlocks/undefined/build/annotated/techniqueProfile/geochemProfile/XCT/tapp/schema.yaml
/prov:wasGeneratedBy/prov:used/_then/schema:additionalProperty/_anyOf/6/schema:value		https://raw.githubusercontent.com/amds-ldeo/geochemBuildingBlocks/undefined/build/annotated/techniqueProfile/geochemProfile/XCT/tapp/schema.yaml
/prov:wasGeneratedBy/prov:used/_then/schema:additionalProperty/_anyOf/7/schema:valueName		https://raw.githubusercontent.com/amds-ldeo/geochemBuildingBlocks/undefined/build/annotated/techniqueProfile/geochemProfile/XCT/tapp/schema.yaml
/prov:wasGeneratedBy/prov:used/_then/schema:additionalProperty/_anyOf/7/schema:name		https://raw.githubusercontent.com/amds-ldeo/geochemBuildingBlocks/undefined/build/annotated/techniqueProfile/geochemProfile/XCT/tapp/schema.yaml
/prov:wasGeneratedBy/prov:used/_then/schema:additionalProperty/_anyOf/7/ada:dataType		https://raw.githubusercontent.com/amds-ldeo/geochemBuildingBlocks/undefined/build/annotated/techniqueProfile/geochemProfile/XCT/tapp/schema.yaml
/prov:wasGeneratedBy/prov:used/_then/schema:additionalProperty/_anyOf/7/ada:fieldScope		https://raw.githubusercontent.com/amds-ldeo/geochemBuildingBlocks/undefined/build/annotated/techniqueProfile/geochemProfile/XCT/tapp/schema.yaml
/prov:wasGeneratedBy/prov:used/_then/schema:additionalProperty/_anyOf/7/schema:readonlyValue		https://raw.githubusercontent.com/amds-ldeo/geochemBuildingBlocks/undefined/build/annotated/techniqueProfile/geochemProfile/XCT/tapp/schema.yaml
/prov:wasGeneratedBy/prov:used/_then/schema:additionalProperty/_anyOf/7/ada:tier		https://raw.githubusercontent.com/amds-ldeo/geochemBuildingBlocks/undefined/build/annotated/techniqueProfile/geochemProfile/XCT/tapp/schema.yaml
/prov:wasGeneratedBy/prov:used/_then/schema:additionalProperty/_anyOf/7/schema:unitText		https://raw.githubusercontent.com/amds-ldeo/geochemBuildingBlocks/undefined/build/annotated/techniqueProfile/geochemProfile/XCT/tapp/schema.yaml
/prov:wasGeneratedBy/prov:used/_then/schema:additionalProperty/_anyOf/8/schema:valueName		https://raw.githubusercontent.com/amds-ldeo/geochemBuildingBlocks/undefined/build/annotated/techniqueProfile/geochemProfile/XCT/tapp/schema.yaml
/prov:wasGeneratedBy/prov:used/_then/schema:additionalProperty/_anyOf/8/schema:name		https://raw.githubusercontent.com/amds-ldeo/geochemBuildingBlocks/undefined/build/annotated/techniqueProfile/geochemProfile/XCT/tapp/schema.yaml
/prov:wasGeneratedBy/prov:used/_then/schema:additionalProperty/_anyOf/8/ada:dataType		https://raw.githubusercontent.com/amds-ldeo/geochemBuildingBlocks/undefined/build/annotated/techniqueProfile/geochemProfile/XCT/tapp/schema.yaml
/prov:wasGeneratedBy/prov:used/_then/schema:additionalProperty/_anyOf/8/ada:fieldScope		https://raw.githubusercontent.com/amds-ldeo/geochemBuildingBlocks/undefined/build/annotated/techniqueProfile/geochemProfile/XCT/tapp/schema.yaml
/prov:wasGeneratedBy/prov:used/_then/schema:additionalProperty/_anyOf/8/schema:readonlyValue		https://raw.githubusercontent.com/amds-ldeo/geochemBuildingBlocks/undefined/build/annotated/techniqueProfile/geochemProfile/XCT/tapp/schema.yaml
/prov:wasGeneratedBy/prov:used/_then/schema:additionalProperty/_anyOf/8/ada:tier		https://raw.githubusercontent.com/amds-ldeo/geochemBuildingBlocks/undefined/build/annotated/techniqueProfile/geochemProfile/XCT/tapp/schema.yaml
/prov:wasGeneratedBy/prov:used/_then/schema:additionalProperty/_anyOf/8/schema:unitText		https://raw.githubusercontent.com/amds-ldeo/geochemBuildingBlocks/undefined/build/annotated/techniqueProfile/geochemProfile/XCT/tapp/schema.yaml
/prov:wasGeneratedBy/prov:used/_then/schema:additionalProperty/_anyOf/9/schema:valueName		https://raw.githubusercontent.com/amds-ldeo/geochemBuildingBlocks/undefined/build/annotated/techniqueProfile/geochemProfile/XCT/tapp/schema.yaml
/prov:wasGeneratedBy/prov:used/_then/schema:additionalProperty/_anyOf/9/schema:name		https://raw.githubusercontent.com/amds-ldeo/geochemBuildingBlocks/undefined/build/annotated/techniqueProfile/geochemProfile/XCT/tapp/schema.yaml
/prov:wasGeneratedBy/prov:used/_then/schema:additionalProperty/_anyOf/9/ada:dataType		https://raw.githubusercontent.com/amds-ldeo/geochemBuildingBlocks/undefined/build/annotated/techniqueProfile/geochemProfile/XCT/tapp/schema.yaml
/prov:wasGeneratedBy/prov:used/_then/schema:additionalProperty/_anyOf/9/ada:fieldScope		https://raw.githubusercontent.com/amds-ldeo/geochemBuildingBlocks/undefined/build/annotated/techniqueProfile/geochemProfile/XCT/tapp/schema.yaml
/prov:wasGeneratedBy/prov:used/_then/schema:additionalProperty/_anyOf/9/schema:readonlyValue		https://raw.githubusercontent.com/amds-ldeo/geochemBuildingBlocks/undefined/build/annotated/techniqueProfile/geochemProfile/XCT/tapp/schema.yaml
/prov:wasGeneratedBy/prov:used/_then/schema:additionalProperty/_anyOf/9/ada:tier		https://raw.githubusercontent.com/amds-ldeo/geochemBuildingBlocks/undefined/build/annotated/techniqueProfile/geochemProfile/XCT/tapp/schema.yaml
/prov:wasGeneratedBy/prov:used/_then/schema:additionalProperty/_anyOf/9/schema:unitText		https://raw.githubusercontent.com/amds-ldeo/geochemBuildingBlocks/undefined/build/annotated/techniqueProfile/geochemProfile/XCT/tapp/schema.yaml
/prov:wasGeneratedBy/prov:used/_then/schema:additionalProperty/_anyOf/10/schema:valueName		https://raw.githubusercontent.com/amds-ldeo/geochemBuildingBlocks/undefined/build/annotated/techniqueProfile/geochemProfile/XCT/tapp/schema.yaml
/prov:wasGeneratedBy/prov:used/_then/schema:additionalProperty/_anyOf/10/schema:name		https://raw.githubusercontent.com/amds-ldeo/geochemBuildingBlocks/undefined/build/annotated/techniqueProfile/geochemProfile/XCT/tapp/schema.yaml
/prov:wasGeneratedBy/prov:used/_then/schema:additionalProperty/_anyOf/10/ada:dataType		https://raw.githubusercontent.com/amds-ldeo/geochemBuildingBlocks/undefined/build/annotated/techniqueProfile/geochemProfile/XCT/tapp/schema.yaml
/prov:wasGeneratedBy/prov:used/_then/schema:additionalProperty/_anyOf/10/ada:fieldScope		https://raw.githubusercontent.com/amds-ldeo/geochemBuildingBlocks/undefined/build/annotated/techniqueProfile/geochemProfile/XCT/tapp/schema.yaml
/prov:wasGeneratedBy/prov:used/_then/schema:additionalProperty/_anyOf/10/schema:readonlyValue		https://raw.githubusercontent.com/amds-ldeo/geochemBuildingBlocks/undefined/build/annotated/techniqueProfile/geochemProfile/XCT/tapp/schema.yaml
/prov:wasGeneratedBy/prov:used/_then/schema:additionalProperty/_anyOf/10/ada:tier		https://raw.githubusercontent.com/amds-ldeo/geochemBuildingBlocks/undefined/build/annotated/techniqueProfile/geochemProfile/XCT/tapp/schema.yaml
/prov:wasGeneratedBy/prov:used/_then/schema:additionalProperty/_anyOf/10/schema:unitText		https://raw.githubusercontent.com/amds-ldeo/geochemBuildingBlocks/undefined/build/annotated/techniqueProfile/geochemProfile/XCT/tapp/schema.yaml
/prov:wasGeneratedBy/prov:used/_then/schema:additionalProperty/_anyOf/11/schema:valueName		https://raw.githubusercontent.com/amds-ldeo/geochemBuildingBlocks/undefined/build/annotated/techniqueProfile/geochemProfile/XCT/tapp/schema.yaml
/prov:wasGeneratedBy/prov:used/_then/schema:additionalProperty/_anyOf/11/schema:name		https://raw.githubusercontent.com/amds-ldeo/geochemBuildingBlocks/undefined/build/annotated/techniqueProfile/geochemProfile/XCT/tapp/schema.yaml
/prov:wasGeneratedBy/prov:used/_then/schema:additionalProperty/_anyOf/11/ada:dataType		https://raw.githubusercontent.com/amds-ldeo/geochemBuildingBlocks/undefined/build/annotated/techniqueProfile/geochemProfile/XCT/tapp/schema.yaml
/prov:wasGeneratedBy/prov:used/_then/schema:additionalProperty/_anyOf/11/ada:fieldScope		https://raw.githubusercontent.com/amds-ldeo/geochemBuildingBlocks/undefined/build/annotated/techniqueProfile/geochemProfile/XCT/tapp/schema.yaml
/prov:wasGeneratedBy/prov:used/_then/schema:additionalProperty/_anyOf/11/schema:readonlyValue		https://raw.githubusercontent.com/amds-ldeo/geochemBuildingBlocks/undefined/build/annotated/techniqueProfile/geochemProfile/XCT/tapp/schema.yaml
/prov:wasGeneratedBy/prov:used/_then/schema:additionalProperty/_anyOf/11/ada:tier		https://raw.githubusercontent.com/amds-ldeo/geochemBuildingBlocks/undefined/build/annotated/techniqueProfile/geochemProfile/XCT/tapp/schema.yaml
/prov:wasGeneratedBy/prov:used/_then/schema:additionalProperty/_anyOf/12/schema:valueName		https://raw.githubusercontent.com/amds-ldeo/geochemBuildingBlocks/undefined/build/annotated/techniqueProfile/geochemProfile/XCT/tapp/schema.yaml
/prov:wasGeneratedBy/prov:used/_then/schema:additionalProperty/_anyOf/12/schema:name		https://raw.githubusercontent.com/amds-ldeo/geochemBuildingBlocks/undefined/build/annotated/techniqueProfile/geochemProfile/XCT/tapp/schema.yaml
/prov:wasGeneratedBy/prov:used/_then/schema:additionalProperty/_anyOf/12/ada:dataType		https://raw.githubusercontent.com/amds-ldeo/geochemBuildingBlocks/undefined/build/annotated/techniqueProfile/geochemProfile/XCT/tapp/schema.yaml
/prov:wasGeneratedBy/prov:used/_then/schema:additionalProperty/_anyOf/12/ada:fieldScope		https://raw.githubusercontent.com/amds-ldeo/geochemBuildingBlocks/undefined/build/annotated/techniqueProfile/geochemProfile/XCT/tapp/schema.yaml
/prov:wasGeneratedBy/prov:used/_then/schema:additionalProperty/_anyOf/12/schema:readonlyValue		https://raw.githubusercontent.com/amds-ldeo/geochemBuildingBlocks/undefined/build/annotated/techniqueProfile/geochemProfile/XCT/tapp/schema.yaml
/prov:wasGeneratedBy/prov:used/_then/schema:additionalProperty/_anyOf/12/ada:tier		https://raw.githubusercontent.com/amds-ldeo/geochemBuildingBlocks/undefined/build/annotated/techniqueProfile/geochemProfile/XCT/tapp/schema.yaml
/prov:wasGeneratedBy/prov:used/_then/schema:additionalProperty/_anyOf/13/schema:valueName		https://raw.githubusercontent.com/amds-ldeo/geochemBuildingBlocks/undefined/build/annotated/techniqueProfile/geochemProfile/XCT/tapp/schema.yaml
/prov:wasGeneratedBy/prov:used/_then/schema:additionalProperty/_anyOf/13/schema:name		https://raw.githubusercontent.com/amds-ldeo/geochemBuildingBlocks/undefined/build/annotated/techniqueProfile/geochemProfile/XCT/tapp/schema.yaml
/prov:wasGeneratedBy/prov:used/_then/schema:additionalProperty/_anyOf/13/ada:dataType		https://raw.githubusercontent.com/amds-ldeo/geochemBuildingBlocks/undefined/build/annotated/techniqueProfile/geochemProfile/XCT/tapp/schema.yaml
/prov:wasGeneratedBy/prov:used/_then/schema:additionalProperty/_anyOf/13/ada:fieldScope		https://raw.githubusercontent.com/amds-ldeo/geochemBuildingBlocks/undefined/build/annotated/techniqueProfile/geochemProfile/XCT/tapp/schema.yaml
/prov:wasGeneratedBy/prov:used/_then/schema:additionalProperty/_anyOf/13/schema:readonlyValue		https://raw.githubusercontent.com/amds-ldeo/geochemBuildingBlocks/undefined/build/annotated/techniqueProfile/geochemProfile/XCT/tapp/schema.yaml
/prov:wasGeneratedBy/prov:used/_then/schema:additionalProperty/_anyOf/13/ada:tier		https://raw.githubusercontent.com/amds-ldeo/geochemBuildingBlocks/undefined/build/annotated/techniqueProfile/geochemProfile/XCT/tapp/schema.yaml
/prov:wasGeneratedBy/prov:used/_then/schema:additionalProperty/_anyOf/14/schema:valueName		https://raw.githubusercontent.com/amds-ldeo/geochemBuildingBlocks/undefined/build/annotated/techniqueProfile/geochemProfile/XCT/tapp/schema.yaml
/prov:wasGeneratedBy/prov:used/_then/schema:additionalProperty/_anyOf/14/schema:name		https://raw.githubusercontent.com/amds-ldeo/geochemBuildingBlocks/undefined/build/annotated/techniqueProfile/geochemProfile/XCT/tapp/schema.yaml
/prov:wasGeneratedBy/prov:used/_then/schema:additionalProperty/_anyOf/14/ada:dataType		https://raw.githubusercontent.com/amds-ldeo/geochemBuildingBlocks/undefined/build/annotated/techniqueProfile/geochemProfile/XCT/tapp/schema.yaml
/prov:wasGeneratedBy/prov:used/_then/schema:additionalProperty/_anyOf/14/ada:fieldScope		https://raw.githubusercontent.com/amds-ldeo/geochemBuildingBlocks/undefined/build/annotated/techniqueProfile/geochemProfile/XCT/tapp/schema.yaml
/prov:wasGeneratedBy/prov:used/_then/schema:additionalProperty/_anyOf/14/schema:readonlyValue		https://raw.githubusercontent.com/amds-ldeo/geochemBuildingBlocks/undefined/build/annotated/techniqueProfile/geochemProfile/XCT/tapp/schema.yaml
/prov:wasGeneratedBy/prov:used/_then/schema:additionalProperty/_anyOf/14/ada:tier		https://raw.githubusercontent.com/amds-ldeo/geochemBuildingBlocks/undefined/build/annotated/techniqueProfile/geochemProfile/XCT/tapp/schema.yaml
/prov:wasGeneratedBy/prov:used/_then/schema:additionalProperty/_anyOf/15/schema:valueName		https://raw.githubusercontent.com/amds-ldeo/geochemBuildingBlocks/undefined/build/annotated/techniqueProfile/geochemProfile/XCT/tapp/schema.yaml
/prov:wasGeneratedBy/prov:used/_then/schema:additionalProperty/_anyOf/15/schema:name		https://raw.githubusercontent.com/amds-ldeo/geochemBuildingBlocks/undefined/build/annotated/techniqueProfile/geochemProfile/XCT/tapp/schema.yaml
/prov:wasGeneratedBy/prov:used/_then/schema:additionalProperty/_anyOf/15/ada:dataType		https://raw.githubusercontent.com/amds-ldeo/geochemBuildingBlocks/undefined/build/annotated/techniqueProfile/geochemProfile/XCT/tapp/schema.yaml
/prov:wasGeneratedBy/prov:used/_then/schema:additionalProperty/_anyOf/15/ada:fieldScope		https://raw.githubusercontent.com/amds-ldeo/geochemBuildingBlocks/undefined/build/annotated/techniqueProfile/geochemProfile/XCT/tapp/schema.yaml
/prov:wasGeneratedBy/prov:used/_then/schema:additionalProperty/_anyOf/15/schema:readonlyValue		https://raw.githubusercontent.com/amds-ldeo/geochemBuildingBlocks/undefined/build/annotated/techniqueProfile/geochemProfile/XCT/tapp/schema.yaml
/prov:wasGeneratedBy/prov:used/_then/schema:additionalProperty/_anyOf/15/ada:tier		https://raw.githubusercontent.com/amds-ldeo/geochemBuildingBlocks/undefined/build/annotated/techniqueProfile/geochemProfile/XCT/tapp/schema.yaml
/prov:wasGeneratedBy/prov:used/_then/schema:additionalProperty/_anyOf/16/schema:valueName		https://raw.githubusercontent.com/amds-ldeo/geochemBuildingBlocks/undefined/build/annotated/techniqueProfile/geochemProfile/XCT/tapp/schema.yaml
/prov:wasGeneratedBy/prov:used/_then/schema:additionalProperty/_anyOf/16/schema:name		https://raw.githubusercontent.com/amds-ldeo/geochemBuildingBlocks/undefined/build/annotated/techniqueProfile/geochemProfile/XCT/tapp/schema.yaml
/prov:wasGeneratedBy/prov:used/_then/schema:additionalProperty/_anyOf/16/ada:dataType		https://raw.githubusercontent.com/amds-ldeo/geochemBuildingBlocks/undefined/build/annotated/techniqueProfile/geochemProfile/XCT/tapp/schema.yaml
/prov:wasGeneratedBy/prov:used/_then/schema:additionalProperty/_anyOf/16/ada:fieldScope		https://raw.githubusercontent.com/amds-ldeo/geochemBuildingBlocks/undefined/build/annotated/techniqueProfile/geochemProfile/XCT/tapp/schema.yaml
/prov:wasGeneratedBy/prov:used/_then/schema:additionalProperty/_anyOf/16/schema:readonlyValue		https://raw.githubusercontent.com/amds-ldeo/geochemBuildingBlocks/undefined/build/annotated/techniqueProfile/geochemProfile/XCT/tapp/schema.yaml
/prov:wasGeneratedBy/prov:used/_then/schema:additionalProperty/_anyOf/16/ada:tier		https://raw.githubusercontent.com/amds-ldeo/geochemBuildingBlocks/undefined/build/annotated/techniqueProfile/geochemProfile/XCT/tapp/schema.yaml
/prov:wasGeneratedBy/prov:used/_then/schema:additionalProperty/_anyOf/17/schema:valueName		https://raw.githubusercontent.com/amds-ldeo/geochemBuildingBlocks/undefined/build/annotated/techniqueProfile/geochemProfile/XCT/tapp/schema.yaml
/prov:wasGeneratedBy/prov:used/_then/schema:additionalProperty/_anyOf/17/schema:name		https://raw.githubusercontent.com/amds-ldeo/geochemBuildingBlocks/undefined/build/annotated/techniqueProfile/geochemProfile/XCT/tapp/schema.yaml
/prov:wasGeneratedBy/prov:used/_then/schema:additionalProperty/_anyOf/17/ada:dataType		https://raw.githubusercontent.com/amds-ldeo/geochemBuildingBlocks/undefined/build/annotated/techniqueProfile/geochemProfile/XCT/tapp/schema.yaml
/prov:wasGeneratedBy/prov:used/_then/schema:additionalProperty/_anyOf/17/ada:fieldScope		https://raw.githubusercontent.com/amds-ldeo/geochemBuildingBlocks/undefined/build/annotated/techniqueProfile/geochemProfile/XCT/tapp/schema.yaml
/prov:wasGeneratedBy/prov:used/_then/schema:additionalProperty/_anyOf/17/schema:readonlyValue		https://raw.githubusercontent.com/amds-ldeo/geochemBuildingBlocks/undefined/build/annotated/techniqueProfile/geochemProfile/XCT/tapp/schema.yaml
/prov:wasGeneratedBy/prov:used/_then/schema:additionalProperty/_anyOf/17/ada:tier		https://raw.githubusercontent.com/amds-ldeo/geochemBuildingBlocks/undefined/build/annotated/techniqueProfile/geochemProfile/XCT/tapp/schema.yaml
/prov:wasGeneratedBy/prov:used/_then/schema:additionalProperty/_anyOf/18/schema:valueName		https://raw.githubusercontent.com/amds-ldeo/geochemBuildingBlocks/undefined/build/annotated/techniqueProfile/geochemProfile/XCT/tapp/schema.yaml
/prov:wasGeneratedBy/prov:used/_then/schema:additionalProperty/_anyOf/18/schema:name		https://raw.githubusercontent.com/amds-ldeo/geochemBuildingBlocks/undefined/build/annotated/techniqueProfile/geochemProfile/XCT/tapp/schema.yaml
/prov:wasGeneratedBy/prov:used/_then/schema:additionalProperty/_anyOf/18/ada:dataType		https://raw.githubusercontent.com/amds-ldeo/geochemBuildingBlocks/undefined/build/annotated/techniqueProfile/geochemProfile/XCT/tapp/schema.yaml
/prov:wasGeneratedBy/prov:used/_then/schema:additionalProperty/_anyOf/18/ada:fieldScope		https://raw.githubusercontent.com/amds-ldeo/geochemBuildingBlocks/undefined/build/annotated/techniqueProfile/geochemProfile/XCT/tapp/schema.yaml
/prov:wasGeneratedBy/prov:used/_then/schema:additionalProperty/_anyOf/18/schema:readonlyValue		https://raw.githubusercontent.com/amds-ldeo/geochemBuildingBlocks/undefined/build/annotated/techniqueProfile/geochemProfile/XCT/tapp/schema.yaml
/prov:wasGeneratedBy/prov:used/_then/schema:additionalProperty/_anyOf/18/ada:tier		https://raw.githubusercontent.com/amds-ldeo/geochemBuildingBlocks/undefined/build/annotated/techniqueProfile/geochemProfile/XCT/tapp/schema.yaml
/prov:wasGeneratedBy/prov:used/_then/schema:additionalProperty/_anyOf/19/schema:valueName		https://raw.githubusercontent.com/amds-ldeo/geochemBuildingBlocks/undefined/build/annotated/techniqueProfile/geochemProfile/XCT/tapp/schema.yaml
/prov:wasGeneratedBy/prov:used/_then/schema:additionalProperty/_anyOf/19/schema:name		https://raw.githubusercontent.com/amds-ldeo/geochemBuildingBlocks/undefined/build/annotated/techniqueProfile/geochemProfile/XCT/tapp/schema.yaml
/prov:wasGeneratedBy/prov:used/_then/schema:additionalProperty/_anyOf/19/ada:dataType		https://raw.githubusercontent.com/amds-ldeo/geochemBuildingBlocks/undefined/build/annotated/techniqueProfile/geochemProfile/XCT/tapp/schema.yaml
/prov:wasGeneratedBy/prov:used/_then/schema:additionalProperty/_anyOf/19/ada:fieldScope		https://raw.githubusercontent.com/amds-ldeo/geochemBuildingBlocks/undefined/build/annotated/techniqueProfile/geochemProfile/XCT/tapp/schema.yaml
/prov:wasGeneratedBy/prov:used/_then/schema:additionalProperty/_anyOf/19/schema:readonlyValue		https://raw.githubusercontent.com/amds-ldeo/geochemBuildingBlocks/undefined/build/annotated/techniqueProfile/geochemProfile/XCT/tapp/schema.yaml
/prov:wasGeneratedBy/prov:used/_then/schema:additionalProperty/_anyOf/19/ada:tier		https://raw.githubusercontent.com/amds-ldeo/geochemBuildingBlocks/undefined/build/annotated/techniqueProfile/geochemProfile/XCT/tapp/schema.yaml
/prov:wasGeneratedBy/prov:used/_then/schema:additionalProperty/_anyOf/20/schema:valueName		https://raw.githubusercontent.com/amds-ldeo/geochemBuildingBlocks/undefined/build/annotated/techniqueProfile/geochemProfile/XCT/tapp/schema.yaml
/prov:wasGeneratedBy/prov:used/_then/schema:additionalProperty/_anyOf/20/schema:name		https://raw.githubusercontent.com/amds-ldeo/geochemBuildingBlocks/undefined/build/annotated/techniqueProfile/geochemProfile/XCT/tapp/schema.yaml
/prov:wasGeneratedBy/prov:used/_then/schema:additionalProperty/_anyOf/20/ada:dataType		https://raw.githubusercontent.com/amds-ldeo/geochemBuildingBlocks/undefined/build/annotated/techniqueProfile/geochemProfile/XCT/tapp/schema.yaml
/prov:wasGeneratedBy/prov:used/_then/schema:additionalProperty/_anyOf/20/ada:fieldScope		https://raw.githubusercontent.com/amds-ldeo/geochemBuildingBlocks/undefined/build/annotated/techniqueProfile/geochemProfile/XCT/tapp/schema.yaml
/prov:wasGeneratedBy/prov:used/_then/schema:additionalProperty/_anyOf/20/schema:readonlyValue		https://raw.githubusercontent.com/amds-ldeo/geochemBuildingBlocks/undefined/build/annotated/techniqueProfile/geochemProfile/XCT/tapp/schema.yaml
/prov:wasGeneratedBy/prov:used/_then/schema:additionalProperty/_anyOf/20/ada:tier		https://raw.githubusercontent.com/amds-ldeo/geochemBuildingBlocks/undefined/build/annotated/techniqueProfile/geochemProfile/XCT/tapp/schema.yaml
/prov:wasGeneratedBy/prov:used/_then/schema:additionalProperty/_anyOf/21/schema:valueName		https://raw.githubusercontent.com/amds-ldeo/geochemBuildingBlocks/undefined/build/annotated/techniqueProfile/geochemProfile/XCT/tapp/schema.yaml
/prov:wasGeneratedBy/prov:used/_then/schema:additionalProperty/_anyOf/21/schema:name		https://raw.githubusercontent.com/amds-ldeo/geochemBuildingBlocks/undefined/build/annotated/techniqueProfile/geochemProfile/XCT/tapp/schema.yaml
/prov:wasGeneratedBy/prov:used/_then/schema:additionalProperty/_anyOf/21/ada:dataType		https://raw.githubusercontent.com/amds-ldeo/geochemBuildingBlocks/undefined/build/annotated/techniqueProfile/geochemProfile/XCT/tapp/schema.yaml
/prov:wasGeneratedBy/prov:used/_then/schema:additionalProperty/_anyOf/21/ada:fieldScope		https://raw.githubusercontent.com/amds-ldeo/geochemBuildingBlocks/undefined/build/annotated/techniqueProfile/geochemProfile/XCT/tapp/schema.yaml
/prov:wasGeneratedBy/prov:used/_then/schema:additionalProperty/_anyOf/21/schema:readonlyValue		https://raw.githubusercontent.com/amds-ldeo/geochemBuildingBlocks/undefined/build/annotated/techniqueProfile/geochemProfile/XCT/tapp/schema.yaml
/prov:wasGeneratedBy/prov:used/_then/schema:additionalProperty/_anyOf/21/ada:tier		https://raw.githubusercontent.com/amds-ldeo/geochemBuildingBlocks/undefined/build/annotated/techniqueProfile/geochemProfile/XCT/tapp/schema.yaml
/prov:wasGeneratedBy/prov:used/_then/schema:additionalProperty/_anyOf/22/schema:valueName		https://raw.githubusercontent.com/amds-ldeo/geochemBuildingBlocks/undefined/build/annotated/techniqueProfile/geochemProfile/XCT/tapp/schema.yaml
/prov:wasGeneratedBy/prov:used/_then/schema:additionalProperty/_anyOf/22/schema:name		https://raw.githubusercontent.com/amds-ldeo/geochemBuildingBlocks/undefined/build/annotated/techniqueProfile/geochemProfile/XCT/tapp/schema.yaml
/prov:wasGeneratedBy/prov:used/_then/schema:additionalProperty/_anyOf/22/ada:dataType		https://raw.githubusercontent.com/amds-ldeo/geochemBuildingBlocks/undefined/build/annotated/techniqueProfile/geochemProfile/XCT/tapp/schema.yaml
/prov:wasGeneratedBy/prov:used/_then/schema:additionalProperty/_anyOf/22/ada:fieldScope		https://raw.githubusercontent.com/amds-ldeo/geochemBuildingBlocks/undefined/build/annotated/techniqueProfile/geochemProfile/XCT/tapp/schema.yaml
/prov:wasGeneratedBy/prov:used/_then/schema:additionalProperty/_anyOf/22/schema:readonlyValue		https://raw.githubusercontent.com/amds-ldeo/geochemBuildingBlocks/undefined/build/annotated/techniqueProfile/geochemProfile/XCT/tapp/schema.yaml
/prov:wasGeneratedBy/prov:used/_then/schema:additionalProperty/_anyOf/22/ada:tier		https://raw.githubusercontent.com/amds-ldeo/geochemBuildingBlocks/undefined/build/annotated/techniqueProfile/geochemProfile/XCT/tapp/schema.yaml
/prov:wasGeneratedBy/prov:used/_then/ada:ctSystemManufacturerAndModel		https://raw.githubusercontent.com/amds-ldeo/geochemBuildingBlocks/undefined/build/annotated/techniqueProfile/geochemProfile/XCT/tapp/schema.yaml
/prov:wasGeneratedBy/prov:used/_then/ada:xRaySourceConfiguration		https://raw.githubusercontent.com/amds-ldeo/geochemBuildingBlocks/undefined/build/annotated/techniqueProfile/geochemProfile/XCT/tapp/schema.yaml
/prov:wasGeneratedBy/prov:used/_then/ada:detectorType		https://raw.githubusercontent.com/amds-ldeo/geochemBuildingBlocks/undefined/build/annotated/techniqueProfile/geochemProfile/XCT/tapp/schema.yaml
/prov:wasGeneratedBy/prov:used/_then/ada:analyticalMode		https://raw.githubusercontent.com/amds-ldeo/geochemBuildingBlocks/undefined/build/annotated/techniqueProfile/geochemProfile/XCT/tapp/schema.yaml
/prov:wasGeneratedBy/prov:used/_then/schema:instrument/_then/ada:acceleratingVoltageDefault		https://raw.githubusercontent.com/amds-ldeo/geochemBuildingBlocks/undefined/build/annotated/techniqueProfile/geochemProfile/XCT/tapp/schema.yaml
/prov:wasGeneratedBy/prov:used/_then/schema:instrument/_then/ada:tubeCurrentDefault		https://raw.githubusercontent.com/amds-ldeo/geochemBuildingBlocks/undefined/build/annotated/techniqueProfile/geochemProfile/XCT/tapp/schema.yaml
/prov:wasGeneratedBy/prov:used/_then/schema:instrument/_then/ada:xRayPreFilterDefault		https://raw.githubusercontent.com/amds-ldeo/geochemBuildingBlocks/undefined/build/annotated/techniqueProfile/geochemProfile/XCT/tapp/schema.yaml
/prov:wasGeneratedBy/prov:used/_then/schema:instrument/_then/ada:voxelSizeDefault		https://raw.githubusercontent.com/amds-ldeo/geochemBuildingBlocks/undefined/build/annotated/techniqueProfile/geochemProfile/XCT/tapp/schema.yaml
/prov:wasGeneratedBy/prov:used/_then/ada:rotationRangeDefault		https://raw.githubusercontent.com/amds-ldeo/geochemBuildingBlocks/undefined/build/annotated/techniqueProfile/geochemProfile/XCT/tapp/schema.yaml
/prov:wasGeneratedBy/prov:used/_then/ada:numberOfProjectionsDefault		https://raw.githubusercontent.com/amds-ldeo/geochemBuildingBlocks/undefined/build/annotated/techniqueProfile/geochemProfile/XCT/tapp/schema.yaml
/prov:wasGeneratedBy/prov:used/_then/ada:exposureTimePerProjectionDefault		https://raw.githubusercontent.com/amds-ldeo/geochemBuildingBlocks/undefined/build/annotated/techniqueProfile/geochemProfile/XCT/tapp/schema.yaml
/prov:wasGeneratedBy/prov:used/_then/schema:actionProcess/schema:step/_then/schema:additionalProperty		https://raw.githubusercontent.com/amds-ldeo/geochemBuildingBlocks/undefined/build/annotated/techniqueProfile/geochemProfile/XCT/tapp/schema.yaml
/prov:wasGeneratedBy/prov:used/_then/schema:actionProcess/schema:step/_then/schema:additionalProperty/schema:valueName		https://raw.githubusercontent.com/amds-ldeo/geochemBuildingBlocks/undefined/build/annotated/techniqueProfile/geochemProfile/XCT/tapp/schema.yaml
/prov:wasGeneratedBy/prov:used/_then/schema:actionProcess/schema:step/_then/schema:additionalProperty/schema:name		https://raw.githubusercontent.com/amds-ldeo/geochemBuildingBlocks/undefined/build/annotated/techniqueProfile/geochemProfile/XCT/tapp/schema.yaml
/prov:wasGeneratedBy/prov:used/_then/schema:actionProcess/schema:step/_then/schema:additionalProperty/ada:dataType		https://raw.githubusercontent.com/amds-ldeo/geochemBuildingBlocks/undefined/build/annotated/techniqueProfile/geochemProfile/XCT/tapp/schema.yaml
/prov:wasGeneratedBy/prov:used/_then/schema:actionProcess/schema:step/_then/schema:additionalProperty/ada:fieldScope		https://raw.githubusercontent.com/amds-ldeo/geochemBuildingBlocks/undefined/build/annotated/techniqueProfile/geochemProfile/XCT/tapp/schema.yaml
/prov:wasGeneratedBy/prov:used/_then/schema:actionProcess/schema:step/_then/schema:additionalProperty/schema:readonlyValue		https://raw.githubusercontent.com/amds-ldeo/geochemBuildingBlocks/undefined/build/annotated/techniqueProfile/geochemProfile/XCT/tapp/schema.yaml
/prov:wasGeneratedBy/prov:used/_then/schema:actionProcess/schema:step/_then/schema:additionalProperty/ada:tier		https://raw.githubusercontent.com/amds-ldeo/geochemBuildingBlocks/undefined/build/annotated/techniqueProfile/geochemProfile/XCT/tapp/schema.yaml
/prov:wasGeneratedBy/prov:used/_then/schema:actionProcess/schema:step/_then/schema:additionalProperty/_anyOf/0/schema:valueName		https://raw.githubusercontent.com/amds-ldeo/geochemBuildingBlocks/undefined/build/annotated/techniqueProfile/geochemProfile/XCT/tapp/schema.yaml
/prov:wasGeneratedBy/prov:used/_then/schema:actionProcess/schema:step/_then/schema:additionalProperty/_anyOf/0/schema:name		https://raw.githubusercontent.com/amds-ldeo/geochemBuildingBlocks/undefined/build/annotated/techniqueProfile/geochemProfile/XCT/tapp/schema.yaml
/prov:wasGeneratedBy/prov:used/_then/schema:actionProcess/schema:step/_then/schema:additionalProperty/_anyOf/0/ada:dataType		https://raw.githubusercontent.com/amds-ldeo/geochemBuildingBlocks/undefined/build/annotated/techniqueProfile/geochemProfile/XCT/tapp/schema.yaml
/prov:wasGeneratedBy/prov:used/_then/schema:actionProcess/schema:step/_then/schema:additionalProperty/_anyOf/0/ada:fieldScope		https://raw.githubusercontent.com/amds-ldeo/geochemBuildingBlocks/undefined/build/annotated/techniqueProfile/geochemProfile/XCT/tapp/schema.yaml
/prov:wasGeneratedBy/prov:used/_then/schema:actionProcess/schema:step/_then/schema:additionalProperty/_anyOf/0/schema:readonlyValue		https://raw.githubusercontent.com/amds-ldeo/geochemBuildingBlocks/undefined/build/annotated/techniqueProfile/geochemProfile/XCT/tapp/schema.yaml
/prov:wasGeneratedBy/prov:used/_then/schema:actionProcess/schema:step/_then/schema:additionalProperty/_anyOf/0/ada:tier		https://raw.githubusercontent.com/amds-ldeo/geochemBuildingBlocks/undefined/build/annotated/techniqueProfile/geochemProfile/XCT/tapp/schema.yaml
/prov:wasGeneratedBy/prov:used/_then/schema:actionProcess/schema:step/_then/schema:additionalProperty/_anyOf/1/schema:valueName		https://raw.githubusercontent.com/amds-ldeo/geochemBuildingBlocks/undefined/build/annotated/techniqueProfile/geochemProfile/XCT/tapp/schema.yaml
/prov:wasGeneratedBy/prov:used/_then/schema:actionProcess/schema:step/_then/schema:additionalProperty/_anyOf/1/schema:name		https://raw.githubusercontent.com/amds-ldeo/geochemBuildingBlocks/undefined/build/annotated/techniqueProfile/geochemProfile/XCT/tapp/schema.yaml
/prov:wasGeneratedBy/prov:used/_then/schema:actionProcess/schema:step/_then/schema:additionalProperty/_anyOf/1/ada:dataType		https://raw.githubusercontent.com/amds-ldeo/geochemBuildingBlocks/undefined/build/annotated/techniqueProfile/geochemProfile/XCT/tapp/schema.yaml
/prov:wasGeneratedBy/prov:used/_then/schema:actionProcess/schema:step/_then/schema:additionalProperty/_anyOf/1/ada:fieldScope		https://raw.githubusercontent.com/amds-ldeo/geochemBuildingBlocks/undefined/build/annotated/techniqueProfile/geochemProfile/XCT/tapp/schema.yaml
/prov:wasGeneratedBy/prov:used/_then/schema:actionProcess/schema:step/_then/schema:additionalProperty/_anyOf/1/schema:readonlyValue		https://raw.githubusercontent.com/amds-ldeo/geochemBuildingBlocks/undefined/build/annotated/techniqueProfile/geochemProfile/XCT/tapp/schema.yaml
/prov:wasGeneratedBy/prov:used/_then/schema:actionProcess/schema:step/_then/schema:additionalProperty/_anyOf/1/ada:tier		https://raw.githubusercontent.com/amds-ldeo/geochemBuildingBlocks/undefined/build/annotated/techniqueProfile/geochemProfile/XCT/tapp/schema.yaml
/prov:wasGeneratedBy/prov:used/_then/schema:actionProcess/schema:step/_then/schema:additionalProperty/_anyOf/2/schema:valueName		https://raw.githubusercontent.com/amds-ldeo/geochemBuildingBlocks/undefined/build/annotated/techniqueProfile/geochemProfile/XCT/tapp/schema.yaml
/prov:wasGeneratedBy/prov:used/_then/schema:actionProcess/schema:step/_then/schema:additionalProperty/_anyOf/2/schema:name		https://raw.githubusercontent.com/amds-ldeo/geochemBuildingBlocks/undefined/build/annotated/techniqueProfile/geochemProfile/XCT/tapp/schema.yaml
/prov:wasGeneratedBy/prov:used/_then/schema:actionProcess/schema:step/_then/schema:additionalProperty/_anyOf/2/ada:dataType		https://raw.githubusercontent.com/amds-ldeo/geochemBuildingBlocks/undefined/build/annotated/techniqueProfile/geochemProfile/XCT/tapp/schema.yaml
/prov:wasGeneratedBy/prov:used/_then/schema:actionProcess/schema:step/_then/schema:additionalProperty/_anyOf/2/ada:fieldScope		https://raw.githubusercontent.com/amds-ldeo/geochemBuildingBlocks/undefined/build/annotated/techniqueProfile/geochemProfile/XCT/tapp/schema.yaml
/prov:wasGeneratedBy/prov:used/_then/schema:actionProcess/schema:step/_then/schema:additionalProperty/_anyOf/2/schema:readonlyValue		https://raw.githubusercontent.com/amds-ldeo/geochemBuildingBlocks/undefined/build/annotated/techniqueProfile/geochemProfile/XCT/tapp/schema.yaml
/prov:wasGeneratedBy/prov:used/_then/schema:actionProcess/schema:step/_then/schema:additionalProperty/_anyOf/2/ada:tier		https://raw.githubusercontent.com/amds-ldeo/geochemBuildingBlocks/undefined/build/annotated/techniqueProfile/geochemProfile/XCT/tapp/schema.yaml
/prov:wasGeneratedBy/prov:used/_then/schema:actionProcess/schema:step/_then/schema:additionalProperty/_anyOf/3/schema:valueName		https://raw.githubusercontent.com/amds-ldeo/geochemBuildingBlocks/undefined/build/annotated/techniqueProfile/geochemProfile/XCT/tapp/schema.yaml
/prov:wasGeneratedBy/prov:used/_then/schema:actionProcess/schema:step/_then/schema:additionalProperty/_anyOf/3/schema:name		https://raw.githubusercontent.com/amds-ldeo/geochemBuildingBlocks/undefined/build/annotated/techniqueProfile/geochemProfile/XCT/tapp/schema.yaml
/prov:wasGeneratedBy/prov:used/_then/schema:actionProcess/schema:step/_then/schema:additionalProperty/_anyOf/3/ada:dataType		https://raw.githubusercontent.com/amds-ldeo/geochemBuildingBlocks/undefined/build/annotated/techniqueProfile/geochemProfile/XCT/tapp/schema.yaml
/prov:wasGeneratedBy/prov:used/_then/schema:actionProcess/schema:step/_then/schema:additionalProperty/_anyOf/3/ada:fieldScope		https://raw.githubusercontent.com/amds-ldeo/geochemBuildingBlocks/undefined/build/annotated/techniqueProfile/geochemProfile/XCT/tapp/schema.yaml
/prov:wasGeneratedBy/prov:used/_then/schema:actionProcess/schema:step/_then/schema:additionalProperty/_anyOf/3/schema:readonlyValue		https://raw.githubusercontent.com/amds-ldeo/geochemBuildingBlocks/undefined/build/annotated/techniqueProfile/geochemProfile/XCT/tapp/schema.yaml
/prov:wasGeneratedBy/prov:used/_then/schema:actionProcess/schema:step/_then/schema:additionalProperty/_anyOf/3/ada:tier		https://raw.githubusercontent.com/amds-ldeo/geochemBuildingBlocks/undefined/build/annotated/techniqueProfile/geochemProfile/XCT/tapp/schema.yaml
/prov:wasGeneratedBy/prov:used/_then/ada:rotationModeDefault		https://raw.githubusercontent.com/amds-ldeo/geochemBuildingBlocks/undefined/build/annotated/techniqueProfile/geochemProfile/XCT/tapp/schema.yaml
/prov:wasGeneratedBy/prov:used/_then/ada:samplingUnit		https://raw.githubusercontent.com/amds-ldeo/geochemBuildingBlocks/undefined/build/annotated/techniqueProfile/geochemProfile/XCT/tapp/schema.yaml
/prov:wasGeneratedBy/prov:used/_then/ada:minimumSubVolumeOverlap		https://raw.githubusercontent.com/amds-ldeo/geochemBuildingBlocks/undefined/build/annotated/techniqueProfile/geochemProfile/XCT/tapp/schema.yaml
/prov:wasGeneratedBy/prov:used/_then/ada:targetSelectionCriteriaDefault		https://raw.githubusercontent.com/amds-ldeo/geochemBuildingBlocks/undefined/build/annotated/techniqueProfile/geochemProfile/XCT/tapp/schema.yaml
/prov:wasGeneratedBy/prov:used/_then/ada:reconstructionAlgorithm		https://raw.githubusercontent.com/amds-ldeo/geochemBuildingBlocks/undefined/build/annotated/techniqueProfile/geochemProfile/XCT/tapp/schema.yaml
/prov:wasGeneratedBy/prov:used/_then/ada:beamHardeningCorrectionMethod		https://raw.githubusercontent.com/amds-ldeo/geochemBuildingBlocks/undefined/build/annotated/techniqueProfile/geochemProfile/XCT/tapp/schema.yaml
/prov:wasGeneratedBy/prov:used/_then/ada:outputDataFormatDefault		https://raw.githubusercontent.com/amds-ldeo/geochemBuildingBlocks/undefined/build/annotated/techniqueProfile/geochemProfile/XCT/tapp/schema.yaml
/prov:wasGeneratedBy/prov:used/_then/ada:segmentationMethodDefault		https://raw.githubusercontent.com/amds-ldeo/geochemBuildingBlocks/undefined/build/annotated/techniqueProfile/geochemProfile/XCT/tapp/schema.yaml
/schema:distribution/_anyOf/0/ada:componentType		/github/workspace/build/annotated/techniqueProfile/geochemProfile/XCT/profile/schema.yaml
/schema:distribution/_anyOf/1/schema:hasPart		/github/workspace/build/annotated/techniqueProfile/geochemProfile/XCT/profile/schema.yaml
/schema:distribution/_anyOf/1/schema:hasPart/_anyOf/0/ada:componentType	https://ada.astromat.org/metadata/componentType	https://raw.githubusercontent.com/amds-ldeo/geochemBuildingBlocks/undefined/build/annotated/BaseSchema/geochemProduct/schema.yaml
/schema:distribution/_anyOf/1/schema:hasPart/_anyOf/1/ada:componentType		/github/workspace/build/annotated/techniqueProfile/geochemProfile/XCT/profile/schema.yaml
