path	@id	schema
/schema:subjectOf	http://schema.org/subjectOf	/github/workspace/build/annotated/profiles/adaProfiles/adaToFSIMS/schema.yaml
/schema:subjectOf/dcterms:conformsTo	http://purl.org/dc/terms/conformsTo	/github/workspace/build/annotated/profiles/adaProfiles/adaToFSIMS/schema.yaml
/schema:name	http://schema.org/name	https://cross-domain-interoperability-framework.github.io/metadataBuildingBlocks/build/annotated/bbr/metadata/cdifProperties/cdifCore/schema.yaml
/schema:description	http://schema.org/description	https://cross-domain-interoperability-framework.github.io/metadataBuildingBlocks/build/annotated/bbr/metadata/cdifProperties/cdifCore/schema.yaml
/schema:identifier	http://schema.org/identifier	https://cross-domain-interoperability-framework.github.io/metadataBuildingBlocks/build/annotated/bbr/metadata/cdifProperties/cdifCore/schema.yaml
/schema:identifier/_anyOf/0/schema:propertyID	http://schema.org/propertyID	https://cross-domain-interoperability-framework.github.io/metadataBuildingBlocks/build/annotated/bbr/metadata/schemaorgProperties/identifier/schema.yaml
/schema:identifier/_anyOf/0/schema:value	http://schema.org/value	https://cross-domain-interoperability-framework.github.io/metadataBuildingBlocks/build/annotated/bbr/metadata/schemaorgProperties/identifier/schema.yaml
/schema:identifier/_anyOf/0/schema:url	http://schema.org/url	https://cross-domain-interoperability-framework.github.io/metadataBuildingBlocks/build/annotated/bbr/metadata/schemaorgProperties/identifier/schema.yaml
/schema:additionalType	http://schema.org/additionalType	/github/workspace/build/annotated/profiles/adaProfiles/adaToFSIMS/schema.yaml
/schema:additionalType/_anyOf/1/schema:name	http://schema.org/name	https://cross-domain-interoperability-framework.github.io/metadataBuildingBlocks/build/annotated/bbr/metadata/schemaorgProperties/definedTerm/schema.yaml
/schema:additionalType/_anyOf/1/schema:identifier	http://schema.org/identifier	https://cross-domain-interoperability-framework.github.io/metadataBuildingBlocks/build/annotated/bbr/metadata/schemaorgProperties/definedTerm/schema.yaml
/schema:additionalType/_anyOf/1/schema:inDefinedTermSet	http://schema.org/inDefinedTermSet	https://cross-domain-interoperability-framework.github.io/metadataBuildingBlocks/build/annotated/bbr/metadata/schemaorgProperties/definedTerm/schema.yaml
/schema:additionalType/_anyOf/1/schema:termCode	http://schema.org/termCode	https://cross-domain-interoperability-framework.github.io/metadataBuildingBlocks/build/annotated/bbr/metadata/schemaorgProperties/definedTerm/schema.yaml
/schema:sameAs	http://schema.org/sameAs	https://cross-domain-interoperability-framework.github.io/metadataBuildingBlocks/build/annotated/bbr/metadata/cdifProperties/cdifCore/schema.yaml
/schema:version	http://schema.org/version	https://cross-domain-interoperability-framework.github.io/metadataBuildingBlocks/build/annotated/bbr/metadata/cdifProperties/cdifCore/schema.yaml
/schema:inLanguage	http://schema.org/inLanguage	https://cross-domain-interoperability-framework.github.io/metadataBuildingBlocks/build/annotated/bbr/metadata/cdifProperties/cdifCore/schema.yaml
/schema:dateModified	http://schema.org/dateModified	https://cross-domain-interoperability-framework.github.io/metadataBuildingBlocks/build/annotated/bbr/metadata/cdifProperties/cdifCore/schema.yaml
/schema:datePublished	http://schema.org/datePublished	https://cross-domain-interoperability-framework.github.io/metadataBuildingBlocks/build/annotated/bbr/metadata/cdifProperties/cdifCore/schema.yaml
/schema:conditionsOfAccess	http://schema.org/conditionsOfAccess	https://cross-domain-interoperability-framework.github.io/metadataBuildingBlocks/build/annotated/bbr/metadata/cdifProperties/cdifCore/schema.yaml
/schema:conditionsOfAccess/_anyOf/2/schema:name	http://schema.org/name	https://cross-domain-interoperability-framework.github.io/metadataBuildingBlocks/build/annotated/bbr/metadata/schemaorgProperties/labeledLink/schema.yaml
/schema:conditionsOfAccess/_anyOf/2/schema:description	http://schema.org/description	https://cross-domain-interoperability-framework.github.io/metadataBuildingBlocks/build/annotated/bbr/metadata/schemaorgProperties/labeledLink/schema.yaml
/schema:conditionsOfAccess/_anyOf/2/schema:url	http://schema.org/url	https://cross-domain-interoperability-framework.github.io/metadataBuildingBlocks/build/annotated/bbr/metadata/schemaorgProperties/labeledLink/schema.yaml
/schema:conditionsOfAccess/_anyOf/2/dcat:hadRole	http://www.w3.org/ns/dcat#hadRole	https://cross-domain-interoperability-framework.github.io/metadataBuildingBlocks/build/annotated/bbr/metadata/cdifProperties/cdifReference/schema.yaml
/schema:conditionsOfAccess/_anyOf/2/dcat:hadRole/skos:prefLabel	http://www.w3.org/2004/02/skos/core#prefLabel	https://cross-domain-interoperability-framework.github.io/metadataBuildingBlocks/build/annotated/bbr/metadata/skosProperties/skosConcept/schema.yaml
/schema:conditionsOfAccess/_anyOf/2/dcat:hadRole/skos:altLabel	http://www.w3.org/2004/02/skos/core#altLabel	https://cross-domain-interoperability-framework.github.io/metadataBuildingBlocks/build/annotated/bbr/metadata/skosProperties/skosConcept/schema.yaml
/schema:conditionsOfAccess/_anyOf/2/dcat:hadRole/skos:hiddenLabel	http://www.w3.org/2004/02/skos/core#hiddenLabel	https://cross-domain-interoperability-framework.github.io/metadataBuildingBlocks/build/annotated/bbr/metadata/skosProperties/skosConcept/schema.yaml
/schema:conditionsOfAccess/_anyOf/2/dcat:hadRole/skos:notation	http://www.w3.org/2004/02/skos/core#notation	https://cross-domain-interoperability-framework.github.io/metadataBuildingBlocks/build/annotated/bbr/metadata/skosProperties/skosConcept/schema.yaml
/schema:conditionsOfAccess/_anyOf/2/dcat:hadRole/skos:definition	http://www.w3.org/2004/02/skos/core#definition	https://cross-domain-interoperability-framework.github.io/metadataBuildingBlocks/build/annotated/bbr/metadata/skosProperties/skosConcept/schema.yaml
/schema:conditionsOfAccess/_anyOf/2/dcat:hadRole/skos:scopeNote	http://www.w3.org/2004/02/skos/core#scopeNote	https://cross-domain-interoperability-framework.github.io/metadataBuildingBlocks/build/annotated/bbr/metadata/skosProperties/skosConcept/schema.yaml
/schema:conditionsOfAccess/_anyOf/2/dcat:hadRole/skos:note	http://www.w3.org/2004/02/skos/core#note	https://cross-domain-interoperability-framework.github.io/metadataBuildingBlocks/build/annotated/bbr/metadata/skosProperties/skosConcept/schema.yaml
/schema:conditionsOfAccess/_anyOf/2/dcat:hadRole/skos:historyNote	http://www.w3.org/2004/02/skos/core#historyNote	https://cross-domain-interoperability-framework.github.io/metadataBuildingBlocks/build/annotated/bbr/metadata/skosProperties/skosConcept/schema.yaml
/schema:conditionsOfAccess/_anyOf/2/dcat:hadRole/skos:changeNote	http://www.w3.org/2004/02/skos/core#changeNote	https://cross-domain-interoperability-framework.github.io/metadataBuildingBlocks/build/annotated/bbr/metadata/skosProperties/skosConcept/schema.yaml
/schema:conditionsOfAccess/_anyOf/2/dcat:hadRole/skos:editorialNote	http://www.w3.org/2004/02/skos/core#editorialNote	https://cross-domain-interoperability-framework.github.io/metadataBuildingBlocks/build/annotated/bbr/metadata/skosProperties/skosConcept/schema.yaml
/schema:conditionsOfAccess/_anyOf/2/dcat:hadRole/skos:example	http://www.w3.org/2004/02/skos/core#example	https://cross-domain-interoperability-framework.github.io/metadataBuildingBlocks/build/annotated/bbr/metadata/skosProperties/skosConcept/schema.yaml
/schema:conditionsOfAccess/_anyOf/2/dcat:hadRole/skos:inScheme	http://www.w3.org/2004/02/skos/core#inScheme	https://cross-domain-interoperability-framework.github.io/metadataBuildingBlocks/build/annotated/bbr/metadata/skosProperties/skosConcept/schema.yaml
/schema:conditionsOfAccess/_anyOf/2/dcat:hadRole/skos:topConceptOf	http://www.w3.org/2004/02/skos/core#topConceptOf	https://cross-domain-interoperability-framework.github.io/metadataBuildingBlocks/build/annotated/bbr/metadata/skosProperties/skosConcept/schema.yaml
/schema:conditionsOfAccess/_anyOf/2/dcat:hadRole/skos:broader	http://www.w3.org/2004/02/skos/core#broader	https://cross-domain-interoperability-framework.github.io/metadataBuildingBlocks/build/annotated/bbr/metadata/skosProperties/skosConcept/schema.yaml
/schema:conditionsOfAccess/_anyOf/2/dcat:hadRole/skos:narrower	http://www.w3.org/2004/02/skos/core#narrower	https://cross-domain-interoperability-framework.github.io/metadataBuildingBlocks/build/annotated/bbr/metadata/skosProperties/skosConcept/schema.yaml
/schema:conditionsOfAccess/_anyOf/2/dcat:hadRole/skos:related	http://www.w3.org/2004/02/skos/core#related	https://cross-domain-interoperability-framework.github.io/metadataBuildingBlocks/build/annotated/bbr/metadata/skosProperties/skosConcept/schema.yaml
/schema:conditionsOfAccess/_anyOf/2/dcat:hadRole/skos:exactMatch	http://www.w3.org/2004/02/skos/core#exactMatch	https://cross-domain-interoperability-framework.github.io/metadataBuildingBlocks/build/annotated/bbr/metadata/skosProperties/skosConcept/schema.yaml
/schema:conditionsOfAccess/_anyOf/2/dcat:hadRole/skos:closeMatch	http://www.w3.org/2004/02/skos/core#closeMatch	https://cross-domain-interoperability-framework.github.io/metadataBuildingBlocks/build/annotated/bbr/metadata/skosProperties/skosConcept/schema.yaml
/schema:conditionsOfAccess/_anyOf/2/dcat:hadRole/skos:broadMatch	http://www.w3.org/2004/02/skos/core#broadMatch	https://cross-domain-interoperability-framework.github.io/metadataBuildingBlocks/build/annotated/bbr/metadata/skosProperties/skosConcept/schema.yaml
/schema:conditionsOfAccess/_anyOf/2/dcat:hadRole/skos:narrowMatch	http://www.w3.org/2004/02/skos/core#narrowMatch	https://cross-domain-interoperability-framework.github.io/metadataBuildingBlocks/build/annotated/bbr/metadata/skosProperties/skosConcept/schema.yaml
/schema:conditionsOfAccess/_anyOf/2/dcat:hadRole/skos:relatedMatch	http://www.w3.org/2004/02/skos/core#relatedMatch	https://cross-domain-interoperability-framework.github.io/metadataBuildingBlocks/build/annotated/bbr/metadata/skosProperties/skosConcept/schema.yaml
/schema:conditionsOfAccess/_anyOf/2/dcterms:relation	http://purl.org/dc/terms/relation	https://cross-domain-interoperability-framework.github.io/metadataBuildingBlocks/build/annotated/bbr/metadata/cdifProperties/cdifReference/schema.yaml
/schema:license	http://schema.org/license	https://usgin.github.io/geochemBuildingBlocks/build/annotated/profiles/adaProfiles/adaProduct/schema.yaml
/schema:url	http://schema.org/url	https://cross-domain-interoperability-framework.github.io/metadataBuildingBlocks/build/annotated/bbr/metadata/cdifProperties/cdifCore/schema.yaml
/schema:distribution	http://schema.org/distribution	/github/workspace/build/annotated/profiles/adaProfiles/adaToFSIMS/schema.yaml
/schema:distribution/_anyOf/0/schema:name	http://schema.org/name	https://cross-domain-interoperability-framework.github.io/metadataBuildingBlocks/build/annotated/bbr/metadata/schemaorgProperties/dataDownload/schema.yaml
/schema:distribution/_anyOf/0/schema:description	http://schema.org/description	https://cross-domain-interoperability-framework.github.io/metadataBuildingBlocks/build/annotated/bbr/metadata/schemaorgProperties/dataDownload/schema.yaml
/schema:distribution/_anyOf/0/schema:contentUrl	http://schema.org/contentUrl	https://cross-domain-interoperability-framework.github.io/metadataBuildingBlocks/build/annotated/bbr/metadata/schemaorgProperties/dataDownload/schema.yaml
/schema:distribution/_anyOf/0/schema:encodingFormat	http://schema.org/encodingFormat	https://cross-domain-interoperability-framework.github.io/metadataBuildingBlocks/build/annotated/bbr/metadata/schemaorgProperties/dataDownload/schema.yaml
/schema:distribution/_anyOf/0/spdx:checksum		https://cross-domain-interoperability-framework.github.io/metadataBuildingBlocks/build/annotated/bbr/metadata/schemaorgProperties/dataDownload/schema.yaml
/schema:distribution/_anyOf/0/spdx:checksum/spdx:algorithm		https://cross-domain-interoperability-framework.github.io/metadataBuildingBlocks/build/annotated/bbr/metadata/schemaorgProperties/dataDownload/schema.yaml
/schema:distribution/_anyOf/0/spdx:checksum/spdx:checksumValue		https://cross-domain-interoperability-framework.github.io/metadataBuildingBlocks/build/annotated/bbr/metadata/schemaorgProperties/dataDownload/schema.yaml
/schema:distribution/_anyOf/0/dcterms:conformsTo		https://cross-domain-interoperability-framework.github.io/metadataBuildingBlocks/build/annotated/bbr/metadata/schemaorgProperties/dataDownload/schema.yaml
/schema:distribution/_anyOf/0/schema:provider	http://schema.org/provider	https://cross-domain-interoperability-framework.github.io/metadataBuildingBlocks/build/annotated/bbr/metadata/schemaorgProperties/dataDownload/schema.yaml
/schema:distribution/_anyOf/0/schema:provider/_anyOf/1/schema:name	http://schema.org/name	https://cross-domain-interoperability-framework.github.io/metadataBuildingBlocks/build/annotated/bbr/metadata/schemaorgProperties/person/schema.yaml
/schema:distribution/_anyOf/0/schema:provider/_anyOf/1/schema:description	http://schema.org/description	https://cross-domain-interoperability-framework.github.io/metadataBuildingBlocks/build/annotated/bbr/metadata/schemaorgProperties/person/schema.yaml
/schema:distribution/_anyOf/0/schema:provider/_anyOf/1/schema:identifier	http://schema.org/identifier	https://cross-domain-interoperability-framework.github.io/metadataBuildingBlocks/build/annotated/bbr/metadata/schemaorgProperties/person/schema.yaml
/schema:distribution/_anyOf/0/schema:provider/_anyOf/1/schema:alternateName	http://schema.org/alternateName	https://cross-domain-interoperability-framework.github.io/metadataBuildingBlocks/build/annotated/bbr/metadata/schemaorgProperties/person/schema.yaml
/schema:distribution/_anyOf/0/schema:provider/_anyOf/1/schema:affiliation	http://schema.org/affiliation	https://cross-domain-interoperability-framework.github.io/metadataBuildingBlocks/build/annotated/bbr/metadata/schemaorgProperties/person/schema.yaml
/schema:distribution/_anyOf/0/schema:provider/_anyOf/1/schema:affiliation/schema:additionalType	http://schema.org/additionalType	https://cross-domain-interoperability-framework.github.io/metadataBuildingBlocks/build/annotated/bbr/metadata/schemaorgProperties/organization/schema.yaml
/schema:distribution/_anyOf/0/schema:provider/_anyOf/1/schema:affiliation/schema:name	http://schema.org/name	https://cross-domain-interoperability-framework.github.io/metadataBuildingBlocks/build/annotated/bbr/metadata/schemaorgProperties/organization/schema.yaml
/schema:distribution/_anyOf/0/schema:provider/_anyOf/1/schema:affiliation/schema:alternateName	http://schema.org/alternateName	https://cross-domain-interoperability-framework.github.io/metadataBuildingBlocks/build/annotated/bbr/metadata/schemaorgProperties/organization/schema.yaml
/schema:distribution/_anyOf/0/schema:provider/_anyOf/1/schema:affiliation/schema:description	http://schema.org/description	https://cross-domain-interoperability-framework.github.io/metadataBuildingBlocks/build/annotated/bbr/metadata/schemaorgProperties/organization/schema.yaml
/schema:distribution/_anyOf/0/schema:provider/_anyOf/1/schema:affiliation/schema:identifier	http://schema.org/identifier	https://cross-domain-interoperability-framework.github.io/metadataBuildingBlocks/build/annotated/bbr/metadata/schemaorgProperties/organization/schema.yaml
/schema:distribution/_anyOf/0/schema:provider/_anyOf/1/schema:affiliation/schema:sameAs	http://schema.org/sameAs	https://cross-domain-interoperability-framework.github.io/metadataBuildingBlocks/build/annotated/bbr/metadata/schemaorgProperties/organization/schema.yaml
/schema:distribution/_anyOf/0/schema:provider/_anyOf/1/schema:contactPoint	http://schema.org/contactPoint	https://cross-domain-interoperability-framework.github.io/metadataBuildingBlocks/build/annotated/bbr/metadata/schemaorgProperties/person/schema.yaml
/schema:distribution/_anyOf/0/schema:provider/_anyOf/1/schema:contactPoint/schema:email	http://schema.org/email	https://cross-domain-interoperability-framework.github.io/metadataBuildingBlocks/build/annotated/bbr/metadata/schemaorgProperties/person/schema.yaml
/schema:distribution/_anyOf/0/schema:provider/_anyOf/1/schema:sameAs	http://schema.org/sameAs	https://cross-domain-interoperability-framework.github.io/metadataBuildingBlocks/build/annotated/bbr/metadata/schemaorgProperties/person/schema.yaml
/schema:distribution/_anyOf/1/schema:serviceType	http://schema.org/serviceType	https://cross-domain-interoperability-framework.github.io/metadataBuildingBlocks/build/annotated/bbr/metadata/schemaorgProperties/webAPI/schema.yaml
/schema:distribution/_anyOf/1/schema:termsOfService	http://schema.org/termsOfService	https://cross-domain-interoperability-framework.github.io/metadataBuildingBlocks/build/annotated/bbr/metadata/schemaorgProperties/webAPI/schema.yaml
/schema:distribution/_anyOf/1/schema:documentation	http://schema.org/documentation	https://cross-domain-interoperability-framework.github.io/metadataBuildingBlocks/build/annotated/bbr/metadata/schemaorgProperties/webAPI/schema.yaml
/schema:distribution/_anyOf/1/schema:potentialAction	http://schema.org/potentialAction	https://cross-domain-interoperability-framework.github.io/metadataBuildingBlocks/build/annotated/bbr/metadata/schemaorgProperties/webAPI/schema.yaml
/schema:distribution/_anyOf/1/schema:potentialAction/schema:name	http://schema.org/name	https://cross-domain-interoperability-framework.github.io/metadataBuildingBlocks/build/annotated/bbr/metadata/schemaorgProperties/action/schema.yaml
/schema:distribution/_anyOf/1/schema:potentialAction/schema:target	http://schema.org/target	https://cross-domain-interoperability-framework.github.io/metadataBuildingBlocks/build/annotated/bbr/metadata/schemaorgProperties/action/schema.yaml
/schema:distribution/_anyOf/1/schema:potentialAction/schema:target/schema:description	http://schema.org/description	https://cross-domain-interoperability-framework.github.io/metadataBuildingBlocks/build/annotated/bbr/metadata/schemaorgProperties/action/schema.yaml
/schema:distribution/_anyOf/1/schema:potentialAction/schema:target/schema:urlTemplate	http://schema.org/urlTemplate	https://cross-domain-interoperability-framework.github.io/metadataBuildingBlocks/build/annotated/bbr/metadata/schemaorgProperties/action/schema.yaml
/schema:distribution/_anyOf/1/schema:potentialAction/schema:target/schema:httpMethod	http://schema.org/httpMethod	https://cross-domain-interoperability-framework.github.io/metadataBuildingBlocks/build/annotated/bbr/metadata/schemaorgProperties/action/schema.yaml
/schema:distribution/_anyOf/1/schema:potentialAction/schema:target/schema:contentType	http://schema.org/contentType	https://cross-domain-interoperability-framework.github.io/metadataBuildingBlocks/build/annotated/bbr/metadata/schemaorgProperties/action/schema.yaml
/schema:distribution/_anyOf/1/schema:potentialAction/schema:result	http://schema.org/result	https://cross-domain-interoperability-framework.github.io/metadataBuildingBlocks/build/annotated/bbr/metadata/schemaorgProperties/action/schema.yaml
/schema:distribution/_anyOf/1/schema:potentialAction/schema:result/schema:encodingFormat	http://schema.org/encodingFormat	https://cross-domain-interoperability-framework.github.io/metadataBuildingBlocks/build/annotated/bbr/metadata/schemaorgProperties/action/schema.yaml
/schema:distribution/_anyOf/1/schema:potentialAction/schema:result/schema:description	http://schema.org/description	https://cross-domain-interoperability-framework.github.io/metadataBuildingBlocks/build/annotated/bbr/metadata/schemaorgProperties/action/schema.yaml
/schema:distribution/_anyOf/1/schema:potentialAction/schema:object	http://schema.org/object	https://cross-domain-interoperability-framework.github.io/metadataBuildingBlocks/build/annotated/bbr/metadata/schemaorgProperties/action/schema.yaml
/schema:distribution/_anyOf/1/schema:potentialAction/schema:object/schema:description	http://schema.org/description	https://cross-domain-interoperability-framework.github.io/metadataBuildingBlocks/build/annotated/bbr/metadata/schemaorgProperties/action/schema.yaml
/schema:distribution/_anyOf/1/schema:potentialAction/schema:query-input	http://schema.org/query-input	https://cross-domain-interoperability-framework.github.io/metadataBuildingBlocks/build/annotated/bbr/metadata/schemaorgProperties/action/schema.yaml
/schema:distribution/_anyOf/1/schema:potentialAction/schema:query-input/schema:valueName	http://schema.org/valueName	https://cross-domain-interoperability-framework.github.io/metadataBuildingBlocks/build/annotated/bbr/metadata/schemaorgProperties/action/schema.yaml
/schema:distribution/_anyOf/1/schema:potentialAction/schema:query-input/schema:description	http://schema.org/description	https://cross-domain-interoperability-framework.github.io/metadataBuildingBlocks/build/annotated/bbr/metadata/schemaorgProperties/action/schema.yaml
/schema:distribution/_anyOf/1/schema:potentialAction/schema:query-input/schema:valueRequired	http://schema.org/valueRequired	https://cross-domain-interoperability-framework.github.io/metadataBuildingBlocks/build/annotated/bbr/metadata/schemaorgProperties/action/schema.yaml
/schema:distribution/_anyOf/1/schema:potentialAction/schema:query-input/schema:valuePattern	http://schema.org/valuePattern	https://cross-domain-interoperability-framework.github.io/metadataBuildingBlocks/build/annotated/bbr/metadata/schemaorgProperties/action/schema.yaml
/schema:relatedLink	http://schema.org/relatedLink	https://usgin.github.io/geochemBuildingBlocks/build/annotated/profiles/adaProfiles/adaProduct/schema.yaml
/schema:relatedLink/schema:linkRelationship	http://schema.org/linkRelationship	https://usgin.github.io/geochemBuildingBlocks/build/annotated/profiles/adaProfiles/adaProduct/schema.yaml
/schema:relatedLink/schema:target	http://schema.org/target	https://usgin.github.io/geochemBuildingBlocks/build/annotated/profiles/adaProfiles/adaProduct/schema.yaml
/schema:relatedLink/schema:target/schema:encodingFormat	http://schema.org/encodingFormat	https://usgin.github.io/geochemBuildingBlocks/build/annotated/profiles/adaProfiles/adaProduct/schema.yaml
/schema:relatedLink/schema:target/schema:name	http://schema.org/name	https://usgin.github.io/geochemBuildingBlocks/build/annotated/profiles/adaProfiles/adaProduct/schema.yaml
/schema:relatedLink/schema:target/schema:url	http://schema.org/url	https://usgin.github.io/geochemBuildingBlocks/build/annotated/profiles/adaProfiles/adaProduct/schema.yaml
/schema:publishingPrinciples	http://schema.org/publishingPrinciples	https://cross-domain-interoperability-framework.github.io/metadataBuildingBlocks/build/annotated/bbr/metadata/cdifProperties/cdifCore/schema.yaml
/schema:keywords	http://schema.org/keywords	https://cross-domain-interoperability-framework.github.io/metadataBuildingBlocks/build/annotated/bbr/metadata/cdifProperties/cdifCore/schema.yaml
/schema:creator	http://schema.org/creator	https://cross-domain-interoperability-framework.github.io/metadataBuildingBlocks/build/annotated/bbr/metadata/cdifProperties/cdifCore/schema.yaml
/schema:contributor	http://schema.org/contributor	https://cross-domain-interoperability-framework.github.io/metadataBuildingBlocks/build/annotated/bbr/metadata/cdifProperties/cdifCore/schema.yaml
/schema:contributor/_anyOf/3/schema:roleName	http://schema.org/roleName	https://cross-domain-interoperability-framework.github.io/metadataBuildingBlocks/build/annotated/bbr/metadata/schemaorgProperties/agentInRole/schema.yaml
/schema:contributor/_anyOf/3/schema:contributor	http://schema.org/contributor	https://cross-domain-interoperability-framework.github.io/metadataBuildingBlocks/build/annotated/bbr/metadata/schemaorgProperties/agentInRole/schema.yaml
/schema:publisher	http://schema.org/publisher	https://cross-domain-interoperability-framework.github.io/metadataBuildingBlocks/build/annotated/bbr/metadata/cdifProperties/cdifCore/schema.yaml
/schema:provider	http://schema.org/provider	https://cross-domain-interoperability-framework.github.io/metadataBuildingBlocks/build/annotated/bbr/metadata/cdifProperties/cdifCore/schema.yaml
/schema:funding	http://schema.org/funding	https://cross-domain-interoperability-framework.github.io/metadataBuildingBlocks/build/annotated/bbr/metadata/cdifProperties/cdifCore/schema.yaml
/schema:funding/schema:identifier	http://schema.org/identifier	https://cross-domain-interoperability-framework.github.io/metadataBuildingBlocks/build/annotated/bbr/metadata/schemaorgProperties/monetaryGrant/schema.yaml
/schema:funding/schema:description	http://schema.org/description	https://cross-domain-interoperability-framework.github.io/metadataBuildingBlocks/build/annotated/bbr/metadata/schemaorgProperties/monetaryGrant/schema.yaml
/schema:funding/schema:name	http://schema.org/name	https://cross-domain-interoperability-framework.github.io/metadataBuildingBlocks/build/annotated/bbr/metadata/schemaorgProperties/monetaryGrant/schema.yaml
/schema:funding/schema:funder	http://schema.org/funder	https://cross-domain-interoperability-framework.github.io/metadataBuildingBlocks/build/annotated/bbr/metadata/schemaorgProperties/monetaryGrant/schema.yaml
/prov:wasGeneratedBy	http://www.w3.org/ns/prov#wasGeneratedBy	https://usgin.github.io/geochemBuildingBlocks/build/annotated/profiles/adaProfiles/adaProduct/schema.yaml
/prov:wasGeneratedBy/prov:used	http://www.w3.org/ns/prov#used	https://usgin.github.io/geochemBuildingBlocks/build/annotated/profiles/adaProfiles/adaProduct/schema.yaml
/prov:wasDerivedFrom		https://cross-domain-interoperability-framework.github.io/metadataBuildingBlocks/build/annotated/bbr/metadata/cdifProperties/cdifCore/schema.yaml
/schema:subjectOf/schema:additionalType	http://schema.org/additionalType	https://cross-domain-interoperability-framework.github.io/metadataBuildingBlocks/build/annotated/bbr/metadata/cdifProperties/cdifCatalogRecord/schema.yaml
/schema:subjectOf/schema:about	http://schema.org/about	https://cross-domain-interoperability-framework.github.io/metadataBuildingBlocks/build/annotated/bbr/metadata/cdifProperties/cdifCatalogRecord/schema.yaml
/schema:subjectOf/schema:maintainer	http://schema.org/maintainer	https://cross-domain-interoperability-framework.github.io/metadataBuildingBlocks/build/annotated/bbr/metadata/cdifProperties/cdifCatalogRecord/schema.yaml
/schema:subjectOf/schema:sdDatePublished	http://schema.org/sdDatePublished	https://cross-domain-interoperability-framework.github.io/metadataBuildingBlocks/build/annotated/bbr/metadata/cdifProperties/cdifCatalogRecord/schema.yaml
/schema:subjectOf/schema:includedInDataCatalog	http://schema.org/includedInDataCatalog	https://cross-domain-interoperability-framework.github.io/metadataBuildingBlocks/build/annotated/bbr/metadata/cdifProperties/cdifCatalogRecord/schema.yaml
/schema:subjectOf/schema:includedInDataCatalog/schema:name	http://schema.org/name	https://cross-domain-interoperability-framework.github.io/metadataBuildingBlocks/build/annotated/bbr/metadata/cdifProperties/cdifCatalogRecord/schema.yaml
/schema:subjectOf/schema:includedInDataCatalog/schema:url	http://schema.org/url	https://cross-domain-interoperability-framework.github.io/metadataBuildingBlocks/build/annotated/bbr/metadata/cdifProperties/cdifCatalogRecord/schema.yaml
/schema:subjectOf/schema:includedInDataCatalog/schema:identifier	http://schema.org/identifier	https://cross-domain-interoperability-framework.github.io/metadataBuildingBlocks/build/annotated/bbr/metadata/cdifProperties/cdifCatalogRecord/schema.yaml
/cdif:hasPrimaryKey		https://cross-domain-interoperability-framework.github.io/metadataBuildingBlocks/build/annotated/bbr/metadata/cdifProperties/cdifDataDescription/schema.yaml
/cdif:hasPrimaryKey/_anyOf/0/cdif:isComposedOf	https://cdif.org/0.1/isComposedOf	https://cross-domain-interoperability-framework.github.io/metadataBuildingBlocks/build/annotated/bbr/metadata/cdifProperties/cdifKey/schema.yaml
/cdif:hasPrimaryKey/_anyOf/0/cdif:isComposedOf/cdi:indexes	http://ddialliance.org/Specification/DDI-CDI/1.0/RDF/indexes	https://cross-domain-interoperability-framework.github.io/metadataBuildingBlocks/build/annotated/bbr/metadata/cdifProperties/cdifKey/schema.yaml
/cdif:hasPrimaryKey/_anyOf/0/cdif:isComposedOf/cdi:indexes/_anyOf/0/schema:name	http://schema.org/name	https://cross-domain-interoperability-framework.github.io/metadataBuildingBlocks/build/annotated/bbr/metadata/schemaorgProperties/variableMeasured/schema.yaml
/cdif:hasPrimaryKey/_anyOf/0/cdif:isComposedOf/cdi:indexes/_anyOf/0/schema:description	http://schema.org/description	https://cross-domain-interoperability-framework.github.io/metadataBuildingBlocks/build/annotated/bbr/metadata/schemaorgProperties/variableMeasured/schema.yaml
/cdif:hasPrimaryKey/_anyOf/0/cdif:isComposedOf/cdi:indexes/_anyOf/0/schema:alternateName	http://schema.org/alternateName	https://cross-domain-interoperability-framework.github.io/metadataBuildingBlocks/build/annotated/bbr/metadata/schemaorgProperties/variableMeasured/schema.yaml
/cdif:hasPrimaryKey/_anyOf/0/cdif:isComposedOf/cdi:indexes/_anyOf/0/schema:measurementTechnique	http://schema.org/measurementTechnique	https://cross-domain-interoperability-framework.github.io/metadataBuildingBlocks/build/annotated/bbr/metadata/schemaorgProperties/variableMeasured/schema.yaml
/cdif:hasPrimaryKey/_anyOf/0/cdif:isComposedOf/cdi:indexes/_anyOf/0/schema:propertyID	http://schema.org/propertyID	https://cross-domain-interoperability-framework.github.io/metadataBuildingBlocks/build/annotated/bbr/metadata/schemaorgProperties/variableMeasured/schema.yaml
/cdif:hasPrimaryKey/_anyOf/0/cdif:isComposedOf/cdi:indexes/_anyOf/0/schema:unitText	http://schema.org/unitText	https://cross-domain-interoperability-framework.github.io/metadataBuildingBlocks/build/annotated/bbr/metadata/schemaorgProperties/variableMeasured/schema.yaml
/cdif:hasPrimaryKey/_anyOf/0/cdif:isComposedOf/cdi:indexes/_anyOf/0/schema:unitCode	http://schema.org/unitCode	https://cross-domain-interoperability-framework.github.io/metadataBuildingBlocks/build/annotated/bbr/metadata/schemaorgProperties/variableMeasured/schema.yaml
/cdif:hasPrimaryKey/_anyOf/0/cdif:isComposedOf/cdi:indexes/_anyOf/0/schema:minValue	http://schema.org/minValue	https://cross-domain-interoperability-framework.github.io/metadataBuildingBlocks/build/annotated/bbr/metadata/schemaorgProperties/variableMeasured/schema.yaml
/cdif:hasPrimaryKey/_anyOf/0/cdif:isComposedOf/cdi:indexes/_anyOf/0/schema:maxValue	http://schema.org/maxValue	https://cross-domain-interoperability-framework.github.io/metadataBuildingBlocks/build/annotated/bbr/metadata/schemaorgProperties/variableMeasured/schema.yaml
/cdif:hasPrimaryKey/_anyOf/0/cdif:isComposedOf/cdi:indexes/_anyOf/0/schema:url	http://schema.org/url	https://cross-domain-interoperability-framework.github.io/metadataBuildingBlocks/build/annotated/bbr/metadata/schemaorgProperties/variableMeasured/schema.yaml
/cdif:hasPrimaryKey/_anyOf/0/cdif:isComposedOf/cdi:indexes/_anyOf/0/cdif:physicalDataType		https://cross-domain-interoperability-framework.github.io/metadataBuildingBlocks/build/annotated/bbr/metadata/cdifProperties/cdifInstanceVariable/schema.yaml
/cdif:hasPrimaryKey/_anyOf/0/cdif:isComposedOf/cdi:indexes/_anyOf/0/cdif:role		https://cross-domain-interoperability-framework.github.io/metadataBuildingBlocks/build/annotated/bbr/metadata/cdifProperties/cdifInstanceVariable/schema.yaml
/cdif:hasPrimaryKey/_anyOf/0/cdif:isComposedOf/cdi:indexes/_anyOf/0/cdif:simpleUnitOfMeasure		https://cross-domain-interoperability-framework.github.io/metadataBuildingBlocks/build/annotated/bbr/metadata/cdifProperties/cdifInstanceVariable/schema.yaml
/cdif:hasPrimaryKey/_anyOf/0/cdif:isComposedOf/cdi:indexes/_anyOf/0/cdif:uses		https://cross-domain-interoperability-framework.github.io/metadataBuildingBlocks/build/annotated/bbr/metadata/cdifProperties/cdifInstanceVariable/schema.yaml
/cdif:hasPrimaryKey/_anyOf/0/cdif:isComposedOf/cdi:indexes/_anyOf/0/cdi:function	http://ddialliance.org/Specification/DDI-CDI/1.0/RDF/function	https://cross-domain-interoperability-framework.github.io/metadataBuildingBlocks/build/annotated/bbr/metadata/cdifProperties/cdifInstanceVariable/schema.yaml
/cdif:hasPrimaryKey/_anyOf/0/cdif:isComposedOf/cdi:indexes/_anyOf/0/cdi:platformType	http://ddialliance.org/Specification/DDI-CDI/1.0/RDF/platformType	https://cross-domain-interoperability-framework.github.io/metadataBuildingBlocks/build/annotated/bbr/metadata/cdifProperties/cdifInstanceVariable/schema.yaml
/cdif:hasPrimaryKey/_anyOf/0/cdif:isComposedOf/cdi:indexes/_anyOf/0/cdi:source	http://ddialliance.org/Specification/DDI-CDI/1.0/RDF/source	https://cross-domain-interoperability-framework.github.io/metadataBuildingBlocks/build/annotated/bbr/metadata/cdifProperties/cdifInstanceVariable/schema.yaml
/cdif:hasPrimaryKey/_anyOf/0/cdif:isComposedOf/cdi:indexes/_anyOf/0/cdif:isDescribedBy_StatisticsCollection		https://cross-domain-interoperability-framework.github.io/metadataBuildingBlocks/build/annotated/bbr/metadata/cdifProperties/cdifInstanceVariable/schema.yaml
/cdif:hasPrimaryKey/_anyOf/0/cdif:isComposedOf/cdi:indexes/_anyOf/0/cdif:isDescribedBy_StatisticsCollection/_anyOf/0/cdi:hasWeight	http://ddialliance.org/Specification/DDI-CDI/1.0/RDF/hasWeight	https://cross-domain-interoperability-framework.github.io/metadataBuildingBlocks/build/annotated/bbr/metadata/cdifProperties/cdifStatistics/schema.yaml
/cdif:hasPrimaryKey/_anyOf/0/cdif:isComposedOf/cdi:indexes/_anyOf/0/cdif:isDescribedBy_StatisticsCollection/_anyOf/0/cdif:has_Statistics	https://cdif.org/0.1/has_Statistics	https://cross-domain-interoperability-framework.github.io/metadataBuildingBlocks/build/annotated/bbr/metadata/cdifProperties/cdifStatistics/schema.yaml
/cdif:hasPrimaryKey/_anyOf/0/cdif:isComposedOf/cdi:indexes/_anyOf/0/cdif:isDescribedBy_StatisticsCollection/_anyOf/0/cdif:has_Statistics/_anyOf/0/cdi:typeOfStatistic	http://ddialliance.org/Specification/DDI-CDI/1.0/RDF/typeOfStatistic	https://cross-domain-interoperability-framework.github.io/metadataBuildingBlocks/build/annotated/bbr/metadata/cdifProperties/cdifStatistics/schema.yaml
/cdif:hasPrimaryKey/_anyOf/0/cdif:isComposedOf/cdi:indexes/_anyOf/0/cdif:isDescribedBy_StatisticsCollection/_anyOf/0/cdif:has_Statistics/_anyOf/0/cdi:statistic	http://ddialliance.org/Specification/DDI-CDI/1.0/RDF/statistic	https://cross-domain-interoperability-framework.github.io/metadataBuildingBlocks/build/annotated/bbr/metadata/cdifProperties/cdifStatistics/schema.yaml
/cdif:hasPrimaryKey/_anyOf/0/cdif:isComposedOf/cdi:indexes/_anyOf/0/cdif:isDescribedBy_StatisticsCollection/_anyOf/0/cdif:has_Statistics/_anyOf/0/cdi:statistic/cdi:computationBase	http://ddialliance.org/Specification/DDI-CDI/1.0/RDF/computationBase	https://cross-domain-interoperability-framework.github.io/metadataBuildingBlocks/build/annotated/bbr/metadata/cdifProperties/cdifStatistics/schema.yaml
/cdif:hasPrimaryKey/_anyOf/0/cdif:isComposedOf/cdi:indexes/_anyOf/0/cdif:isDescribedBy_StatisticsCollection/_anyOf/0/cdif:has_Statistics/_anyOf/0/cdi:statistic/cdi:content	http://ddialliance.org/Specification/DDI-CDI/1.0/RDF/content	https://cross-domain-interoperability-framework.github.io/metadataBuildingBlocks/build/annotated/bbr/metadata/cdifProperties/cdifStatistics/schema.yaml
/cdif:hasPrimaryKey/_anyOf/0/cdif:isComposedOf/cdi:indexes/_anyOf/0/cdif:isDescribedBy_StatisticsCollection/_anyOf/0/cdif:has_Statistics/_anyOf/0/cdi:statistic/cdi:isWeighted	http://ddialliance.org/Specification/DDI-CDI/1.0/RDF/isWeighted	https://cross-domain-interoperability-framework.github.io/metadataBuildingBlocks/build/annotated/bbr/metadata/cdifProperties/cdifStatistics/schema.yaml
/cdif:hasPrimaryKey/_anyOf/0/cdif:isComposedOf/cdi:indexes/_anyOf/0/cdif:isDescribedBy_StatisticsCollection/_anyOf/0/cdif:has_Statistics/_anyOf/0/cdi:statistic/cdi:typeOfNumericValue	http://ddialliance.org/Specification/DDI-CDI/1.0/RDF/typeOfNumericValue	https://cross-domain-interoperability-framework.github.io/metadataBuildingBlocks/build/annotated/bbr/metadata/cdifProperties/cdifStatistics/schema.yaml
/cdif:hasPrimaryKey/_anyOf/0/cdif:isComposedOf/cdi:indexes/_anyOf/0/cdif:isDescribedBy_StatisticsCollection/_anyOf/0/cdif:has_Statistics/_anyOf/0/cdi:hasWeight	http://ddialliance.org/Specification/DDI-CDI/1.0/RDF/hasWeight	https://cross-domain-interoperability-framework.github.io/metadataBuildingBlocks/build/annotated/bbr/metadata/cdifProperties/cdifStatistics/schema.yaml
/cdif:hasPrimaryKey/_anyOf/0/cdif:isComposedOf/cdi:indexes/_anyOf/0/cdif:isDescribedBy_StatisticsCollection/_anyOf/0/cdif:has_Statistics/_anyOf/0/cdif:appliesTo	https://cdif.org/0.1/appliesTo	https://cross-domain-interoperability-framework.github.io/metadataBuildingBlocks/build/annotated/bbr/metadata/cdifProperties/cdifStatistics/schema.yaml
/cdif:hasPrimaryKey/_anyOf/0/cdif:isComposedOf/cdi:indexes/_anyOf/0/cdif:isDescribedBy_StatisticsCollection/_anyOf/0/cdif:has_Statistics/_anyOf/0/cdif:has_CategoryStatistics	https://cdif.org/0.1/has_CategoryStatistics	https://cross-domain-interoperability-framework.github.io/metadataBuildingBlocks/build/annotated/bbr/metadata/cdifProperties/cdifStatistics/schema.yaml
/cdif:hasPrimaryKey/_anyOf/0/cdif:isComposedOf/cdi:indexes/_anyOf/0/cdif:isDescribedBy_StatisticsCollection/_anyOf/0/cdif:has_Statistics/_anyOf/0/cdif:has_CategoryStatistics/cdi:for	http://ddialliance.org/Specification/DDI-CDI/1.0/RDF/for	https://cross-domain-interoperability-framework.github.io/metadataBuildingBlocks/build/annotated/bbr/metadata/cdifProperties/cdifStatistics/schema.yaml
/cdif:hasPrimaryKey/_anyOf/0/cdif:isComposedOf/cdi:indexes/_anyOf/0/cdif:isDescribedBy_StatisticsCollection/_anyOf/0/cdif:has_Statistics/_anyOf/0/cdif:has_CategoryStatistics/cdi:for/_anyOf/0/cdif:name	https://cdif.org/0.1/name	https://cross-domain-interoperability-framework.github.io/metadataBuildingBlocks/build/annotated/bbr/metadata/cdifProperties/cdifStatistics/schema.yaml
/cdif:hasPrimaryKey/_anyOf/0/cdif:isComposedOf/cdi:indexes/_anyOf/0/cdif:isDescribedBy_StatisticsCollection/_anyOf/0/cdif:has_Statistics/_anyOf/0/cdif:has_CategoryStatistics/cdi:for/_anyOf/0/cdif:descriptiveText	https://cdif.org/0.1/descriptiveText	https://cross-domain-interoperability-framework.github.io/metadataBuildingBlocks/build/annotated/bbr/metadata/cdifProperties/cdifStatistics/schema.yaml
/cdif:hasPrimaryKey/_anyOf/0/cdif:isComposedOf/cdi:indexes/_anyOf/0/cdif:isDescribedBy_StatisticsCollection/_anyOf/0/cdif:has_Statistics/_anyOf/0/cdif:has_CategoryStatistics/cdi:for/_anyOf/0/cdif:definition	https://cdif.org/0.1/definition	https://cross-domain-interoperability-framework.github.io/metadataBuildingBlocks/build/annotated/bbr/metadata/cdifProperties/cdifStatistics/schema.yaml
/cdif:hasPrimaryKey/_anyOf/0/cdif:isComposedOf/cdi:indexes/_anyOf/0/cdif:isDescribedBy_StatisticsCollection/_anyOf/0/cdif:has_Statistics/_anyOf/0/cdif:has_CategoryStatistics/cdi:for/_anyOf/0/cdif:displayLabel	https://cdif.org/0.1/displayLabel	https://cross-domain-interoperability-framework.github.io/metadataBuildingBlocks/build/annotated/bbr/metadata/cdifProperties/cdifStatistics/schema.yaml
/cdif:hasPrimaryKey/_anyOf/0/cdif:isComposedOf/cdi:indexes/_anyOf/0/cdif:isDescribedBy_StatisticsCollection/_anyOf/0/cdif:has_Statistics/_anyOf/0/cdif:has_CategoryStatistics/cdi:typeOfStatistic	http://ddialliance.org/Specification/DDI-CDI/1.0/RDF/typeOfStatistic	https://cross-domain-interoperability-framework.github.io/metadataBuildingBlocks/build/annotated/bbr/metadata/cdifProperties/cdifStatistics/schema.yaml
/cdif:hasPrimaryKey/_anyOf/0/cdif:isComposedOf/cdi:indexes/_anyOf/0/cdif:isDescribedBy_StatisticsCollection/_anyOf/0/cdif:has_Statistics/_anyOf/0/cdif:has_CategoryStatistics/cdi:statistic	http://ddialliance.org/Specification/DDI-CDI/1.0/RDF/statistic	https://cross-domain-interoperability-framework.github.io/metadataBuildingBlocks/build/annotated/bbr/metadata/cdifProperties/cdifStatistics/schema.yaml
/cdif:hasPrimaryKey/_anyOf/0/cdif:isComposedOf/cdi:indexes/_anyOf/0/cdif:isDescribedBy_StatisticsCollection/_anyOf/0/cdif:has_Statistics/_anyOf/0/cdif:has_CategoryStatistics/cdi:hasWeight	http://ddialliance.org/Specification/DDI-CDI/1.0/RDF/hasWeight	https://cross-domain-interoperability-framework.github.io/metadataBuildingBlocks/build/annotated/bbr/metadata/cdifProperties/cdifStatistics/schema.yaml
/cdif:hasPrimaryKey/_anyOf/0/cdif:isComposedOf/cdi:indexes/_anyOf/0/cdif:isDescribedBy_StatisticsCollection/_anyOf/0/cdif:indexedBy	https://cdif.org/0.1/indexedBy	https://cross-domain-interoperability-framework.github.io/metadataBuildingBlocks/build/annotated/bbr/metadata/cdifProperties/cdifStatistics/schema.yaml
/cdif:hasPrimaryKey/_anyOf/0/cdif:isComposedOf/cdi:indexes/_anyOf/0/cdi:hasIntendedDataType	http://ddialliance.org/Specification/DDI-CDI/1.0/RDF/hasIntendedDataType	https://cross-domain-interoperability-framework.github.io/metadataBuildingBlocks/build/annotated/bbr/metadata/cdifProperties/cdifInstanceVariable/schema.yaml
/cdif:hasPrimaryKey/_anyOf/0/cdif:isComposedOf/cdi:indexes/_anyOf/0/cdi:describedUnitOfMeasure	http://ddialliance.org/Specification/DDI-CDI/1.0/RDF/describedUnitOfMeasure	https://cross-domain-interoperability-framework.github.io/metadataBuildingBlocks/build/annotated/bbr/metadata/cdifProperties/cdifInstanceVariable/schema.yaml
/cdif:hasPrimaryKey/_anyOf/0/cdif:isComposedOf/cdi:indexes/_anyOf/0/cdi:qualifies	http://ddialliance.org/Specification/DDI-CDI/1.0/RDF/qualifies	https://cross-domain-interoperability-framework.github.io/metadataBuildingBlocks/build/annotated/bbr/metadata/cdifProperties/cdifInstanceVariable/schema.yaml
/cdif:hasPrimaryKey/_anyOf/0/cdif:isComposedOf/cdi:value	http://ddialliance.org/Specification/DDI-CDI/1.0/RDF/value	https://cross-domain-interoperability-framework.github.io/metadataBuildingBlocks/build/annotated/bbr/metadata/cdifProperties/cdifKey/schema.yaml
/cdif:statistics		https://cross-domain-interoperability-framework.github.io/metadataBuildingBlocks/build/annotated/bbr/metadata/cdifProperties/cdifDataDescription/schema.yaml
/schema:variableMeasured	http://schema.org/variableMeasured	https://usgin.github.io/geochemBuildingBlocks/build/annotated/profiles/adaProfiles/adaProduct/schema.yaml
/schema:variableMeasured/cdi:takesSentinelValuesFrom		https://cross-domain-interoperability-framework.github.io/metadataBuildingBlocks/build/annotated/bbr/metadata/cdifProperties/cdifDataDescription/schema.yaml
/schema:variableMeasured/cdi:takesSentinelValuesFrom/_anyOf/0/cdif:takesValuesFrom	https://cdif.org/0.1/takesValuesFrom	https://cross-domain-interoperability-framework.github.io/metadataBuildingBlocks/build/annotated/bbr/metadata/cdifProperties/cdifValueDomain/schema.yaml
/schema:variableMeasured/cdi:takesSentinelValuesFrom/_anyOf/0/cdif:takesValuesFrom/_anyOf/0/cdif:identifier	https://cdif.org/0.1/identifier	https://cross-domain-interoperability-framework.github.io/metadataBuildingBlocks/build/annotated/bbr/metadata/cdifProperties/cdifEnumerationDomain/schema.yaml
/schema:variableMeasured/cdi:takesSentinelValuesFrom/_anyOf/0/cdif:takesValuesFrom/_anyOf/0/schema:name	http://schema.org/name	https://cross-domain-interoperability-framework.github.io/metadataBuildingBlocks/build/annotated/bbr/metadata/cdifProperties/cdifEnumerationDomain/schema.yaml
/schema:variableMeasured/cdi:takesSentinelValuesFrom/_anyOf/0/cdif:takesValuesFrom/_anyOf/0/cdif:references	https://cdif.org/0.1/references	https://cross-domain-interoperability-framework.github.io/metadataBuildingBlocks/build/annotated/bbr/metadata/cdifProperties/cdifEnumerationDomain/schema.yaml
/schema:variableMeasured/cdi:takesSentinelValuesFrom/_anyOf/0/cdif:takesValuesFrom/_anyOf/0/cdif:references/_anyOf/0/skos:prefLabel	http://www.w3.org/2004/02/skos/core#prefLabel	https://cross-domain-interoperability-framework.github.io/metadataBuildingBlocks/build/annotated/bbr/metadata/skosProperties/skosConceptScheme/schema.yaml
/schema:variableMeasured/cdi:takesSentinelValuesFrom/_anyOf/0/cdif:takesValuesFrom/_anyOf/0/cdif:references/_anyOf/0/skos:altLabel	http://www.w3.org/2004/02/skos/core#altLabel	https://cross-domain-interoperability-framework.github.io/metadataBuildingBlocks/build/annotated/bbr/metadata/skosProperties/skosConceptScheme/schema.yaml
/schema:variableMeasured/cdi:takesSentinelValuesFrom/_anyOf/0/cdif:takesValuesFrom/_anyOf/0/cdif:references/_anyOf/0/skos:hiddenLabel	http://www.w3.org/2004/02/skos/core#hiddenLabel	https://cross-domain-interoperability-framework.github.io/metadataBuildingBlocks/build/annotated/bbr/metadata/skosProperties/skosConceptScheme/schema.yaml
/schema:variableMeasured/cdi:takesSentinelValuesFrom/_anyOf/0/cdif:takesValuesFrom/_anyOf/0/cdif:references/_anyOf/0/skos:definition	http://www.w3.org/2004/02/skos/core#definition	https://cross-domain-interoperability-framework.github.io/metadataBuildingBlocks/build/annotated/bbr/metadata/skosProperties/skosConceptScheme/schema.yaml
/schema:variableMeasured/cdi:takesSentinelValuesFrom/_anyOf/0/cdif:takesValuesFrom/_anyOf/0/cdif:references/_anyOf/0/skos:notation	http://www.w3.org/2004/02/skos/core#notation	https://cross-domain-interoperability-framework.github.io/metadataBuildingBlocks/build/annotated/bbr/metadata/skosProperties/skosConceptScheme/schema.yaml
/schema:variableMeasured/cdi:takesSentinelValuesFrom/_anyOf/0/cdif:takesValuesFrom/_anyOf/0/cdif:references/_anyOf/0/skos:note	http://www.w3.org/2004/02/skos/core#note	https://cross-domain-interoperability-framework.github.io/metadataBuildingBlocks/build/annotated/bbr/metadata/skosProperties/skosConceptScheme/schema.yaml
/schema:variableMeasured/cdi:takesSentinelValuesFrom/_anyOf/0/cdif:takesValuesFrom/_anyOf/0/cdif:references/_anyOf/0/skos:scopeNote	http://www.w3.org/2004/02/skos/core#scopeNote	https://cross-domain-interoperability-framework.github.io/metadataBuildingBlocks/build/annotated/bbr/metadata/skosProperties/skosConceptScheme/schema.yaml
/schema:variableMeasured/cdi:takesSentinelValuesFrom/_anyOf/0/cdif:takesValuesFrom/_anyOf/0/cdif:references/_anyOf/0/skos:historyNote	http://www.w3.org/2004/02/skos/core#historyNote	https://cross-domain-interoperability-framework.github.io/metadataBuildingBlocks/build/annotated/bbr/metadata/skosProperties/skosConceptScheme/schema.yaml
/schema:variableMeasured/cdi:takesSentinelValuesFrom/_anyOf/0/cdif:takesValuesFrom/_anyOf/0/cdif:references/_anyOf/0/skos:changeNote	http://www.w3.org/2004/02/skos/core#changeNote	https://cross-domain-interoperability-framework.github.io/metadataBuildingBlocks/build/annotated/bbr/metadata/skosProperties/skosConceptScheme/schema.yaml
/schema:variableMeasured/cdi:takesSentinelValuesFrom/_anyOf/0/cdif:takesValuesFrom/_anyOf/0/cdif:references/_anyOf/0/skos:editorialNote	http://www.w3.org/2004/02/skos/core#editorialNote	https://cross-domain-interoperability-framework.github.io/metadataBuildingBlocks/build/annotated/bbr/metadata/skosProperties/skosConceptScheme/schema.yaml
/schema:variableMeasured/cdi:takesSentinelValuesFrom/_anyOf/0/cdif:takesValuesFrom/_anyOf/0/cdif:references/_anyOf/0/skos:example	http://www.w3.org/2004/02/skos/core#example	https://cross-domain-interoperability-framework.github.io/metadataBuildingBlocks/build/annotated/bbr/metadata/skosProperties/skosConceptScheme/schema.yaml
/schema:variableMeasured/cdi:takesSentinelValuesFrom/_anyOf/0/cdif:takesValuesFrom/_anyOf/0/cdif:references/_anyOf/0/skos:hasTopConcept	http://www.w3.org/2004/02/skos/core#hasTopConcept	https://cross-domain-interoperability-framework.github.io/metadataBuildingBlocks/build/annotated/bbr/metadata/skosProperties/skosConceptScheme/schema.yaml
/schema:variableMeasured/cdi:takesSentinelValuesFrom/_anyOf/0/cdif:takesValuesFrom/_anyOf/0/cdif:references/_anyOf/0/dcterms:creator	http://purl.org/dc/terms/creator	https://cross-domain-interoperability-framework.github.io/metadataBuildingBlocks/build/annotated/bbr/metadata/skosProperties/skosConceptScheme/schema.yaml
/schema:variableMeasured/cdi:takesSentinelValuesFrom/_anyOf/0/cdif:takesValuesFrom/_anyOf/0/cdif:references/_anyOf/0/dcterms:creator/_anyOf/1/schema:name	http://schema.org/name	https://cross-domain-interoperability-framework.github.io/metadataBuildingBlocks/build/annotated/bbr/metadata/skosProperties/skosConceptScheme/schema.yaml
/schema:variableMeasured/cdi:takesSentinelValuesFrom/_anyOf/0/cdif:takesValuesFrom/_anyOf/0/cdif:references/_anyOf/0/dcterms:creator/_anyOf/2/_anyOf/1/schema:name	http://schema.org/name	https://cross-domain-interoperability-framework.github.io/metadataBuildingBlocks/build/annotated/bbr/metadata/skosProperties/skosConceptScheme/schema.yaml
/schema:variableMeasured/cdi:takesSentinelValuesFrom/_anyOf/0/cdif:takesValuesFrom/_anyOf/0/cdif:references/_anyOf/0/dcterms:created	http://purl.org/dc/terms/created	https://cross-domain-interoperability-framework.github.io/metadataBuildingBlocks/build/annotated/bbr/metadata/skosProperties/skosConceptScheme/schema.yaml
/schema:variableMeasured/cdi:takesSentinelValuesFrom/_anyOf/0/cdif:takesValuesFrom/_anyOf/0/cdif:references/_anyOf/0/dcterms:modified	http://purl.org/dc/terms/modified	https://cross-domain-interoperability-framework.github.io/metadataBuildingBlocks/build/annotated/bbr/metadata/skosProperties/skosConceptScheme/schema.yaml
/schema:variableMeasured/cdi:takesSentinelValuesFrom/_anyOf/0/cdif:takesValuesFrom/_anyOf/0/cdif:references/_anyOf/0/dcterms:title	http://purl.org/dc/terms/title	https://cross-domain-interoperability-framework.github.io/metadataBuildingBlocks/build/annotated/bbr/metadata/skosProperties/skosConceptScheme/schema.yaml
/schema:variableMeasured/cdi:takesSentinelValuesFrom/_anyOf/0/cdif:takesValuesFrom/_anyOf/0/cdif:references/_anyOf/0/dcterms:description	http://purl.org/dc/terms/description	https://cross-domain-interoperability-framework.github.io/metadataBuildingBlocks/build/annotated/bbr/metadata/skosProperties/skosConceptScheme/schema.yaml
/schema:variableMeasured/cdi:takesSentinelValuesFrom/_anyOf/0/cdif:takesValuesFrom/_anyOf/0/cdif:references/_anyOf/0/dcterms:license	http://purl.org/dc/terms/license	https://cross-domain-interoperability-framework.github.io/metadataBuildingBlocks/build/annotated/bbr/metadata/skosProperties/skosConceptScheme/schema.yaml
/schema:variableMeasured/cdi:takesSentinelValuesFrom/_anyOf/0/cdif:takesValuesFrom/_anyOf/0/cdif:references/_anyOf/0/dcterms:rights	http://purl.org/dc/terms/rights	https://cross-domain-interoperability-framework.github.io/metadataBuildingBlocks/build/annotated/bbr/metadata/skosProperties/skosConceptScheme/schema.yaml
/schema:variableMeasured/cdi:takesSentinelValuesFrom/_anyOf/0/cdif:takesValuesFrom/_anyOf/0/cdif:references/_anyOf/0/schema:version	http://schema.org/version	https://cross-domain-interoperability-framework.github.io/metadataBuildingBlocks/build/annotated/bbr/metadata/skosProperties/skosConceptScheme/schema.yaml
/schema:variableMeasured/cdi:takesSentinelValuesFrom/_anyOf/0/cdif:takesValuesFrom/_anyOf/0/cdif:purpose	https://cdif.org/0.1/purpose	https://cross-domain-interoperability-framework.github.io/metadataBuildingBlocks/build/annotated/bbr/metadata/cdifProperties/cdifEnumerationDomain/schema.yaml
/schema:variableMeasured/cdi:takesSentinelValuesFrom/_anyOf/0/cdif:displayLabel	https://cdif.org/0.1/displayLabel	https://cross-domain-interoperability-framework.github.io/metadataBuildingBlocks/build/annotated/bbr/metadata/cdifProperties/cdifValueDomain/schema.yaml
/schema:variableMeasured/cdi:takesSentinelValuesFrom/_anyOf/0/cdif:recommendedDataType	https://cdif.org/0.1/recommendedDataType	https://cross-domain-interoperability-framework.github.io/metadataBuildingBlocks/build/annotated/bbr/metadata/cdifProperties/cdifValueDomain/schema.yaml
/schema:variableMeasured/cdi:takesSubstantiveValuesFrom		https://cross-domain-interoperability-framework.github.io/metadataBuildingBlocks/build/annotated/bbr/metadata/cdifProperties/cdifDataDescription/schema.yaml
/schema:variableMeasured/cdi:takesSubstantiveValuesFrom/_anyOf/0/cdif:takesValuesFrom	https://cdif.org/0.1/takesValuesFrom	https://cross-domain-interoperability-framework.github.io/metadataBuildingBlocks/build/annotated/bbr/metadata/cdifProperties/cdifValueDomain/schema.yaml
/schema:variableMeasured/cdi:takesSubstantiveValuesFrom/_anyOf/0/cdif:displayLabel	https://cdif.org/0.1/displayLabel	https://cross-domain-interoperability-framework.github.io/metadataBuildingBlocks/build/annotated/bbr/metadata/cdifProperties/cdifValueDomain/schema.yaml
/schema:variableMeasured/cdi:takesSubstantiveValuesFrom/_anyOf/0/cdif:recommendedDataType	https://cdif.org/0.1/recommendedDataType	https://cross-domain-interoperability-framework.github.io/metadataBuildingBlocks/build/annotated/bbr/metadata/cdifProperties/cdifValueDomain/schema.yaml
/schema:distribution/cdif:hasPhysicalMapping		https://cross-domain-interoperability-framework.github.io/metadataBuildingBlocks/build/annotated/bbr/metadata/cdifProperties/cdifDataDescription/schema.yaml
/schema:distribution/cdif:hasPhysicalMapping/cdif:index		https://cross-domain-interoperability-framework.github.io/metadataBuildingBlocks/build/annotated/bbr/metadata/cdifProperties/cdifPhysicalMapping/schema.yaml
/schema:distribution/cdif:hasPhysicalMapping/cdif:format		https://cross-domain-interoperability-framework.github.io/metadataBuildingBlocks/build/annotated/bbr/metadata/cdifProperties/cdifPhysicalMapping/schema.yaml
/schema:distribution/cdif:hasPhysicalMapping/cdif:physicalDataType		https://cross-domain-interoperability-framework.github.io/metadataBuildingBlocks/build/annotated/bbr/metadata/cdifProperties/cdifPhysicalMapping/schema.yaml
/schema:distribution/cdif:hasPhysicalMapping/cdi:length	http://ddialliance.org/Specification/DDI-CDI/1.0/RDF/length	https://cross-domain-interoperability-framework.github.io/metadataBuildingBlocks/build/annotated/bbr/metadata/cdifProperties/cdifPhysicalMapping/schema.yaml
/schema:distribution/cdif:hasPhysicalMapping/cdi:nullSequence	http://ddialliance.org/Specification/DDI-CDI/1.0/RDF/nullSequence	https://cross-domain-interoperability-framework.github.io/metadataBuildingBlocks/build/annotated/bbr/metadata/cdifProperties/cdifPhysicalMapping/schema.yaml
/schema:distribution/cdif:hasPhysicalMapping/cdi:defaultValue	http://ddialliance.org/Specification/DDI-CDI/1.0/RDF/defaultValue	https://cross-domain-interoperability-framework.github.io/metadataBuildingBlocks/build/annotated/bbr/metadata/cdifProperties/cdifPhysicalMapping/schema.yaml
/schema:distribution/cdif:hasPhysicalMapping/cdi:scale	http://ddialliance.org/Specification/DDI-CDI/1.0/RDF/scale	https://cross-domain-interoperability-framework.github.io/metadataBuildingBlocks/build/annotated/bbr/metadata/cdifProperties/cdifPhysicalMapping/schema.yaml
/schema:distribution/cdif:hasPhysicalMapping/cdi:decimalPositions	http://ddialliance.org/Specification/DDI-CDI/1.0/RDF/decimalPositions	https://cross-domain-interoperability-framework.github.io/metadataBuildingBlocks/build/annotated/bbr/metadata/cdifProperties/cdifPhysicalMapping/schema.yaml
/schema:distribution/cdif:hasPhysicalMapping/cdi:minimumLength	http://ddialliance.org/Specification/DDI-CDI/1.0/RDF/minimumLength	https://cross-domain-interoperability-framework.github.io/metadataBuildingBlocks/build/annotated/bbr/metadata/cdifProperties/cdifPhysicalMapping/schema.yaml
/schema:distribution/cdif:hasPhysicalMapping/cdi:maximumLength	http://ddialliance.org/Specification/DDI-CDI/1.0/RDF/maximumLength	https://cross-domain-interoperability-framework.github.io/metadataBuildingBlocks/build/annotated/bbr/metadata/cdifProperties/cdifPhysicalMapping/schema.yaml
/schema:distribution/cdif:hasPhysicalMapping/cdi:isRequired	http://ddialliance.org/Specification/DDI-CDI/1.0/RDF/isRequired	https://cross-domain-interoperability-framework.github.io/metadataBuildingBlocks/build/annotated/bbr/metadata/cdifProperties/cdifPhysicalMapping/schema.yaml
/schema:distribution/cdif:hasPhysicalMapping/cdif:formats_InstanceVariable		https://cross-domain-interoperability-framework.github.io/metadataBuildingBlocks/build/annotated/bbr/metadata/cdifProperties/cdifPhysicalMapping/schema.yaml
/schema:distribution/cdi:characterSet		https://cross-domain-interoperability-framework.github.io/metadataBuildingBlocks/build/annotated/bbr/metadata/cdifProperties/cdifDataDescription/schema.yaml
/schema:distribution/cdif:fileSize		https://cross-domain-interoperability-framework.github.io/metadataBuildingBlocks/build/annotated/bbr/metadata/cdifProperties/cdifDataDescription/schema.yaml
/schema:distribution/cdif:fileSizeUofM		https://cross-domain-interoperability-framework.github.io/metadataBuildingBlocks/build/annotated/bbr/metadata/cdifProperties/cdifDataDescription/schema.yaml
/schema:distribution/schema:potentialAction		https://cross-domain-interoperability-framework.github.io/metadataBuildingBlocks/build/annotated/bbr/metadata/cdifProperties/cdifDataDescription/schema.yaml
/schema:distribution/schema:potentialAction/schema:result		https://cross-domain-interoperability-framework.github.io/metadataBuildingBlocks/build/annotated/bbr/metadata/cdifProperties/cdifDataDescription/schema.yaml
/schema:distribution/schema:potentialAction/schema:result/cdif:hasPhysicalMapping		https://cross-domain-interoperability-framework.github.io/metadataBuildingBlocks/build/annotated/bbr/metadata/cdifProperties/cdifDataDescription/schema.yaml
/schema:distribution/schema:potentialAction/schema:result/cdi:characterSet		https://cross-domain-interoperability-framework.github.io/metadataBuildingBlocks/build/annotated/bbr/metadata/cdifProperties/cdifDataDescription/schema.yaml
/schema:distribution/schema:potentialAction/schema:result/cdif:fileSize		https://cross-domain-interoperability-framework.github.io/metadataBuildingBlocks/build/annotated/bbr/metadata/cdifProperties/cdifDataDescription/schema.yaml
/schema:distribution/schema:potentialAction/schema:result/cdif:fileSizeUofM		https://cross-domain-interoperability-framework.github.io/metadataBuildingBlocks/build/annotated/bbr/metadata/cdifProperties/cdifDataDescription/schema.yaml
/schema:distribution/schema:hasPart	http://schema.org/hasPart	/github/workspace/build/annotated/profiles/adaProfiles/adaToFSIMS/schema.yaml
/schema:distribution/schema:hasPart/schema:name	http://schema.org/name	https://usgin.github.io/geochemBuildingBlocks/build/annotated/geochemProperties/files/schema.yaml
/schema:distribution/schema:hasPart/schema:description	http://schema.org/description	https://usgin.github.io/geochemBuildingBlocks/build/annotated/geochemProperties/files/schema.yaml
/schema:distribution/schema:hasPart/schema:encodingFormat	http://schema.org/encodingFormat	https://usgin.github.io/geochemBuildingBlocks/build/annotated/geochemProperties/files/schema.yaml
/schema:distribution/schema:hasPart/schema:size	http://schema.org/size	https://usgin.github.io/geochemBuildingBlocks/build/annotated/geochemProperties/files/schema.yaml
/schema:distribution/schema:hasPart/schema:size/schema:value	http://schema.org/value	https://usgin.github.io/geochemBuildingBlocks/build/annotated/geochemProperties/files/schema.yaml
/schema:distribution/schema:hasPart/schema:size/schema:unitText	http://schema.org/unitText	https://usgin.github.io/geochemBuildingBlocks/build/annotated/geochemProperties/files/schema.yaml
/schema:distribution/schema:hasPart/schema:about	http://schema.org/about	https://cross-domain-interoperability-framework.github.io/metadataBuildingBlocks/build/annotated/bbr/metadata/cdifProperties/cdifArchive/schema.yaml
/schema:distribution/schema:hasPart/spdx:checksum	http://spdx.org/rdf/terms#checksum	https://usgin.github.io/geochemBuildingBlocks/build/annotated/geochemProperties/files/schema.yaml
/schema:distribution/schema:hasPart/spdx:checksum/spdx:algorithm	http://spdx.org/rdf/terms#algorithm	https://usgin.github.io/geochemBuildingBlocks/build/annotated/geochemProperties/files/schema.yaml
/schema:distribution/schema:hasPart/spdx:checksum/spdx:checksumValue	http://spdx.org/rdf/terms#checksumValue	https://usgin.github.io/geochemBuildingBlocks/build/annotated/geochemProperties/files/schema.yaml
/schema:distribution/schema:hasPart/_anyOf/0/cdif:hasPhysicalMapping		https://cross-domain-interoperability-framework.github.io/metadataBuildingBlocks/build/annotated/bbr/metadata/cdifProperties/cdifDataCube/schema.yaml
/schema:distribution/schema:hasPart/_anyOf/0/cdif:hasPhysicalMapping/cdif:locator		https://cross-domain-interoperability-framework.github.io/metadataBuildingBlocks/build/annotated/bbr/metadata/cdifProperties/cdifDataCube/schema.yaml
/schema:distribution/schema:hasPart/_anyOf/1/_oneOf/0/cdi:isDelimited	http://ddialliance.org/Specification/DDI-CDI/1.0/RDF/isDelimited	https://cross-domain-interoperability-framework.github.io/metadataBuildingBlocks/build/annotated/bbr/metadata/cdifProperties/cdifTabularData/schema.yaml
/schema:distribution/schema:hasPart/_anyOf/1/_oneOf/0/cdi:isFixedWidth	http://ddialliance.org/Specification/DDI-CDI/1.0/RDF/isFixedWidth	https://cross-domain-interoperability-framework.github.io/metadataBuildingBlocks/build/annotated/bbr/metadata/cdifProperties/cdifTabularData/schema.yaml
/schema:distribution/schema:hasPart/_anyOf/1/_oneOf/1/cdi:isDelimited	http://ddialliance.org/Specification/DDI-CDI/1.0/RDF/isDelimited	https://cross-domain-interoperability-framework.github.io/metadataBuildingBlocks/build/annotated/bbr/metadata/cdifProperties/cdifTabularData/schema.yaml
/schema:distribution/schema:hasPart/_anyOf/1/_oneOf/1/cdi:isFixedWidth	http://ddialliance.org/Specification/DDI-CDI/1.0/RDF/isFixedWidth	https://cross-domain-interoperability-framework.github.io/metadataBuildingBlocks/build/annotated/bbr/metadata/cdifProperties/cdifTabularData/schema.yaml
/schema:distribution/schema:hasPart/_anyOf/1/cdi:arrayBase	http://ddialliance.org/Specification/DDI-CDI/1.0/RDF/arrayBase	https://cross-domain-interoperability-framework.github.io/metadataBuildingBlocks/build/annotated/bbr/metadata/cdifProperties/cdifTabularData/schema.yaml
/schema:distribution/schema:hasPart/_anyOf/1/csvw:commentPrefix		https://cross-domain-interoperability-framework.github.io/metadataBuildingBlocks/build/annotated/bbr/metadata/cdifProperties/cdifTabularData/schema.yaml
/schema:distribution/schema:hasPart/_anyOf/1/csvw:delimiter		https://cross-domain-interoperability-framework.github.io/metadataBuildingBlocks/build/annotated/bbr/metadata/cdifProperties/cdifTabularData/schema.yaml
/schema:distribution/schema:hasPart/_anyOf/1/csvw:header		https://cross-domain-interoperability-framework.github.io/metadataBuildingBlocks/build/annotated/bbr/metadata/cdifProperties/cdifTabularData/schema.yaml
/schema:distribution/schema:hasPart/_anyOf/1/csvw:headerRowCount		https://cross-domain-interoperability-framework.github.io/metadataBuildingBlocks/build/annotated/bbr/metadata/cdifProperties/cdifTabularData/schema.yaml
/schema:distribution/schema:hasPart/_anyOf/1/cdi:isDelimited	http://ddialliance.org/Specification/DDI-CDI/1.0/RDF/isDelimited	https://cross-domain-interoperability-framework.github.io/metadataBuildingBlocks/build/annotated/bbr/metadata/cdifProperties/cdifTabularData/schema.yaml
/schema:distribution/schema:hasPart/_anyOf/1/cdi:isFixedWidth	http://ddialliance.org/Specification/DDI-CDI/1.0/RDF/isFixedWidth	https://cross-domain-interoperability-framework.github.io/metadataBuildingBlocks/build/annotated/bbr/metadata/cdifProperties/cdifTabularData/schema.yaml
/schema:distribution/schema:hasPart/_anyOf/1/csvw:lineTerminators		https://cross-domain-interoperability-framework.github.io/metadataBuildingBlocks/build/annotated/bbr/metadata/cdifProperties/cdifTabularData/schema.yaml
/schema:distribution/schema:hasPart/_anyOf/1/csvw:quoteChar		https://cross-domain-interoperability-framework.github.io/metadataBuildingBlocks/build/annotated/bbr/metadata/cdifProperties/cdifTabularData/schema.yaml
/schema:distribution/schema:hasPart/_anyOf/1/csvw:skipBlankRows		https://cross-domain-interoperability-framework.github.io/metadataBuildingBlocks/build/annotated/bbr/metadata/cdifProperties/cdifTabularData/schema.yaml
/schema:distribution/schema:hasPart/_anyOf/1/csvw:skipColumns		https://cross-domain-interoperability-framework.github.io/metadataBuildingBlocks/build/annotated/bbr/metadata/cdifProperties/cdifTabularData/schema.yaml
/schema:distribution/schema:hasPart/_anyOf/1/csvw:skipInitialSpace		https://cross-domain-interoperability-framework.github.io/metadataBuildingBlocks/build/annotated/bbr/metadata/cdifProperties/cdifTabularData/schema.yaml
/schema:distribution/schema:hasPart/_anyOf/1/csvw:skipRows		https://cross-domain-interoperability-framework.github.io/metadataBuildingBlocks/build/annotated/bbr/metadata/cdifProperties/cdifTabularData/schema.yaml
/schema:distribution/schema:hasPart/_anyOf/1/cdi:escapeCharacter	http://ddialliance.org/Specification/DDI-CDI/1.0/RDF/escapeCharacter	https://cross-domain-interoperability-framework.github.io/metadataBuildingBlocks/build/annotated/bbr/metadata/cdifProperties/cdifTabularData/schema.yaml
/schema:distribution/schema:hasPart/_anyOf/1/cdi:headerIsCaseSensitive	http://ddialliance.org/Specification/DDI-CDI/1.0/RDF/headerIsCaseSensitive	https://cross-domain-interoperability-framework.github.io/metadataBuildingBlocks/build/annotated/bbr/metadata/cdifProperties/cdifTabularData/schema.yaml
/schema:distribution/schema:hasPart/_anyOf/1/cdi:treatConsecutiveDelimitersAsOne	http://ddialliance.org/Specification/DDI-CDI/1.0/RDF/treatConsecutiveDelimitersAsOne	https://cross-domain-interoperability-framework.github.io/metadataBuildingBlocks/build/annotated/bbr/metadata/cdifProperties/cdifTabularData/schema.yaml
/schema:distribution/schema:hasPart/_anyOf/1/csvw:tableDirection		https://cross-domain-interoperability-framework.github.io/metadataBuildingBlocks/build/annotated/bbr/metadata/cdifProperties/cdifTabularData/schema.yaml
/schema:distribution/schema:hasPart/_anyOf/1/csvw:textDirection		https://cross-domain-interoperability-framework.github.io/metadataBuildingBlocks/build/annotated/bbr/metadata/cdifProperties/cdifTabularData/schema.yaml
/schema:distribution/schema:hasPart/_anyOf/1/csvw:trim		https://cross-domain-interoperability-framework.github.io/metadataBuildingBlocks/build/annotated/bbr/metadata/cdifProperties/cdifTabularData/schema.yaml
/schema:distribution/schema:hasPart/_anyOf/1/cdif:hasPhysicalMapping		https://cross-domain-interoperability-framework.github.io/metadataBuildingBlocks/build/annotated/bbr/metadata/cdifProperties/cdifTabularData/schema.yaml
/schema:distribution/schema:hasPart/_anyOf/1/countRows		https://cross-domain-interoperability-framework.github.io/metadataBuildingBlocks/build/annotated/bbr/metadata/cdifProperties/cdifTabularData/schema.yaml
/schema:distribution/schema:hasPart/_anyOf/1/countColumns		https://cross-domain-interoperability-framework.github.io/metadataBuildingBlocks/build/annotated/bbr/metadata/cdifProperties/cdifTabularData/schema.yaml
/prov:wasGeneratedBy/prov:used/_anyOf/2/schema:instrument	http://schema.org/instrument	https://cross-domain-interoperability-framework.github.io/metadataBuildingBlocks/build/annotated/bbr/metadata/cdifProperties/cdifProvActivity/schema.yaml
/prov:wasGeneratedBy/prov:used/_anyOf/2/schema:instrument/schema:additionalType	http://schema.org/additionalType	https://cross-domain-interoperability-framework.github.io/metadataBuildingBlocks/build/annotated/bbr/metadata/schemaorgProperties/instrument/schema.yaml
/prov:wasGeneratedBy/prov:used/_anyOf/2/schema:instrument/schema:name	http://schema.org/name	https://cross-domain-interoperability-framework.github.io/metadataBuildingBlocks/build/annotated/bbr/metadata/schemaorgProperties/instrument/schema.yaml
/prov:wasGeneratedBy/prov:used/_anyOf/2/schema:instrument/schema:description	http://schema.org/description	https://cross-domain-interoperability-framework.github.io/metadataBuildingBlocks/build/annotated/bbr/metadata/schemaorgProperties/instrument/schema.yaml
/prov:wasGeneratedBy/prov:used/_anyOf/2/schema:instrument/schema:alternateName	http://schema.org/alternateName	https://cross-domain-interoperability-framework.github.io/metadataBuildingBlocks/build/annotated/bbr/metadata/schemaorgProperties/instrument/schema.yaml
/prov:wasGeneratedBy/prov:used/_anyOf/2/schema:instrument/schema:identifier	http://schema.org/identifier	https://cross-domain-interoperability-framework.github.io/metadataBuildingBlocks/build/annotated/bbr/metadata/schemaorgProperties/instrument/schema.yaml
/prov:wasGeneratedBy/prov:used/_anyOf/2/schema:instrument/schema:url	http://schema.org/url	https://cross-domain-interoperability-framework.github.io/metadataBuildingBlocks/build/annotated/bbr/metadata/schemaorgProperties/instrument/schema.yaml
/prov:wasGeneratedBy/prov:used/_anyOf/2/schema:instrument/schema:manufacturer	http://schema.org/manufacturer	https://cross-domain-interoperability-framework.github.io/metadataBuildingBlocks/build/annotated/bbr/metadata/schemaorgProperties/instrument/schema.yaml
/prov:wasGeneratedBy/prov:used/_anyOf/2/schema:instrument/schema:model	http://schema.org/model	https://cross-domain-interoperability-framework.github.io/metadataBuildingBlocks/build/annotated/bbr/metadata/schemaorgProperties/instrument/schema.yaml
/prov:wasGeneratedBy/prov:used/_anyOf/2/schema:instrument/schema:model/schema:name	http://schema.org/name	https://cross-domain-interoperability-framework.github.io/metadataBuildingBlocks/build/annotated/bbr/metadata/schemaorgProperties/instrument/schema.yaml
/prov:wasGeneratedBy/prov:used/_anyOf/2/schema:instrument/schema:model/schema:identifier	http://schema.org/identifier	https://cross-domain-interoperability-framework.github.io/metadataBuildingBlocks/build/annotated/bbr/metadata/schemaorgProperties/instrument/schema.yaml
/prov:wasGeneratedBy/prov:used/_anyOf/2/schema:instrument/schema:category	http://schema.org/category	https://cross-domain-interoperability-framework.github.io/metadataBuildingBlocks/build/annotated/bbr/metadata/schemaorgProperties/instrument/schema.yaml
/prov:wasGeneratedBy/prov:used/_anyOf/2/schema:instrument/schema:owner	http://schema.org/owner	https://cross-domain-interoperability-framework.github.io/metadataBuildingBlocks/build/annotated/bbr/metadata/schemaorgProperties/instrument/schema.yaml
/prov:wasGeneratedBy/prov:used/_anyOf/2/schema:instrument/schema:contributor	http://schema.org/contributor	https://cross-domain-interoperability-framework.github.io/metadataBuildingBlocks/build/annotated/bbr/metadata/schemaorgProperties/instrument/schema.yaml
/prov:wasGeneratedBy/prov:used/_anyOf/2/schema:instrument/schema:additionalProperty	http://schema.org/additionalProperty	https://cross-domain-interoperability-framework.github.io/metadataBuildingBlocks/build/annotated/bbr/metadata/schemaorgProperties/instrument/schema.yaml
/prov:wasGeneratedBy/prov:used/_anyOf/2/schema:instrument/schema:additionalProperty/schema:propertyID	http://schema.org/propertyID	https://cross-domain-interoperability-framework.github.io/metadataBuildingBlocks/build/annotated/bbr/metadata/schemaorgProperties/additionalProperty/schema.yaml
/prov:wasGeneratedBy/prov:used/_anyOf/2/schema:instrument/schema:additionalProperty/schema:name	http://schema.org/name	https://cross-domain-interoperability-framework.github.io/metadataBuildingBlocks/build/annotated/bbr/metadata/schemaorgProperties/additionalProperty/schema.yaml
/prov:wasGeneratedBy/prov:used/_anyOf/2/schema:instrument/schema:additionalProperty/schema:value	http://schema.org/value	https://cross-domain-interoperability-framework.github.io/metadataBuildingBlocks/build/annotated/bbr/metadata/schemaorgProperties/additionalProperty/schema.yaml
/prov:wasGeneratedBy/prov:used/_anyOf/2/schema:instrument/schema:additionalProperty/schema:unitCode	http://schema.org/unitCode	https://cross-domain-interoperability-framework.github.io/metadataBuildingBlocks/build/annotated/bbr/metadata/schemaorgProperties/additionalProperty/schema.yaml
/prov:wasGeneratedBy/prov:used/_anyOf/2/schema:instrument/schema:additionalProperty/schema:unitText	http://schema.org/unitText	https://cross-domain-interoperability-framework.github.io/metadataBuildingBlocks/build/annotated/bbr/metadata/schemaorgProperties/additionalProperty/schema.yaml
/prov:wasGeneratedBy/prov:used/_anyOf/2/schema:instrument/schema:validFrom	http://schema.org/validFrom	https://cross-domain-interoperability-framework.github.io/metadataBuildingBlocks/build/annotated/bbr/metadata/schemaorgProperties/instrument/schema.yaml
/prov:wasGeneratedBy/prov:used/_anyOf/2/schema:instrument/schema:validThrough	http://schema.org/validThrough	https://cross-domain-interoperability-framework.github.io/metadataBuildingBlocks/build/annotated/bbr/metadata/schemaorgProperties/instrument/schema.yaml
/prov:wasGeneratedBy/prov:used/_anyOf/2/schema:instrument/schema:hasPart	http://schema.org/hasPart	https://cross-domain-interoperability-framework.github.io/metadataBuildingBlocks/build/annotated/bbr/metadata/schemaorgProperties/instrument/schema.yaml
/prov:wasGeneratedBy/prov:used/_anyOf/2/schema:instrument/schema:hasPart/_anyOf/0/schema:name	http://schema.org/name	https://cross-domain-interoperability-framework.github.io/metadataBuildingBlocks/build/annotated/bbr/metadata/schemaorgProperties/instrument/schema.yaml
/prov:wasGeneratedBy/prov:used/_anyOf/2/schema:instrument/schema:hasPart/_anyOf/0/schema:description	http://schema.org/description	https://cross-domain-interoperability-framework.github.io/metadataBuildingBlocks/build/annotated/bbr/metadata/schemaorgProperties/instrument/schema.yaml
/prov:wasGeneratedBy/prov:used/_anyOf/2/schema:instrument/schema:hasPart/_anyOf/0/schema:alternateName	http://schema.org/alternateName	https://cross-domain-interoperability-framework.github.io/metadataBuildingBlocks/build/annotated/bbr/metadata/schemaorgProperties/instrument/schema.yaml
/prov:wasGeneratedBy/prov:used/_anyOf/2/schema:instrument/schema:hasPart/_anyOf/0/schema:identifier	http://schema.org/identifier	https://cross-domain-interoperability-framework.github.io/metadataBuildingBlocks/build/annotated/bbr/metadata/schemaorgProperties/instrument/schema.yaml
/prov:wasGeneratedBy/prov:used/_anyOf/2/schema:instrument/schema:hasPart/_anyOf/0/schema:additionalType	http://schema.org/additionalType	https://cross-domain-interoperability-framework.github.io/metadataBuildingBlocks/build/annotated/bbr/metadata/schemaorgProperties/instrument/schema.yaml
/prov:wasGeneratedBy/prov:used/_anyOf/2/schema:instrument/schema:hasPart/_anyOf/0/schema:additionalProperty	http://schema.org/additionalProperty	https://cross-domain-interoperability-framework.github.io/metadataBuildingBlocks/build/annotated/bbr/metadata/schemaorgProperties/instrument/schema.yaml
/prov:wasGeneratedBy/prov:used/_anyOf/2/schema:instrument/schema:hasPart/_anyOf/0/schema:manufacturer	http://schema.org/manufacturer	https://cross-domain-interoperability-framework.github.io/metadataBuildingBlocks/build/annotated/bbr/metadata/schemaorgProperties/instrument/schema.yaml
/prov:wasGeneratedBy/prov:used/_anyOf/2/schema:instrument/schema:hasPart/_anyOf/0/schema:model	http://schema.org/model	https://cross-domain-interoperability-framework.github.io/metadataBuildingBlocks/build/annotated/bbr/metadata/schemaorgProperties/instrument/schema.yaml
/prov:wasGeneratedBy/prov:used/_anyOf/2/schema:instrument/schema:hasPart/_anyOf/0/schema:model/schema:name	http://schema.org/name	https://cross-domain-interoperability-framework.github.io/metadataBuildingBlocks/build/annotated/bbr/metadata/schemaorgProperties/instrument/schema.yaml
/prov:wasGeneratedBy/prov:used/_anyOf/2/schema:instrument/schema:hasPart/_anyOf/0/schema:model/schema:identifier	http://schema.org/identifier	https://cross-domain-interoperability-framework.github.io/metadataBuildingBlocks/build/annotated/bbr/metadata/schemaorgProperties/instrument/schema.yaml
/prov:wasGeneratedBy/prov:used/_anyOf/2/schema:instrument/schema:relatedLink	http://schema.org/relatedLink	https://cross-domain-interoperability-framework.github.io/metadataBuildingBlocks/build/annotated/bbr/metadata/schemaorgProperties/instrument/schema.yaml
/prov:wasGeneratedBy/prov:used/_anyOf/2/schema:instrument/schema:subjectOf	http://schema.org/subjectOf	https://cross-domain-interoperability-framework.github.io/metadataBuildingBlocks/build/annotated/bbr/metadata/schemaorgProperties/instrument/schema.yaml
/prov:wasGeneratedBy/prov:used/_anyOf/2/schema:instrument/schema:subjectOf/schema:dateModified	http://schema.org/dateModified	https://cross-domain-interoperability-framework.github.io/metadataBuildingBlocks/build/annotated/bbr/metadata/schemaorgProperties/instrument/schema.yaml
/prov:wasGeneratedBy/prov:used/_anyOf/2/schema:instrument/schema:subjectOf/schema:about	http://schema.org/about	https://cross-domain-interoperability-framework.github.io/metadataBuildingBlocks/build/annotated/bbr/metadata/schemaorgProperties/instrument/schema.yaml
/prov:wasGeneratedBy/prov:used/_anyOf/2/schema:instrument/schema:subjectOf/dcterms:conformsTo		https://cross-domain-interoperability-framework.github.io/metadataBuildingBlocks/build/annotated/bbr/metadata/schemaorgProperties/instrument/schema.yaml
/prov:wasGeneratedBy/schema:name	http://schema.org/name	https://cross-domain-interoperability-framework.github.io/metadataBuildingBlocks/build/annotated/bbr/metadata/cdifProperties/cdifProvActivity/schema.yaml
/prov:wasGeneratedBy/schema:description	http://schema.org/description	https://cross-domain-interoperability-framework.github.io/metadataBuildingBlocks/build/annotated/bbr/metadata/cdifProperties/cdifProvActivity/schema.yaml
/prov:wasGeneratedBy/schema:identifier	http://schema.org/identifier	https://cross-domain-interoperability-framework.github.io/metadataBuildingBlocks/build/annotated/bbr/metadata/cdifProperties/cdifProvActivity/schema.yaml
/prov:wasGeneratedBy/schema:agent	http://schema.org/agent	https://cross-domain-interoperability-framework.github.io/metadataBuildingBlocks/build/annotated/bbr/metadata/cdifProperties/cdifProvActivity/schema.yaml
/prov:wasGeneratedBy/schema:participant	http://schema.org/participant	https://cross-domain-interoperability-framework.github.io/metadataBuildingBlocks/build/annotated/bbr/metadata/cdifProperties/cdifProvActivity/schema.yaml
/prov:wasGeneratedBy/schema:object	http://schema.org/object	https://usgin.github.io/geochemBuildingBlocks/build/annotated/profiles/adaProfiles/adaProduct/schema.yaml
/prov:wasGeneratedBy/schema:result	http://schema.org/result	https://cross-domain-interoperability-framework.github.io/metadataBuildingBlocks/build/annotated/bbr/metadata/cdifProperties/cdifProvActivity/schema.yaml
/prov:wasGeneratedBy/schema:actionStatus	http://schema.org/actionStatus	https://cross-domain-interoperability-framework.github.io/metadataBuildingBlocks/build/annotated/bbr/metadata/cdifProperties/cdifProvActivity/schema.yaml
/prov:wasGeneratedBy/schema:startTime	http://schema.org/startTime	https://cross-domain-interoperability-framework.github.io/metadataBuildingBlocks/build/annotated/bbr/metadata/cdifProperties/cdifProvActivity/schema.yaml
/prov:wasGeneratedBy/schema:endTime	http://schema.org/endTime	https://cross-domain-interoperability-framework.github.io/metadataBuildingBlocks/build/annotated/bbr/metadata/cdifProperties/cdifProvActivity/schema.yaml
/prov:wasGeneratedBy/schema:location	http://schema.org/location	https://usgin.github.io/geochemBuildingBlocks/build/annotated/profiles/adaProfiles/adaProduct/schema.yaml
/prov:wasGeneratedBy/schema:location/_anyOf/0/schema:additionalType	http://schema.org/additionalType	https://cross-domain-interoperability-framework.github.io/metadataBuildingBlocks/build/annotated/bbr/metadata/schemaorgProperties/spatialExtent/schema.yaml
/prov:wasGeneratedBy/schema:location/_anyOf/0/schema:name	http://schema.org/name	https://cross-domain-interoperability-framework.github.io/metadataBuildingBlocks/build/annotated/bbr/metadata/schemaorgProperties/spatialExtent/schema.yaml
/prov:wasGeneratedBy/schema:location/_anyOf/0/schema:identifier	http://schema.org/identifier	https://cross-domain-interoperability-framework.github.io/metadataBuildingBlocks/build/annotated/bbr/metadata/schemaorgProperties/spatialExtent/schema.yaml
/prov:wasGeneratedBy/schema:location/_anyOf/0/schema:alternateName	http://schema.org/alternateName	https://cross-domain-interoperability-framework.github.io/metadataBuildingBlocks/build/annotated/bbr/metadata/schemaorgProperties/spatialExtent/schema.yaml
/prov:wasGeneratedBy/schema:location/_anyOf/0/schema:geo	http://schema.org/geo	https://cross-domain-interoperability-framework.github.io/metadataBuildingBlocks/build/annotated/bbr/metadata/schemaorgProperties/spatialExtent/schema.yaml
/prov:wasGeneratedBy/schema:location/_anyOf/0/schema:geo/_anyOf/0/schema:latitude	http://schema.org/latitude	https://cross-domain-interoperability-framework.github.io/metadataBuildingBlocks/build/annotated/bbr/metadata/schemaorgProperties/spatialExtent/schema.yaml
/prov:wasGeneratedBy/schema:location/_anyOf/0/schema:geo/_anyOf/0/schema:longitude	http://schema.org/longitude	https://cross-domain-interoperability-framework.github.io/metadataBuildingBlocks/build/annotated/bbr/metadata/schemaorgProperties/spatialExtent/schema.yaml
/prov:wasGeneratedBy/schema:location/_anyOf/0/schema:geo/_anyOf/1/schema:box	http://schema.org/box	https://cross-domain-interoperability-framework.github.io/metadataBuildingBlocks/build/annotated/bbr/metadata/schemaorgProperties/spatialExtent/schema.yaml
/prov:wasGeneratedBy/schema:location/_anyOf/0/schema:geo/_anyOf/2/schema:line	http://schema.org/line	https://cross-domain-interoperability-framework.github.io/metadataBuildingBlocks/build/annotated/bbr/metadata/schemaorgProperties/spatialExtent/schema.yaml
/prov:wasGeneratedBy/schema:location/_anyOf/0/geosparql:hasGeometry		https://cross-domain-interoperability-framework.github.io/metadataBuildingBlocks/build/annotated/bbr/metadata/schemaorgProperties/spatialExtent/schema.yaml
/prov:wasGeneratedBy/schema:location/_anyOf/0/geosparql:hasGeometry/geosparql:asWKT		https://cross-domain-interoperability-framework.github.io/metadataBuildingBlocks/build/annotated/bbr/metadata/schemaorgProperties/spatialExtent/schema.yaml
/prov:wasGeneratedBy/schema:location/_anyOf/0/geosparql:hasGeometry/geosparql:crs		https://cross-domain-interoperability-framework.github.io/metadataBuildingBlocks/build/annotated/bbr/metadata/schemaorgProperties/spatialExtent/schema.yaml
/prov:wasGeneratedBy/schema:actionProcess	http://schema.org/actionProcess	https://cross-domain-interoperability-framework.github.io/metadataBuildingBlocks/build/annotated/bbr/metadata/cdifProperties/cdifProvActivity/schema.yaml
/prov:wasGeneratedBy/schema:actionProcess/_anyOf/0/schema:name	http://schema.org/name	https://cross-domain-interoperability-framework.github.io/metadataBuildingBlocks/build/annotated/bbr/metadata/cdifProperties/cdifProvActivity/schema.yaml
/prov:wasGeneratedBy/schema:actionProcess/_anyOf/0/schema:description	http://schema.org/description	https://cross-domain-interoperability-framework.github.io/metadataBuildingBlocks/build/annotated/bbr/metadata/cdifProperties/cdifProvActivity/schema.yaml
/prov:wasGeneratedBy/schema:actionProcess/_anyOf/0/schema:url	http://schema.org/url	https://cross-domain-interoperability-framework.github.io/metadataBuildingBlocks/build/annotated/bbr/metadata/cdifProperties/cdifProvActivity/schema.yaml
/prov:wasGeneratedBy/schema:actionProcess/_anyOf/0/schema:step	http://schema.org/step	https://cross-domain-interoperability-framework.github.io/metadataBuildingBlocks/build/annotated/bbr/metadata/cdifProperties/cdifProvActivity/schema.yaml
/prov:wasGeneratedBy/schema:actionProcess/_anyOf/0/schema:step/schema:name	http://schema.org/name	https://cross-domain-interoperability-framework.github.io/metadataBuildingBlocks/build/annotated/bbr/metadata/cdifProperties/cdifProvActivity/schema.yaml
/prov:wasGeneratedBy/schema:actionProcess/_anyOf/0/schema:step/schema:description	http://schema.org/description	https://cross-domain-interoperability-framework.github.io/metadataBuildingBlocks/build/annotated/bbr/metadata/cdifProperties/cdifProvActivity/schema.yaml
/prov:wasGeneratedBy/schema:actionProcess/_anyOf/0/schema:step/schema:url	http://schema.org/url	https://cross-domain-interoperability-framework.github.io/metadataBuildingBlocks/build/annotated/bbr/metadata/cdifProperties/cdifProvActivity/schema.yaml
/prov:wasGeneratedBy/schema:actionProcess/_anyOf/0/schema:step/schema:position	http://schema.org/position	https://cross-domain-interoperability-framework.github.io/metadataBuildingBlocks/build/annotated/bbr/metadata/cdifProperties/cdifProvActivity/schema.yaml
/prov:wasGeneratedBy/schema:error	http://schema.org/error	https://cross-domain-interoperability-framework.github.io/metadataBuildingBlocks/build/annotated/bbr/metadata/cdifProperties/cdifProvActivity/schema.yaml
/prov:wasGeneratedBy/schema:additionalProperty	http://schema.org/additionalProperty	https://cross-domain-interoperability-framework.github.io/metadataBuildingBlocks/build/annotated/bbr/metadata/cdifProperties/cdifProvActivity/schema.yaml
/submissionType		https://usgin.github.io/geochemBuildingBlocks/build/annotated/profiles/adaProfiles/adaProduct/schema.yaml
/schema:license/_anyOf/1/schema:name	http://schema.org/name	https://usgin.github.io/geochemBuildingBlocks/build/annotated/geochemProperties/creativeWork/schema.yaml
/schema:license/_anyOf/1/schema:description	http://schema.org/description	https://usgin.github.io/geochemBuildingBlocks/build/annotated/geochemProperties/creativeWork/schema.yaml
/schema:license/_anyOf/1/schema:url	http://schema.org/url	https://usgin.github.io/geochemBuildingBlocks/build/annotated/geochemProperties/creativeWork/schema.yaml
/schema:creativeWorkStatus	http://schema.org/creativeWorkStatus	https://usgin.github.io/geochemBuildingBlocks/build/annotated/profiles/adaProfiles/adaProduct/schema.yaml
/schema:measurementTechnique	http://schema.org/measurementTechnique	https://usgin.github.io/geochemBuildingBlocks/build/annotated/profiles/adaProfiles/adaProduct/schema.yaml
/schema:measurementTechnique/schema:name	http://schema.org/name	https://usgin.github.io/geochemBuildingBlocks/build/annotated/profiles/adaProfiles/adaProduct/schema.yaml
/schema:measurementTechnique/schema:identifier	http://schema.org/identifier	https://usgin.github.io/geochemBuildingBlocks/build/annotated/profiles/adaProfiles/adaProduct/schema.yaml
/prov:wasGeneratedBy/prov:used/_anyOf/0/schema:additionalType	http://schema.org/additionalType	https://usgin.github.io/geochemBuildingBlocks/build/annotated/geochemProperties/instrument/schema.yaml
/prov:wasGeneratedBy/prov:used/_anyOf/1/schema:name	http://schema.org/name	https://usgin.github.io/geochemBuildingBlocks/build/annotated/techniqueProtocols/tappDefinition/schema.yaml
/prov:wasGeneratedBy/prov:used/_anyOf/1/schema:identifier	http://schema.org/identifier	https://usgin.github.io/geochemBuildingBlocks/build/annotated/techniqueProtocols/tappDefinition/schema.yaml
/prov:wasGeneratedBy/prov:used/_anyOf/1/schema:description	http://schema.org/description	https://usgin.github.io/geochemBuildingBlocks/build/annotated/techniqueProtocols/tappDefinition/schema.yaml
/prov:wasGeneratedBy/prov:used/_anyOf/1/schema:version	http://schema.org/version	https://usgin.github.io/geochemBuildingBlocks/build/annotated/techniqueProtocols/tappDefinition/schema.yaml
/prov:wasGeneratedBy/prov:used/_anyOf/1/schema:datePublished	http://schema.org/datePublished	https://usgin.github.io/geochemBuildingBlocks/build/annotated/techniqueProtocols/tappDefinition/schema.yaml
/prov:wasGeneratedBy/prov:used/_anyOf/1/schema:dateModified	http://schema.org/dateModified	https://usgin.github.io/geochemBuildingBlocks/build/annotated/techniqueProtocols/tappDefinition/schema.yaml
/prov:wasGeneratedBy/prov:used/_anyOf/1/schema:additionalType	http://schema.org/additionalType	https://usgin.github.io/geochemBuildingBlocks/build/annotated/techniqueProtocols/tappDefinition/schema.yaml
/prov:wasGeneratedBy/prov:used/_anyOf/1/schema:measurementTechnique	http://schema.org/measurementTechnique	https://usgin.github.io/geochemBuildingBlocks/build/annotated/techniqueProtocols/tappDefinition/schema.yaml
/prov:wasGeneratedBy/prov:used/_anyOf/1/schema:object	http://schema.org/object	https://usgin.github.io/geochemBuildingBlocks/build/annotated/techniqueProtocols/tappDefinition/schema.yaml
/prov:wasGeneratedBy/prov:used/_anyOf/1/schema:instrument	http://schema.org/instrument	https://usgin.github.io/geochemBuildingBlocks/build/annotated/techniqueProtocols/tappDefinition/schema.yaml
/prov:wasGeneratedBy/prov:used/_anyOf/1/bios:computationalTool	https://bioschemas.org/computationalTool	https://usgin.github.io/geochemBuildingBlocks/build/annotated/techniqueProtocols/tappDefinition/schema.yaml
/prov:wasGeneratedBy/prov:used/_anyOf/1/bios:computationalTool/schema:name	http://schema.org/name	https://usgin.github.io/geochemBuildingBlocks/build/annotated/techniqueProtocols/tappDefinition/schema.yaml
/prov:wasGeneratedBy/prov:used/_anyOf/1/bios:computationalTool/schema:version	http://schema.org/version	https://usgin.github.io/geochemBuildingBlocks/build/annotated/techniqueProtocols/tappDefinition/schema.yaml
/prov:wasGeneratedBy/prov:used/_anyOf/1/bios:computationalTool/schema:description	http://schema.org/description	https://usgin.github.io/geochemBuildingBlocks/build/annotated/techniqueProtocols/tappDefinition/schema.yaml
/prov:wasGeneratedBy/prov:used/_anyOf/1/bios:computationalTool/schema:url	http://schema.org/url	https://usgin.github.io/geochemBuildingBlocks/build/annotated/techniqueProtocols/tappDefinition/schema.yaml
/prov:wasGeneratedBy/prov:used/_anyOf/1/bios:computationalTool/ada:toolRole	https://ada.astromat.org/metadata/toolRole	https://usgin.github.io/geochemBuildingBlocks/build/annotated/techniqueProtocols/tappDefinition/schema.yaml
/prov:wasGeneratedBy/prov:used/_anyOf/1/bios:reagent	https://bioschemas.org/reagent	https://usgin.github.io/geochemBuildingBlocks/build/annotated/techniqueProtocols/tappDefinition/schema.yaml
/prov:wasGeneratedBy/prov:used/_anyOf/1/bios:reagent/schema:name	http://schema.org/name	https://usgin.github.io/geochemBuildingBlocks/build/annotated/techniqueProtocols/tappDefinition/schema.yaml
/prov:wasGeneratedBy/prov:used/_anyOf/1/bios:reagent/schema:description	http://schema.org/description	https://usgin.github.io/geochemBuildingBlocks/build/annotated/techniqueProtocols/tappDefinition/schema.yaml
/prov:wasGeneratedBy/prov:used/_anyOf/1/bios:reagent/schema:identifier	http://schema.org/identifier	https://usgin.github.io/geochemBuildingBlocks/build/annotated/techniqueProtocols/tappDefinition/schema.yaml
/prov:wasGeneratedBy/prov:used/_anyOf/1/bios:reagent/schema:identifier/_anyOf/1/schema:propertyID	http://schema.org/propertyID	https://usgin.github.io/geochemBuildingBlocks/build/annotated/techniqueProtocols/tappDefinition/schema.yaml
/prov:wasGeneratedBy/prov:used/_anyOf/1/bios:reagent/schema:identifier/_anyOf/1/schema:value	http://schema.org/value	https://usgin.github.io/geochemBuildingBlocks/build/annotated/techniqueProtocols/tappDefinition/schema.yaml
/prov:wasGeneratedBy/prov:used/_anyOf/1/bios:reagent/ada:reagentRole	https://ada.astromat.org/metadata/reagentRole	https://usgin.github.io/geochemBuildingBlocks/build/annotated/techniqueProtocols/tappDefinition/schema.yaml
/prov:wasGeneratedBy/prov:used/_anyOf/1/bios:reagent/schema:citation	http://schema.org/citation	https://usgin.github.io/geochemBuildingBlocks/build/annotated/techniqueProtocols/tappDefinition/schema.yaml
/prov:wasGeneratedBy/prov:used/_anyOf/1/bios:reagent/schema:citation/_anyOf/1/schema:name	http://schema.org/name	https://usgin.github.io/geochemBuildingBlocks/build/annotated/techniqueProtocols/tappDefinition/schema.yaml
/prov:wasGeneratedBy/prov:used/_anyOf/1/bios:reagent/schema:citation/_anyOf/1/schema:url	http://schema.org/url	https://usgin.github.io/geochemBuildingBlocks/build/annotated/techniqueProtocols/tappDefinition/schema.yaml
/prov:wasGeneratedBy/prov:used/_anyOf/1/schema:location	http://schema.org/location	https://usgin.github.io/geochemBuildingBlocks/build/annotated/techniqueProtocols/tappDefinition/schema.yaml
/prov:wasGeneratedBy/prov:used/_anyOf/1/schema:location/schema:additionalType	http://schema.org/additionalType	https://usgin.github.io/geochemBuildingBlocks/build/annotated/geochemProperties/laboratory/schema.yaml
/prov:wasGeneratedBy/prov:used/_anyOf/1/schema:creator	http://schema.org/creator	https://usgin.github.io/geochemBuildingBlocks/build/annotated/techniqueProtocols/tappDefinition/schema.yaml
/prov:wasGeneratedBy/prov:used/_anyOf/1/schema:actionProcess	http://schema.org/actionProcess	https://usgin.github.io/geochemBuildingBlocks/build/annotated/techniqueProtocols/tappDefinition/schema.yaml
/prov:wasGeneratedBy/prov:used/_anyOf/1/schema:actionProcess/schema:name	http://schema.org/name	https://usgin.github.io/geochemBuildingBlocks/build/annotated/techniqueProtocols/tappDefinition/schema.yaml
/prov:wasGeneratedBy/prov:used/_anyOf/1/schema:actionProcess/schema:description	http://schema.org/description	https://usgin.github.io/geochemBuildingBlocks/build/annotated/techniqueProtocols/tappDefinition/schema.yaml
/prov:wasGeneratedBy/prov:used/_anyOf/1/schema:actionProcess/schema:url	http://schema.org/url	https://usgin.github.io/geochemBuildingBlocks/build/annotated/techniqueProtocols/tappDefinition/schema.yaml
/prov:wasGeneratedBy/prov:used/_anyOf/1/schema:actionProcess/schema:step	http://schema.org/step	https://usgin.github.io/geochemBuildingBlocks/build/annotated/techniqueProtocols/tappDefinition/schema.yaml
/prov:wasGeneratedBy/prov:used/_anyOf/1/schema:actionProcess/schema:step/schema:name	http://schema.org/name	https://usgin.github.io/geochemBuildingBlocks/build/annotated/techniqueProtocols/tappDefinition/schema.yaml
/prov:wasGeneratedBy/prov:used/_anyOf/1/schema:actionProcess/schema:step/schema:description	http://schema.org/description	https://usgin.github.io/geochemBuildingBlocks/build/annotated/techniqueProtocols/tappDefinition/schema.yaml
/prov:wasGeneratedBy/prov:used/_anyOf/1/schema:actionProcess/schema:step/schema:position	http://schema.org/position	https://usgin.github.io/geochemBuildingBlocks/build/annotated/techniqueProtocols/tappDefinition/schema.yaml
/prov:wasGeneratedBy/prov:used/_anyOf/1/schema:actionProcess/schema:step/schema:additionalType	http://schema.org/additionalType	https://usgin.github.io/geochemBuildingBlocks/build/annotated/techniqueProtocols/tappDefinition/schema.yaml
/prov:wasGeneratedBy/prov:used/_anyOf/1/schema:actionProcess/schema:step/schema:instrument	http://schema.org/instrument	https://usgin.github.io/geochemBuildingBlocks/build/annotated/techniqueProtocols/tappDefinition/schema.yaml
/prov:wasGeneratedBy/prov:used/_anyOf/1/schema:actionProcess/schema:step/bios:computationalTool	https://bioschemas.org/computationalTool	https://usgin.github.io/geochemBuildingBlocks/build/annotated/techniqueProtocols/tappDefinition/schema.yaml
/prov:wasGeneratedBy/prov:used/_anyOf/1/schema:actionProcess/schema:step/bios:reagent	https://bioschemas.org/reagent	https://usgin.github.io/geochemBuildingBlocks/build/annotated/techniqueProtocols/tappDefinition/schema.yaml
/prov:wasGeneratedBy/prov:used/_anyOf/1/schema:actionProcess/schema:step/prov:used	http://www.w3.org/ns/prov#used	https://usgin.github.io/geochemBuildingBlocks/build/annotated/techniqueProtocols/tappDefinition/schema.yaml
/prov:wasGeneratedBy/prov:used/_anyOf/1/schema:actionProcess/schema:step/schema:result	http://schema.org/result	https://usgin.github.io/geochemBuildingBlocks/build/annotated/techniqueProtocols/tappDefinition/schema.yaml
/prov:wasGeneratedBy/prov:used/_anyOf/1/schema:actionProcess/schema:step/schema:object	http://schema.org/object	https://usgin.github.io/geochemBuildingBlocks/build/annotated/techniqueProtocols/tappDefinition/schema.yaml
/prov:wasGeneratedBy/prov:used/_anyOf/1/schema:actionProcess/schema:step/schema:additionalProperty	http://schema.org/additionalProperty	https://usgin.github.io/geochemBuildingBlocks/build/annotated/techniqueProtocols/tappDefinition/schema.yaml
/prov:wasGeneratedBy/prov:used/_anyOf/1/schema:actionProcess/schema:step/schema:additionalProperty/schema:name	http://schema.org/name	https://usgin.github.io/geochemBuildingBlocks/build/annotated/techniqueProtocols/tappDefinition/schema.yaml
/prov:wasGeneratedBy/prov:used/_anyOf/1/schema:actionProcess/schema:step/schema:additionalProperty/schema:valueName	http://schema.org/valueName	https://usgin.github.io/geochemBuildingBlocks/build/annotated/techniqueProtocols/tappDefinition/schema.yaml
/prov:wasGeneratedBy/prov:used/_anyOf/1/schema:actionProcess/schema:step/schema:additionalProperty/schema:description	http://schema.org/description	https://usgin.github.io/geochemBuildingBlocks/build/annotated/techniqueProtocols/tappDefinition/schema.yaml
/prov:wasGeneratedBy/prov:used/_anyOf/1/schema:actionProcess/schema:step/schema:additionalProperty/schema:propertyID	http://schema.org/propertyID	https://usgin.github.io/geochemBuildingBlocks/build/annotated/techniqueProtocols/tappDefinition/schema.yaml
/prov:wasGeneratedBy/prov:used/_anyOf/1/schema:actionProcess/schema:step/schema:additionalProperty/schema:inDefinedTermSet	http://schema.org/inDefinedTermSet	https://usgin.github.io/geochemBuildingBlocks/build/annotated/techniqueProtocols/tappDefinition/schema.yaml
/prov:wasGeneratedBy/prov:used/_anyOf/1/schema:actionProcess/schema:step/schema:additionalProperty/schema:inDefinedTermSet/_anyOf/3/schema:hasDefinedTerm	http://schema.org/hasDefinedTerm	https://usgin.github.io/geochemBuildingBlocks/build/annotated/techniqueProtocols/tappDefinition/schema.yaml
/prov:wasGeneratedBy/prov:used/_anyOf/1/schema:actionProcess/schema:step/schema:additionalProperty/schema:inDefinedTermSet/_anyOf/3/schema:hasDefinedTerm/schema:termCode	http://schema.org/termCode	https://usgin.github.io/geochemBuildingBlocks/build/annotated/techniqueProtocols/tappDefinition/schema.yaml
/prov:wasGeneratedBy/prov:used/_anyOf/1/schema:actionProcess/schema:step/schema:additionalProperty/schema:defaultValue	http://schema.org/defaultValue	https://usgin.github.io/geochemBuildingBlocks/build/annotated/techniqueProtocols/tappDefinition/schema.yaml
/prov:wasGeneratedBy/prov:used/_anyOf/1/schema:actionProcess/schema:step/schema:additionalProperty/schema:readonlyValue	http://schema.org/readonlyValue	https://usgin.github.io/geochemBuildingBlocks/build/annotated/techniqueProtocols/tappDefinition/schema.yaml
/prov:wasGeneratedBy/prov:used/_anyOf/1/schema:actionProcess/schema:step/schema:additionalProperty/schema:valueRequired	http://schema.org/valueRequired	https://usgin.github.io/geochemBuildingBlocks/build/annotated/techniqueProtocols/tappDefinition/schema.yaml
/prov:wasGeneratedBy/prov:used/_anyOf/1/schema:actionProcess/schema:step/schema:additionalProperty/schema:minValue	http://schema.org/minValue	https://usgin.github.io/geochemBuildingBlocks/build/annotated/techniqueProtocols/tappDefinition/schema.yaml
/prov:wasGeneratedBy/prov:used/_anyOf/1/schema:actionProcess/schema:step/schema:additionalProperty/schema:maxValue	http://schema.org/maxValue	https://usgin.github.io/geochemBuildingBlocks/build/annotated/techniqueProtocols/tappDefinition/schema.yaml
/prov:wasGeneratedBy/prov:used/_anyOf/1/schema:actionProcess/schema:step/schema:additionalProperty/schema:stepValue	http://schema.org/stepValue	https://usgin.github.io/geochemBuildingBlocks/build/annotated/techniqueProtocols/tappDefinition/schema.yaml
/prov:wasGeneratedBy/prov:used/_anyOf/1/schema:actionProcess/schema:step/schema:additionalProperty/schema:valuePattern	http://schema.org/valuePattern	https://usgin.github.io/geochemBuildingBlocks/build/annotated/techniqueProtocols/tappDefinition/schema.yaml
/prov:wasGeneratedBy/prov:used/_anyOf/1/schema:actionProcess/schema:step/schema:additionalProperty/schema:multipleValues	http://schema.org/multipleValues	https://usgin.github.io/geochemBuildingBlocks/build/annotated/techniqueProtocols/tappDefinition/schema.yaml
/prov:wasGeneratedBy/prov:used/_anyOf/1/schema:actionProcess/schema:step/schema:additionalProperty/ada:fieldScope	https://ada.astromat.org/metadata/fieldScope	https://usgin.github.io/geochemBuildingBlocks/build/annotated/techniqueProtocols/tappDefinition/schema.yaml
/prov:wasGeneratedBy/prov:used/_anyOf/1/schema:actionProcess/schema:step/schema:additionalProperty/ada:category	https://ada.astromat.org/metadata/category	https://usgin.github.io/geochemBuildingBlocks/build/annotated/techniqueProtocols/tappDefinition/schema.yaml
/prov:wasGeneratedBy/prov:used/_anyOf/1/schema:actionProcess/schema:step/schema:additionalProperty/ada:dataType	https://ada.astromat.org/metadata/dataType	https://usgin.github.io/geochemBuildingBlocks/build/annotated/techniqueProtocols/tappDefinition/schema.yaml
/prov:wasGeneratedBy/prov:used/_anyOf/1/schema:actionProcess/schema:step/schema:additionalProperty/schema:unitText	http://schema.org/unitText	https://usgin.github.io/geochemBuildingBlocks/build/annotated/techniqueProtocols/tappDefinition/schema.yaml
/prov:wasGeneratedBy/prov:used/_anyOf/1/schema:actionProcess/schema:step/schema:additionalProperty/schema:unitCode	http://schema.org/unitCode	https://usgin.github.io/geochemBuildingBlocks/build/annotated/techniqueProtocols/tappDefinition/schema.yaml
/prov:wasGeneratedBy/prov:used/_anyOf/1/schema:actionProcess/schema:step/schema:additionalProperty/ada:cdifPropertyPath	https://ada.astromat.org/metadata/cdifPropertyPath	https://usgin.github.io/geochemBuildingBlocks/build/annotated/techniqueProtocols/tappDefinition/schema.yaml
/prov:wasGeneratedBy/prov:used/_anyOf/1/schema:actionProcess/schema:step/schema:additionalProperty/ada:tier	https://ada.astromat.org/metadata/tier	https://usgin.github.io/geochemBuildingBlocks/build/annotated/techniqueProtocols/tappDefinition/schema.yaml
/prov:wasGeneratedBy/prov:used/_anyOf/1/schema:actionProcess/schema:step/schema:actionProcess	http://schema.org/actionProcess	https://usgin.github.io/geochemBuildingBlocks/build/annotated/techniqueProtocols/tappDefinition/schema.yaml
/prov:wasGeneratedBy/prov:used/_anyOf/1/schema:actionProcess/schema:step/dqv:hasQualityMeasurement	http://www.w3.org/ns/dqv#hasQualityMeasurement	https://usgin.github.io/geochemBuildingBlocks/build/annotated/techniqueProtocols/tappDefinition/schema.yaml
/prov:wasGeneratedBy/prov:used/_anyOf/1/schema:actionProcess/schema:step/dqv:hasQualityMeasurement/dqv:isMeasurementOf		https://cross-domain-interoperability-framework.github.io/metadataBuildingBlocks/build/annotated/bbr/metadata/qualityProperties/qualityMeasure/schema.yaml
/prov:wasGeneratedBy/prov:used/_anyOf/1/schema:actionProcess/schema:step/dqv:hasQualityMeasurement/dqv:value		https://cross-domain-interoperability-framework.github.io/metadataBuildingBlocks/build/annotated/bbr/metadata/qualityProperties/qualityMeasure/schema.yaml
/prov:wasGeneratedBy/prov:used/_anyOf/1/ada:methodParameters	https://ada.astromat.org/metadata/methodParameters	https://usgin.github.io/geochemBuildingBlocks/build/annotated/techniqueProtocols/tappDefinition/schema.yaml
/prov:wasGeneratedBy/prov:used/_anyOf/1/ada:analyteTemplate	https://ada.astromat.org/metadata/analyteTemplate	https://usgin.github.io/geochemBuildingBlocks/build/annotated/techniqueProtocols/tappDefinition/schema.yaml
/prov:wasGeneratedBy/prov:used/_anyOf/1/ada:analyteTemplate/ada:analyteColumns	https://ada.astromat.org/metadata/analyteColumns	https://usgin.github.io/geochemBuildingBlocks/build/annotated/techniqueProtocols/tappDefinition/schema.yaml
/prov:wasGeneratedBy/prov:used/_anyOf/1/ada:analyteTemplate/ada:analyteColumns/schema:name	http://schema.org/name	https://usgin.github.io/geochemBuildingBlocks/build/annotated/techniqueProtocols/tappDefinition/schema.yaml
/prov:wasGeneratedBy/prov:used/_anyOf/1/ada:analyteTemplate/ada:analyteColumns/schema:valueName	http://schema.org/valueName	https://usgin.github.io/geochemBuildingBlocks/build/annotated/techniqueProtocols/tappDefinition/schema.yaml
/prov:wasGeneratedBy/prov:used/_anyOf/1/ada:analyteTemplate/ada:analyteColumns/schema:description	http://schema.org/description	https://usgin.github.io/geochemBuildingBlocks/build/annotated/techniqueProtocols/tappDefinition/schema.yaml
/prov:wasGeneratedBy/prov:used/_anyOf/1/ada:analyteTemplate/ada:analyteColumns/schema:propertyID	http://schema.org/propertyID	https://usgin.github.io/geochemBuildingBlocks/build/annotated/techniqueProtocols/tappDefinition/schema.yaml
/prov:wasGeneratedBy/prov:used/_anyOf/1/ada:analyteTemplate/ada:analyteColumns/schema:inDefinedTermSet	http://schema.org/inDefinedTermSet	https://usgin.github.io/geochemBuildingBlocks/build/annotated/techniqueProtocols/tappDefinition/schema.yaml
/prov:wasGeneratedBy/prov:used/_anyOf/1/ada:analyteTemplate/ada:analyteColumns/schema:inDefinedTermSet/_anyOf/3/schema:hasDefinedTerm	http://schema.org/hasDefinedTerm	https://usgin.github.io/geochemBuildingBlocks/build/annotated/techniqueProtocols/tappDefinition/schema.yaml
/prov:wasGeneratedBy/prov:used/_anyOf/1/ada:analyteTemplate/ada:analyteColumns/schema:inDefinedTermSet/_anyOf/3/schema:hasDefinedTerm/schema:termCode	http://schema.org/termCode	https://usgin.github.io/geochemBuildingBlocks/build/annotated/techniqueProtocols/tappDefinition/schema.yaml
/prov:wasGeneratedBy/prov:used/_anyOf/1/ada:analyteTemplate/ada:analyteColumns/schema:defaultValue	http://schema.org/defaultValue	https://usgin.github.io/geochemBuildingBlocks/build/annotated/techniqueProtocols/tappDefinition/schema.yaml
/prov:wasGeneratedBy/prov:used/_anyOf/1/ada:analyteTemplate/ada:analyteColumns/schema:readonlyValue	http://schema.org/readonlyValue	https://usgin.github.io/geochemBuildingBlocks/build/annotated/techniqueProtocols/tappDefinition/schema.yaml
/prov:wasGeneratedBy/prov:used/_anyOf/1/ada:analyteTemplate/ada:analyteColumns/schema:valueRequired	http://schema.org/valueRequired	https://usgin.github.io/geochemBuildingBlocks/build/annotated/techniqueProtocols/tappDefinition/schema.yaml
/prov:wasGeneratedBy/prov:used/_anyOf/1/ada:analyteTemplate/ada:analyteColumns/schema:minValue	http://schema.org/minValue	https://usgin.github.io/geochemBuildingBlocks/build/annotated/techniqueProtocols/tappDefinition/schema.yaml
/prov:wasGeneratedBy/prov:used/_anyOf/1/ada:analyteTemplate/ada:analyteColumns/schema:maxValue	http://schema.org/maxValue	https://usgin.github.io/geochemBuildingBlocks/build/annotated/techniqueProtocols/tappDefinition/schema.yaml
/prov:wasGeneratedBy/prov:used/_anyOf/1/ada:analyteTemplate/ada:analyteColumns/schema:valuePattern	http://schema.org/valuePattern	https://usgin.github.io/geochemBuildingBlocks/build/annotated/techniqueProtocols/tappDefinition/schema.yaml
/prov:wasGeneratedBy/prov:used/_anyOf/1/ada:analyteTemplate/ada:analyteColumns/ada:dataType	https://ada.astromat.org/metadata/dataType	https://usgin.github.io/geochemBuildingBlocks/build/annotated/techniqueProtocols/tappDefinition/schema.yaml
/prov:wasGeneratedBy/prov:used/_anyOf/1/ada:analyteTemplate/ada:analyteColumns/schema:unitText	http://schema.org/unitText	https://usgin.github.io/geochemBuildingBlocks/build/annotated/techniqueProtocols/tappDefinition/schema.yaml
/prov:wasGeneratedBy/prov:used/_anyOf/1/ada:analyteTemplate/ada:analyteColumns/ada:tier	https://ada.astromat.org/metadata/tier	https://usgin.github.io/geochemBuildingBlocks/build/annotated/techniqueProtocols/tappDefinition/schema.yaml
/prov:wasGeneratedBy/prov:used/_anyOf/1/ada:analyteTemplate/ada:analyteColumns/ada:cdifPropertyPath	https://ada.astromat.org/metadata/cdifPropertyPath	https://usgin.github.io/geochemBuildingBlocks/build/annotated/techniqueProtocols/tappDefinition/schema.yaml
/prov:wasGeneratedBy/prov:used/_anyOf/1/ada:analyteTemplate/ada:defaultAnalytes	https://ada.astromat.org/metadata/defaultAnalytes	https://usgin.github.io/geochemBuildingBlocks/build/annotated/techniqueProtocols/tappDefinition/schema.yaml
/prov:wasGeneratedBy/prov:used/_anyOf/1/dqv:hasQualityMeasurement	http://www.w3.org/ns/dqv#hasQualityMeasurement	https://usgin.github.io/geochemBuildingBlocks/build/annotated/techniqueProtocols/tappDefinition/schema.yaml
/prov:wasGeneratedBy/prov:used/_anyOf/1/schema:relatedLink	http://schema.org/relatedLink	https://usgin.github.io/geochemBuildingBlocks/build/annotated/techniqueProtocols/tappDefinition/schema.yaml
/prov:wasGeneratedBy/prov:used/_anyOf/1/schema:funding	http://schema.org/funding	https://usgin.github.io/geochemBuildingBlocks/build/annotated/techniqueProtocols/tappDefinition/schema.yaml
/prov:wasGeneratedBy/schema:object/schema:additionalType	http://schema.org/additionalType	https://usgin.github.io/geochemBuildingBlocks/build/annotated/profiles/adaProfiles/adaProduct/schema.yaml
/prov:wasGeneratedBy/schema:object/schema:identifier	http://schema.org/identifier	https://usgin.github.io/geochemBuildingBlocks/build/annotated/profiles/adaProfiles/adaProduct/schema.yaml
/prov:wasGeneratedBy/schema:startDate	http://schema.org/startDate	https://usgin.github.io/geochemBuildingBlocks/build/annotated/profiles/adaProfiles/adaProduct/schema.yaml
/schema:variableMeasured/schema:description	http://schema.org/description	https://usgin.github.io/geochemBuildingBlocks/build/annotated/profiles/adaProfiles/adaProduct/schema.yaml
/schema:variableMeasured/schema:alternateName	http://schema.org/alternateName	https://usgin.github.io/geochemBuildingBlocks/build/annotated/profiles/adaProfiles/adaProduct/schema.yaml
/schema:variableMeasured/schema:measurementTechnique	http://schema.org/measurementTechnique	https://usgin.github.io/geochemBuildingBlocks/build/annotated/profiles/adaProfiles/adaProduct/schema.yaml
/schema:variableMeasured/schema:measurementTechnique/_anyOf/2/schema:name	http://schema.org/name	https://usgin.github.io/geochemBuildingBlocks/build/annotated/profiles/adaProfiles/adaProduct/schema.yaml
/schema:variableMeasured/schema:unitText	http://schema.org/unitText	https://usgin.github.io/geochemBuildingBlocks/build/annotated/profiles/adaProfiles/adaProduct/schema.yaml
/schema:variableMeasured/schema:unitCode	http://schema.org/unitCode	https://usgin.github.io/geochemBuildingBlocks/build/annotated/profiles/adaProfiles/adaProduct/schema.yaml
/schema:variableMeasured/schema:unitCode/_anyOf/2/schema:name	http://schema.org/name	https://usgin.github.io/geochemBuildingBlocks/build/annotated/profiles/adaProfiles/adaProduct/schema.yaml
/schema:variableMeasured/schema:minValue	http://schema.org/minValue	https://usgin.github.io/geochemBuildingBlocks/build/annotated/profiles/adaProfiles/adaProduct/schema.yaml
/schema:variableMeasured/schema:maxValue	http://schema.org/maxValue	https://usgin.github.io/geochemBuildingBlocks/build/annotated/profiles/adaProfiles/adaProduct/schema.yaml
/schema:variableMeasured/schema:url	http://schema.org/url	https://usgin.github.io/geochemBuildingBlocks/build/annotated/profiles/adaProfiles/adaProduct/schema.yaml
/schema:spatialCoverage	http://schema.org/spatialCoverage	https://usgin.github.io/geochemBuildingBlocks/build/annotated/profiles/adaProfiles/adaProduct/schema.yaml
/schema:temporalCoverage	http://schema.org/temporalCoverage	https://usgin.github.io/geochemBuildingBlocks/build/annotated/profiles/adaProfiles/adaProduct/schema.yaml
/schema:temporalCoverage/_anyOf/0/schema:description	http://schema.org/description	https://cross-domain-interoperability-framework.github.io/metadataBuildingBlocks/build/annotated/bbr/metadata/schemaorgProperties/temporalExtent/schema.yaml
/schema:temporalCoverage/_anyOf/0/time:intervalStartedBy	http://www.w3.org/2006/time#intervalStartedBy	https://cross-domain-interoperability-framework.github.io/metadataBuildingBlocks/build/annotated/bbr/metadata/schemaorgProperties/temporalExtent/schema.yaml
/schema:temporalCoverage/_anyOf/0/time:intervalFinishedBy	http://www.w3.org/2006/time#intervalFinishedBy	https://cross-domain-interoperability-framework.github.io/metadataBuildingBlocks/build/annotated/bbr/metadata/schemaorgProperties/temporalExtent/schema.yaml
/schema:temporalCoverage/_anyOf/1/schema:description	http://schema.org/description	https://cross-domain-interoperability-framework.github.io/metadataBuildingBlocks/build/annotated/bbr/metadata/schemaorgProperties/temporalExtent/schema.yaml
/schema:temporalCoverage/_anyOf/1/time:hasBeginning	http://www.w3.org/2006/time#hasBeginning	https://cross-domain-interoperability-framework.github.io/metadataBuildingBlocks/build/annotated/bbr/metadata/schemaorgProperties/temporalExtent/schema.yaml
/schema:temporalCoverage/_anyOf/1/time:hasBeginning/time:inTimePosition	http://www.w3.org/2006/time#inTimePosition	https://cross-domain-interoperability-framework.github.io/metadataBuildingBlocks/build/annotated/bbr/metadata/schemaorgProperties/temporalExtent/schema.yaml
/schema:temporalCoverage/_anyOf/1/time:hasBeginning/time:inTimePosition/time:hasTRS	http://www.w3.org/2006/time#hasTRS	https://cross-domain-interoperability-framework.github.io/metadataBuildingBlocks/build/annotated/bbr/metadata/schemaorgProperties/temporalExtent/schema.yaml
/schema:temporalCoverage/_anyOf/1/time:hasBeginning/time:inTimePosition/time:numericPosition	http://www.w3.org/2006/time#numericPosition	https://cross-domain-interoperability-framework.github.io/metadataBuildingBlocks/build/annotated/bbr/metadata/schemaorgProperties/temporalExtent/schema.yaml
/schema:temporalCoverage/_anyOf/1/time:hasEnd	http://www.w3.org/2006/time#hasEnd	https://cross-domain-interoperability-framework.github.io/metadataBuildingBlocks/build/annotated/bbr/metadata/schemaorgProperties/temporalExtent/schema.yaml
/schema:temporalCoverage/_anyOf/1/time:hasEnd/time:inTimePosition	http://www.w3.org/2006/time#inTimePosition	https://cross-domain-interoperability-framework.github.io/metadataBuildingBlocks/build/annotated/bbr/metadata/schemaorgProperties/temporalExtent/schema.yaml
/dqv:hasQualityMeasurement		https://usgin.github.io/geochemBuildingBlocks/build/annotated/profiles/adaProfiles/adaProduct/schema.yaml
/schema:distribution/schema:hasPart/schema:additionalType	http://schema.org/additionalType	https://usgin.github.io/geochemBuildingBlocks/build/annotated/geochemProperties/files/schema.yaml
/schema:distribution/schema:hasPart/ada:resultTarget	https://ada.astromat.org/metadata/resultTarget	https://usgin.github.io/geochemBuildingBlocks/build/annotated/geochemProperties/files/schema.yaml
/schema:distribution/schema:hasPart/schema:relatedLink	http://schema.org/relatedLink	https://usgin.github.io/geochemBuildingBlocks/build/annotated/geochemProperties/files/schema.yaml
/schema:distribution/schema:hasPart/schema:relatedLink/schema:linkRelationship	http://schema.org/linkRelationship	https://usgin.github.io/geochemBuildingBlocks/build/annotated/geochemProperties/files/schema.yaml
/schema:distribution/schema:hasPart/schema:relatedLink/schema:target	http://schema.org/target	https://usgin.github.io/geochemBuildingBlocks/build/annotated/geochemProperties/files/schema.yaml
/schema:distribution/schema:hasPart/schema:relatedLink/schema:target/schema:encodingFormat	http://schema.org/encodingFormat	https://usgin.github.io/geochemBuildingBlocks/build/annotated/geochemProperties/files/schema.yaml
/schema:distribution/schema:hasPart/schema:relatedLink/schema:target/schema:name	http://schema.org/name	https://usgin.github.io/geochemBuildingBlocks/build/annotated/geochemProperties/files/schema.yaml
/schema:distribution/schema:hasPart/schema:relatedLink/schema:target/schema:url	http://schema.org/url	https://usgin.github.io/geochemBuildingBlocks/build/annotated/geochemProperties/files/schema.yaml
/schema:distribution/schema:hasPart/_anyOf/0/ada:acquisitionTime	https://ada.astromat.org/metadata/acquisitionTime	https://usgin.github.io/geochemBuildingBlocks/build/annotated/geochemProperties/image/schema.yaml
/schema:distribution/schema:hasPart/_anyOf/0/ada:componentType	https://ada.astromat.org/metadata/componentType	https://usgin.github.io/geochemBuildingBlocks/build/annotated/profiles/adaProfiles/adaProduct/schema.yaml
/schema:distribution/schema:hasPart/_anyOf/0/ada:channel1	https://ada.astromat.org/metadata/channel1	https://usgin.github.io/geochemBuildingBlocks/build/annotated/geochemProperties/image/schema.yaml
/schema:distribution/schema:hasPart/_anyOf/0/ada:channel2	https://ada.astromat.org/metadata/channel2	https://usgin.github.io/geochemBuildingBlocks/build/annotated/geochemProperties/image/schema.yaml
/schema:distribution/schema:hasPart/_anyOf/0/ada:channel3	https://ada.astromat.org/metadata/channel3	https://usgin.github.io/geochemBuildingBlocks/build/annotated/geochemProperties/image/schema.yaml
/schema:distribution/schema:hasPart/_anyOf/0/ada:pixelSize	https://ada.astromat.org/metadata/pixelSize	https://usgin.github.io/geochemBuildingBlocks/build/annotated/geochemProperties/image/schema.yaml
/schema:distribution/schema:hasPart/_anyOf/0/ada:illuminationType	https://ada.astromat.org/metadata/illuminationType	https://usgin.github.io/geochemBuildingBlocks/build/annotated/geochemProperties/image/schema.yaml
/schema:distribution/schema:hasPart/_anyOf/0/ada:imageType	https://ada.astromat.org/metadata/imageType	https://usgin.github.io/geochemBuildingBlocks/build/annotated/geochemProperties/image/schema.yaml
/schema:distribution/schema:hasPart/_anyOf/1/ada:acquisitionTime	https://ada.astromat.org/metadata/acquisitionTime	https://usgin.github.io/geochemBuildingBlocks/build/annotated/geochemProperties/imageMap/schema.yaml
/schema:distribution/schema:hasPart/_anyOf/1/ada:componentType	https://ada.astromat.org/metadata/componentType	https://usgin.github.io/geochemBuildingBlocks/build/annotated/geochemProperties/imageMap/schema.yaml
/schema:distribution/schema:hasPart/_anyOf/1/ada:channel1	https://ada.astromat.org/metadata/channel1	https://usgin.github.io/geochemBuildingBlocks/build/annotated/geochemProperties/imageMap/schema.yaml
/schema:distribution/schema:hasPart/_anyOf/1/ada:channel2	https://ada.astromat.org/metadata/channel2	https://usgin.github.io/geochemBuildingBlocks/build/annotated/geochemProperties/imageMap/schema.yaml
/schema:distribution/schema:hasPart/_anyOf/1/ada:channel3	https://ada.astromat.org/metadata/channel3	https://usgin.github.io/geochemBuildingBlocks/build/annotated/geochemProperties/imageMap/schema.yaml
/schema:distribution/schema:hasPart/_anyOf/1/ada:illuminationType	https://ada.astromat.org/metadata/illuminationType	https://usgin.github.io/geochemBuildingBlocks/build/annotated/geochemProperties/imageMap/schema.yaml
/schema:distribution/schema:hasPart/_anyOf/1/ada:imageType	https://ada.astromat.org/metadata/imageType	https://usgin.github.io/geochemBuildingBlocks/build/annotated/geochemProperties/imageMap/schema.yaml
/schema:distribution/schema:hasPart/_anyOf/1/ada:numPixelsX	https://ada.astromat.org/metadata/numPixelsX	https://usgin.github.io/geochemBuildingBlocks/build/annotated/geochemProperties/imageMap/schema.yaml
/schema:distribution/schema:hasPart/_anyOf/1/ada:numPixelsY	https://ada.astromat.org/metadata/numPixelsY	https://usgin.github.io/geochemBuildingBlocks/build/annotated/geochemProperties/imageMap/schema.yaml
/schema:distribution/schema:hasPart/_anyOf/1/ada:spatialRegistration	https://ada.astromat.org/metadata/spatialRegistration	https://usgin.github.io/geochemBuildingBlocks/build/annotated/geochemProperties/imageMap/schema.yaml
/schema:distribution/schema:hasPart/_anyOf/1/ada:spatialRegistration/ada:basemap	https://ada.astromat.org/metadata/basemap	https://usgin.github.io/geochemBuildingBlocks/build/annotated/geochemProperties/spatialRegistration/schema.yaml
/schema:distribution/schema:hasPart/_anyOf/1/ada:spatialRegistration/ada:originX	https://ada.astromat.org/metadata/originX	https://usgin.github.io/geochemBuildingBlocks/build/annotated/geochemProperties/spatialRegistration/schema.yaml
/schema:distribution/schema:hasPart/_anyOf/1/ada:spatialRegistration/ada:originY	https://ada.astromat.org/metadata/originY	https://usgin.github.io/geochemBuildingBlocks/build/annotated/geochemProperties/spatialRegistration/schema.yaml
/schema:distribution/schema:hasPart/_anyOf/1/ada:spatialRegistration/ada:originZ	https://ada.astromat.org/metadata/originZ	https://usgin.github.io/geochemBuildingBlocks/build/annotated/geochemProperties/spatialRegistration/schema.yaml
/schema:distribution/schema:hasPart/_anyOf/1/ada:spatialRegistration/ada:coordDef	https://ada.astromat.org/metadata/coordDef	https://usgin.github.io/geochemBuildingBlocks/build/annotated/geochemProperties/spatialRegistration/schema.yaml
/schema:distribution/schema:hasPart/_anyOf/1/ada:spatialRegistration/ada:coordUnits	https://ada.astromat.org/metadata/coordUnits	https://usgin.github.io/geochemBuildingBlocks/build/annotated/geochemProperties/spatialRegistration/schema.yaml
/schema:distribution/schema:hasPart/_anyOf/1/ada:spatialRegistration/ada:pixelUnits	https://ada.astromat.org/metadata/pixelUnits	https://usgin.github.io/geochemBuildingBlocks/build/annotated/geochemProperties/spatialRegistration/schema.yaml
/schema:distribution/schema:hasPart/_anyOf/1/ada:spatialRegistration/ada:pixelScaleX	https://ada.astromat.org/metadata/pixelScaleX	https://usgin.github.io/geochemBuildingBlocks/build/annotated/geochemProperties/spatialRegistration/schema.yaml
/schema:distribution/schema:hasPart/_anyOf/1/ada:spatialRegistration/ada:pixelScaleY	https://ada.astromat.org/metadata/pixelScaleY	https://usgin.github.io/geochemBuildingBlocks/build/annotated/geochemProperties/spatialRegistration/schema.yaml
/schema:distribution/schema:hasPart/_anyOf/1/ada:spatialRegistration/ada:originLocation	https://ada.astromat.org/metadata/originLocation	https://usgin.github.io/geochemBuildingBlocks/build/annotated/geochemProperties/spatialRegistration/schema.yaml
/schema:distribution/schema:hasPart/_anyOf/2/ada:componentType	https://ada.astromat.org/metadata/componentType	https://usgin.github.io/geochemBuildingBlocks/build/annotated/geochemProperties/tabularData/schema.yaml
/schema:distribution/schema:hasPart/_anyOf/2/ada:xCoordCol	https://ada.astromat.org/metadata/xCoordCol	https://usgin.github.io/geochemBuildingBlocks/build/annotated/geochemProperties/tabularData/schema.yaml
/schema:distribution/schema:hasPart/_anyOf/2/ada:yCoordCol	https://ada.astromat.org/metadata/yCoordCol	https://usgin.github.io/geochemBuildingBlocks/build/annotated/geochemProperties/tabularData/schema.yaml
/schema:distribution/schema:hasPart/_anyOf/2/ada:zCoordCol	https://ada.astromat.org/metadata/zCoordCol	https://usgin.github.io/geochemBuildingBlocks/build/annotated/geochemProperties/tabularData/schema.yaml
/schema:distribution/schema:hasPart/_anyOf/2/ada:coordUnits	https://ada.astromat.org/metadata/coordUnits	https://usgin.github.io/geochemBuildingBlocks/build/annotated/geochemProperties/tabularData/schema.yaml
/schema:distribution/schema:hasPart/_anyOf/2/ada:spatialRegistration	https://ada.astromat.org/metadata/spatialRegistration	https://usgin.github.io/geochemBuildingBlocks/build/annotated/geochemProperties/tabularData/schema.yaml
/schema:distribution/schema:hasPart/_anyOf/3/ada:componentType	https://ada.astromat.org/metadata/componentType	https://usgin.github.io/geochemBuildingBlocks/build/annotated/geochemProperties/collection/schema.yaml
/schema:distribution/schema:hasPart/_anyOf/3/ada:memberTypes	https://ada.astromat.org/metadata/memberTypes	https://usgin.github.io/geochemBuildingBlocks/build/annotated/geochemProperties/collection/schema.yaml
/schema:distribution/schema:hasPart/_anyOf/3/ada:nFiles	https://ada.astromat.org/metadata/nFiles	https://usgin.github.io/geochemBuildingBlocks/build/annotated/geochemProperties/collection/schema.yaml
/schema:distribution/schema:hasPart/_anyOf/3/ada:filelist	https://ada.astromat.org/metadata/filelist	https://usgin.github.io/geochemBuildingBlocks/build/annotated/geochemProperties/collection/schema.yaml
/schema:distribution/schema:hasPart/_anyOf/3/ada:filelist/ada:fileName	https://ada.astromat.org/metadata/fileName	https://usgin.github.io/geochemBuildingBlocks/build/annotated/geochemProperties/collection/schema.yaml
/schema:distribution/schema:hasPart/_anyOf/3/ada:filelist/ada:fileNamePattern	https://ada.astromat.org/metadata/fileNamePattern	https://usgin.github.io/geochemBuildingBlocks/build/annotated/geochemProperties/collection/schema.yaml
/schema:distribution/schema:hasPart/_anyOf/3/ada:filelist/ada:componentType	https://ada.astromat.org/metadata/componentType	https://usgin.github.io/geochemBuildingBlocks/build/annotated/geochemProperties/collection/schema.yaml
/schema:distribution/schema:hasPart/_anyOf/3/ada:filelist/schema:encodingFormat	http://schema.org/encodingFormat	https://usgin.github.io/geochemBuildingBlocks/build/annotated/geochemProperties/collection/schema.yaml
/schema:distribution/schema:hasPart/_anyOf/4/ada:componentType	https://ada.astromat.org/metadata/componentType	https://usgin.github.io/geochemBuildingBlocks/build/annotated/geochemProperties/dataCube/schema.yaml
/schema:distribution/schema:hasPart/_anyOf/4/ada:dataComponentResource	https://ada.astromat.org/metadata/dataComponentResource	https://usgin.github.io/geochemBuildingBlocks/build/annotated/geochemProperties/dataCube/schema.yaml
/schema:distribution/schema:hasPart/_anyOf/5/ada:componentType	https://ada.astromat.org/metadata/componentType	https://usgin.github.io/geochemBuildingBlocks/build/annotated/geochemProperties/document/schema.yaml
/schema:distribution/schema:hasPart/_anyOf/5/schema:version	http://schema.org/version	https://usgin.github.io/geochemBuildingBlocks/build/annotated/geochemProperties/document/schema.yaml
/schema:distribution/schema:hasPart/_anyOf/5/schema:isBasedOn	http://schema.org/isBasedOn	https://usgin.github.io/geochemBuildingBlocks/build/annotated/geochemProperties/document/schema.yaml
/schema:distribution/schema:hasPart/_anyOf/6/ada:componentType	https://ada.astromat.org/metadata/componentType	https://usgin.github.io/geochemBuildingBlocks/build/annotated/geochemProperties/supDocImage/schema.yaml
/schema:distribution/schema:hasPart/_anyOf/6/ada:numPixelsX	https://ada.astromat.org/metadata/numPixelsX	https://usgin.github.io/geochemBuildingBlocks/build/annotated/geochemProperties/supDocImage/schema.yaml
/schema:distribution/schema:hasPart/_anyOf/6/ada:numPixelsY	https://ada.astromat.org/metadata/numPixelsY	https://usgin.github.io/geochemBuildingBlocks/build/annotated/geochemProperties/supDocImage/schema.yaml
/schema:distribution/schema:hasPart/_anyOf/6/schema:isBasedOn	http://schema.org/isBasedOn	https://usgin.github.io/geochemBuildingBlocks/build/annotated/geochemProperties/supDocImage/schema.yaml
/schema:distribution/schema:hasPart/_anyOf/7/ada:componentType	https://ada.astromat.org/metadata/componentType	https://usgin.github.io/geochemBuildingBlocks/build/annotated/geochemProperties/otherFile/schema.yaml
/schema:distribution/schema:hasPart/_anyOf/7/schema:encodingFormat	http://schema.org/encodingFormat	https://usgin.github.io/geochemBuildingBlocks/build/annotated/geochemProperties/otherFile/schema.yaml
/schema:distribution/schema:hasPart/_anyOf/7/ada:formatDescription	https://ada.astromat.org/metadata/formatDescription	https://usgin.github.io/geochemBuildingBlocks/build/annotated/geochemProperties/otherFile/schema.yaml
/schema:distribution/schema:hasPart/ada:componentType		https://usgin.github.io/geochemBuildingBlocks/build/annotated/profiles/adaProfiles/adaProduct/schema.yaml
